Date,Open,High,Low,Close,Adj Close,Volume
1998-07-22,20.962999,21.303801,20.962999,21.286800,10.997581,24300
1998-07-23,21.303801,21.474300,21.218599,21.218599,10.962344,15000
1998-07-24,21.133400,21.133400,21.133400,21.133400,10.918327,6000
1998-07-27,20.323900,21.133400,19.599501,19.599501,10.125856,12600
1998-07-28,20.451700,20.622101,20.451700,20.622101,10.654170,34500
1998-07-29,20.281200,20.281200,19.974501,20.281200,10.478049,5700
1998-07-30,19.983000,19.983000,19.599501,19.855200,10.257961,3300
1998-07-31,null,null,null,null,null,null
1998-08-03,null,null,null,null,null,null
1998-08-04,18.917801,18.917801,18.917801,18.917801,9.773665,3600
1998-08-05,18.184900,18.406500,18.184900,18.406500,9.509504,2400
1998-08-06,19.088200,19.088200,18.917801,18.917801,9.773665,6000
1998-08-07,18.576900,18.576900,18.576900,18.917801,9.773665,3000
1998-08-10,18.747400,18.747400,18.747400,18.747400,9.685630,1500
1998-08-11,18.406500,18.423500,18.065701,18.065701,9.333436,7200
1998-08-12,18.406500,18.432100,18.321301,18.432100,9.522733,4500
1998-08-13,18.576900,18.576900,18.236099,18.236099,9.421470,6300
1998-08-14,18.576900,18.747400,18.576900,18.747400,9.685630,2100
1998-08-17,18.406500,18.747400,18.406500,18.747400,9.685630,4500
1998-08-18,18.747400,18.747400,18.662100,18.662100,9.641560,1800
1998-08-19,18.824100,18.824100,18.824100,18.824100,9.725255,600
1998-08-20,18.917801,18.917801,18.576900,18.576900,9.597545,30600
1998-08-21,18.491699,18.491699,18.236099,18.491699,9.553524,7500
1998-08-24,17.980400,18.065701,17.980400,17.980400,9.289364,8700
1998-08-25,17.724800,17.912300,17.554300,17.554300,9.069226,15300
1998-08-26,17.383900,17.383900,17.383900,17.383900,8.981193,1500
1998-08-27,16.872601,16.872601,16.872601,16.872601,8.717034,3000
1998-08-28,17.043100,17.043100,17.043100,16.872601,8.717034,1500
1998-08-31,16.020500,16.361300,16.020500,16.361300,8.452879,3600
1998-09-01,16.361300,16.361300,16.020500,16.208000,8.373676,4200
1998-09-02,16.446600,16.446600,16.361300,16.446600,8.496946,3300
1998-09-03,15.764800,15.764800,15.679600,15.679600,8.100684,6900
1998-09-04,null,null,null,null,null,null
1998-09-07,null,null,null,null,null,null
1998-09-08,17.213499,17.213499,17.043100,17.043100,8.805120,3600
1998-09-09,17.383900,17.383900,17.383900,17.383900,8.981193,1800
1998-09-10,16.531799,17.213499,16.531799,17.213499,8.893155,1800
1998-09-11,16.787399,16.787399,16.787399,17.213499,8.893155,300
1998-09-14,17.895201,18.236099,17.895201,18.065701,9.333436,8100
1998-09-15,17.724800,17.895201,17.554300,17.554300,9.069226,26400
1998-09-16,17.213499,17.213499,17.213499,17.213499,8.893155,900
1998-09-17,16.906700,17.009001,16.906700,16.991899,8.778668,3900
1998-09-18,16.361300,16.361300,16.361300,16.991899,8.778668,300
1998-09-21,16.225000,16.225000,15.850000,15.850000,8.188720,4200
1998-09-22,16.310200,16.310200,16.190901,16.190901,8.364843,3900
1998-09-23,15.679600,15.850000,15.679600,15.850000,8.188720,4500
1998-09-24,15.935300,16.190901,15.850000,16.020500,8.276808,12300
1998-09-25,15.850000,15.850000,15.850000,16.020500,8.276808,3000
1998-09-28,null,null,null,null,null,null
1998-09-29,16.702200,16.872601,16.361300,16.361300,8.452879,8100
1998-09-30,16.190901,16.190901,15.969300,16.020500,8.276808,11100
1998-10-01,15.424000,15.424000,15.338800,15.338800,7.924617,5100
1998-10-02,15.509200,15.509200,14.827500,14.827500,7.660457,12000
1998-10-05,14.827500,14.980900,14.827500,14.980900,7.739710,3000
1998-10-06,15.645500,15.645500,15.509200,15.594400,8.056670,3300
1998-10-07,15.168300,15.168300,15.168300,15.168300,7.836526,900
1998-10-08,null,null,null,null,null,null
1998-10-09,15.168300,15.168300,14.997900,14.997900,7.748493,6000
1998-10-12,15.304700,15.304700,15.304700,15.304700,7.906997,900
1998-10-13,15.424000,16.190901,15.424000,16.190901,8.364843,1365
1998-10-14,16.190901,16.190901,16.139799,16.190901,8.364843,4050
1998-10-15,16.719200,17.111200,16.719200,17.043100,8.805120,6000
1998-10-16,17.383900,17.383900,16.361300,16.378401,8.461713,5700
1998-10-19,16.702200,16.702200,16.617001,16.617001,8.584983,2700
1998-10-20,17.043100,17.554300,17.043100,17.554300,9.069226,3930
1998-10-21,17.043100,17.298700,17.009001,17.298700,8.937174,12540
1998-10-22,17.298700,17.554300,16.531799,16.957800,8.761053,18960
1998-10-23,17.043100,17.554300,16.361300,17.554300,9.069226,30600
1998-10-26,16.872601,17.554300,16.872601,17.213499,8.893155,14100
1998-10-27,17.213499,17.383900,17.043100,17.298700,8.937174,11859
1998-10-28,17.213499,17.383900,16.702200,16.702200,8.628999,9000
1998-10-29,17.043100,17.554300,17.043100,17.043100,8.805120,2400
1998-10-30,17.043100,17.043100,17.043100,17.043100,8.805120,600
1998-11-02,16.753300,17.554300,16.753300,17.469101,9.025209,3300
1998-11-03,17.213499,17.213499,17.128300,17.469101,9.025209,8700
1998-11-04,17.213499,17.895201,17.213499,17.895201,9.245348,10650
1998-11-05,17.895201,18.065701,17.895201,17.895201,9.245348,10770
1998-11-06,18.236099,18.662100,18.236099,17.895201,9.245348,6435
1998-11-09,18.662100,18.662100,17.724800,17.724800,9.157314,2538
1998-11-10,17.588400,17.588400,17.417999,17.417999,8.998808,25200
1998-11-11,17.724800,18.236099,17.724800,18.219000,9.412637,2790
1998-11-12,18.227600,18.227600,17.895201,17.895201,9.245348,900
1998-11-13,18.014500,18.014500,17.426500,17.426500,9.003201,7500
1998-11-16,17.895201,17.895201,17.383900,17.383900,8.981193,14520
1998-11-17,17.724800,17.980400,17.469101,17.554300,9.069226,15600
1998-11-18,17.639601,17.724800,17.469101,17.724800,9.157314,27600
1998-11-19,17.554300,17.554300,17.213499,17.256100,8.915166,42000
1998-11-20,17.383900,17.511700,17.213499,17.383900,8.981193,61434
1998-11-23,17.469101,17.639601,17.469101,17.383900,8.981193,48930
1998-11-24,17.673700,18.236099,17.673700,17.554300,9.069226,44085
1998-11-25,18.065701,18.202000,17.775900,18.031601,9.315821,16596
1998-11-26,18.372400,18.372400,17.213499,17.213499,8.893155,38706
1998-11-27,17.383900,18.065701,17.383900,18.065701,9.333436,17250
1998-11-30,17.980400,19.088200,17.724800,18.747400,9.685630,39975
1998-12-01,18.917801,18.917801,18.406500,18.747400,9.685630,52800
1998-12-02,18.832600,19.599501,17.809999,17.895201,9.245348,39450
1998-12-03,18.236099,19.599501,18.150900,19.258699,9.949787,38790
1998-12-04,19.599501,21.559500,19.514299,21.133400,10.918327,200712
1998-12-07,20.451700,21.286800,19.258699,20.110800,10.390014,13350
1998-12-08,19.258699,20.792500,19.258699,20.110800,10.390014,158019
1998-12-09,20.110800,20.707300,19.599501,20.195999,10.434031,127311
1998-12-10,20.110800,20.110800,19.599501,19.940399,10.301976,16800
1998-12-11,19.429100,20.451700,19.429100,19.940399,10.301976,22200
1998-12-14,19.770000,19.770000,18.917801,19.173401,9.905720,27579
1998-12-15,19.429100,19.770000,19.088200,19.599501,10.125856,13212
1998-12-16,19.258699,20.502800,19.258699,20.502800,10.592533,42921
1998-12-17,19.940399,20.281200,19.940399,20.110800,10.390014,18006
1998-12-18,20.110800,20.366501,19.292700,20.110800,10.390014,22650
1998-12-21,20.451700,20.792500,20.281200,20.792500,10.742205,7950
1998-12-22,20.519800,20.596500,20.110800,20.110800,10.390014,42900
1998-12-23,19.659201,20.144899,19.659201,20.110800,10.390014,5340
1998-12-24,null,null,null,null,null,null
1998-12-25,null,null,null,null,null,null
1998-12-28,20.161900,20.195999,19.770000,19.770000,10.213943,8220
1998-12-29,19.770000,20.110800,19.599501,20.110800,10.390014,9237
1998-12-30,19.770000,20.281200,19.258699,19.258699,9.949787,4800
1998-12-31,null,null,null,null,null,null
1999-01-01,null,null,null,null,null,null
1999-01-04,20.066700,20.666700,19.100000,20.500000,10.591088,13200
1999-01-05,19.833300,20.833300,19.500000,19.799999,10.229443,25185
1999-01-06,19.833300,20.000000,19.200001,19.500000,10.074450,23700
1999-01-07,19.799999,20.666700,19.660000,20.000000,10.332769,35157
1999-01-08,20.000000,20.500000,19.666700,19.833300,10.246648,37527
1999-01-11,20.000000,20.333300,19.666700,19.666700,10.160576,35220
1999-01-12,19.566700,20.466700,19.500000,20.466700,10.573883,45066
1999-01-13,19.700001,19.833300,19.000000,19.166700,9.902253,27000
1999-01-14,19.333300,19.666700,18.943300,19.166700,9.902253,31950
1999-01-15,19.666700,20.000000,19.000000,19.500000,10.074450,22080
1999-01-18,20.000000,20.000000,19.000000,19.436701,10.041748,33900
1999-01-19,19.266701,20.333300,19.266701,19.466700,10.057245,73680
1999-01-20,19.233299,21.033300,19.233299,20.833300,10.763286,43950
1999-01-21,20.166700,21.233299,20.166700,21.166700,10.935532,25905
1999-01-22,20.666700,20.833300,20.000000,21.166700,10.935532,45330
1999-01-25,20.166700,21.000000,19.833300,20.333300,10.504968,50550
1999-01-26,19.666700,20.066700,19.500000,20.000000,10.332769,24855
1999-01-27,20.333300,20.666700,19.333300,20.000000,10.332769,52350
1999-01-28,20.000000,20.333300,19.833300,20.003300,10.334476,21300
1999-01-29,20.666700,20.666700,19.000000,20.000000,10.332769,36930
1999-02-01,20.000000,20.166700,19.333300,20.000000,10.332769,48570
1999-02-02,19.889999,20.900000,19.400000,20.900000,10.797745,38895
1999-02-03,19.666700,20.966700,19.666700,20.966700,10.832204,59400
1999-02-04,20.666700,21.933300,20.666700,21.833300,11.279923,93822
1999-02-05,21.166700,22.000000,21.000000,21.833300,11.279923,62610
1999-02-08,21.666700,22.000000,21.500000,21.500000,11.107727,18750
1999-02-09,21.600000,22.333300,21.500000,22.000000,11.366047,94500
1999-02-10,21.333300,22.000000,20.666700,22.000000,11.366047,99150
1999-02-11,21.700001,23.400000,21.700001,23.299999,12.037681,218610
1999-02-12,23.333300,23.333300,22.666700,23.299999,12.037681,259860
1999-02-15,22.833300,24.266701,22.833300,24.266701,12.537114,93465
1999-02-16,24.000000,24.666700,22.500000,22.833300,11.796561,147075
1999-02-17,22.333300,22.666700,22.166700,22.330000,11.536538,33960
1999-02-18,23.000000,23.166700,22.333300,22.500000,11.624367,35829
1999-02-19,22.400000,22.666700,22.166700,22.500000,11.624367,15000
1999-02-22,22.500000,22.666700,22.000000,22.000000,11.366047,16800
1999-02-23,22.633301,22.666700,22.333300,22.400000,11.572703,15300
1999-02-24,22.333300,22.833300,22.166700,22.833300,11.796561,59550
1999-02-25,22.333300,23.000000,22.333300,22.833300,11.796561,26406
1999-02-26,22.666700,22.833300,22.333300,22.833300,11.796561,21900
1999-03-01,22.666700,22.666700,21.600000,22.266701,11.503835,10350
1999-03-02,22.333300,22.500000,21.866699,22.266701,11.503835,18570
1999-03-03,22.000000,22.500000,21.833300,22.500000,11.624367,12405
1999-03-04,22.100000,22.100000,22.000000,22.000000,11.366047,14400
1999-03-05,22.166700,22.500000,22.166700,22.333300,11.538240,25095
1999-03-08,23.083300,23.083300,22.166700,22.366699,11.555498,40350
1999-03-09,22.333300,22.500000,22.333300,22.400000,11.572703,18765
1999-03-10,22.000000,22.000000,19.333300,21.000000,10.849407,178932
1999-03-11,21.799999,22.666700,21.799999,22.299999,11.521039,36462
1999-03-12,23.000000,23.000000,22.003300,22.299999,11.521039,26100
1999-03-15,21.666700,22.333300,21.666700,22.166700,11.452170,15600
1999-03-16,21.700001,22.166700,21.666700,21.666700,11.193851,14550
1999-03-17,21.833300,22.299999,21.833300,22.066700,11.400508,21900
1999-03-18,21.700001,23.333300,21.666700,23.033300,11.899890,55272
1999-03-19,23.200001,23.333300,22.666700,23.333300,12.054879,56700
1999-03-22,22.233299,23.233299,22.233299,23.000000,11.882687,3300
1999-03-23,22.833300,23.433300,22.833300,22.966700,11.865481,58800
1999-03-24,22.166700,22.666700,21.866699,21.866699,11.297175,39603
1999-03-25,22.333300,23.333300,22.333300,23.000000,11.882687,30303
1999-03-26,23.333300,23.333300,22.333300,22.333300,11.538240,6672
1999-03-29,22.666700,23.500000,22.366699,22.366699,11.555498,59607
1999-03-30,22.083300,23.230000,22.083300,22.666700,11.710489,23208
1999-03-31,22.833300,23.333300,22.500000,22.833300,11.796561,15399
1999-04-01,23.133301,23.166700,23.000000,23.000000,11.882687,13710
1999-04-02,null,null,null,null,null,null
1999-04-05,null,null,null,null,null,null
1999-04-06,22.833300,23.166700,22.750000,23.000000,11.882687,13200
1999-04-07,22.333300,23.000000,22.333300,22.533300,11.641571,20010
1999-04-08,22.000000,22.933300,22.000000,22.533300,11.641571,5250
1999-04-09,23.000000,23.166700,22.233299,22.933300,11.848224,41406
1999-04-12,22.033300,22.333300,21.500000,21.500000,11.107727,23133
1999-04-13,22.330000,22.833300,22.166700,21.500000,11.107727,8520
1999-04-14,22.799999,22.866699,22.366699,22.666700,11.710489,10104
1999-04-15,22.633301,23.166700,22.500000,23.133301,11.951551,35220
1999-04-16,23.166700,23.166700,22.666700,23.133301,11.951551,4950
1999-04-19,23.166700,23.333300,22.500000,23.000000,11.882687,20865
1999-04-20,22.500000,22.500000,21.366699,21.666700,11.193851,49911
1999-04-21,22.233299,22.233299,22.166700,22.166700,11.452170,6030
1999-04-22,22.166700,22.166700,21.666700,22.166700,11.452170,15240
1999-04-23,22.000000,22.100000,22.000000,22.166700,11.452170,6900
1999-04-26,21.833300,22.166700,21.833300,22.000000,11.366047,3300
1999-04-27,22.333300,22.500000,22.233299,22.000000,11.366047,11400
1999-04-28,22.600000,22.833300,22.166700,22.433300,11.589905,25695
1999-04-29,22.333300,22.333300,22.133301,22.566700,11.658825,17670
1999-04-30,22.506701,23.333300,21.836700,22.333300,11.538240,46245
1999-05-03,21.900000,23.333300,21.833300,22.700001,11.727695,7560
1999-05-04,22.033300,22.500000,22.033300,23.000000,11.882687,5979
1999-05-05,22.500000,22.933300,22.333300,22.366699,11.555498,21810
1999-05-06,22.216700,22.216700,21.500000,22.333300,11.538240,39240
1999-05-07,21.766701,22.000000,21.500000,21.500000,11.107727,20904
1999-05-10,22.000000,22.000000,21.666700,21.500000,11.107727,8145
1999-05-11,21.666700,22.500000,21.533300,21.666700,11.193851,35622
1999-05-12,22.000000,22.333300,21.500000,22.333300,11.538240,16740
1999-05-13,null,null,null,null,null,null
1999-05-14,22.000000,22.033300,21.666700,21.666700,11.193851,61230
1999-05-17,21.666700,21.666700,21.033300,21.833300,11.279923,30900
1999-05-18,21.733299,22.000000,21.000000,21.166700,10.935532,7395
1999-05-19,21.616699,22.176701,21.616699,21.000000,10.849407,34275
1999-05-20,22.183300,22.333300,21.666700,22.150000,11.443543,18450
1999-05-21,22.500000,22.733299,22.500000,21.666700,11.193851,4200
1999-05-24,null,null,null,null,null,null
1999-05-25,22.433300,22.433300,21.666700,22.666700,11.710489,2760
1999-05-26,21.733299,22.500000,21.500000,21.666700,11.193851,7050
1999-05-27,22.666700,22.666700,20.500000,22.500000,11.624367,18300
1999-05-28,20.966700,21.633301,20.500000,20.500000,10.591088,16722
1999-05-31,21.500000,21.500000,20.833300,21.633301,11.176596,7878
1999-06-01,21.500000,21.833300,21.033300,20.833300,10.763286,19749
1999-06-02,21.666700,22.000000,21.633301,21.033300,10.866611,13500
1999-06-03,null,null,null,null,null,null
1999-06-04,21.333300,21.866699,21.333300,22.000000,11.366047,22995
1999-06-07,21.666700,22.666700,21.666700,21.533300,11.124931,18045
1999-06-08,22.333300,22.333300,21.933300,22.166700,11.452170,1500
1999-06-09,21.996700,22.666700,21.996700,21.933300,11.331590,21399
1999-06-10,22.500000,22.666700,22.333300,22.600000,11.676033,16500
1999-06-11,22.166700,22.166700,21.666700,22.503300,11.626071,13500
1999-06-14,22.000000,22.000000,20.833300,21.923300,11.326417,24726
1999-06-15,21.000000,21.633301,21.000000,20.833300,10.763286,44640
1999-06-16,21.250000,21.250000,21.000000,21.333300,11.021602,28125
1999-06-17,21.206699,21.666700,21.206699,21.000000,10.849407,44475
1999-06-18,21.633301,22.299999,20.766701,21.500000,11.107727,69276
1999-06-21,22.000000,22.000000,21.333300,22.299999,11.521039,36450
1999-06-22,22.000000,22.000000,21.666700,22.000000,11.366047,8850
1999-06-23,21.666700,21.833300,21.333300,21.666700,11.193851,18300
1999-06-24,21.799999,21.799999,21.450001,21.336700,11.023361,2700
1999-06-25,21.799999,21.799999,21.333300,21.450001,11.081899,21300
1999-06-28,21.833300,22.000000,21.250000,21.466700,11.090526,27150
1999-06-29,21.666700,21.833300,20.666700,21.733299,11.228259,22200
1999-06-30,21.166700,21.766701,21.166700,21.000000,10.849407,20517
1999-07-01,22.000000,22.000000,21.170000,21.766701,11.245516,10761
1999-07-02,22.166700,22.166700,21.333300,21.666700,11.193851,16707
1999-07-05,21.500000,21.666700,21.266701,21.500000,11.107727,10800
1999-07-06,21.500000,21.566700,21.233299,21.336700,11.023361,6060
1999-07-07,21.333300,21.583300,21.333300,21.500000,11.107727,4950
1999-07-08,21.500000,21.533300,21.333300,21.583300,11.150766,11400
1999-07-09,21.366699,22.000000,21.166700,22.000000,11.366047,15612
1999-07-12,21.500000,22.666700,21.333300,22.000000,11.366047,31320
1999-07-13,22.333300,22.500000,22.000000,22.116699,11.426338,7569
1999-07-14,22.333300,22.666700,21.333300,22.000000,11.366047,43110
1999-07-15,21.336700,21.833300,21.336700,21.666700,11.193851,13800
1999-07-16,21.766701,22.166700,21.666700,21.766701,11.245516,6300
1999-07-19,22.166700,22.166700,21.436701,22.166700,11.452170,5343
1999-07-20,21.633301,21.666700,21.166700,21.633301,11.176596,22950
1999-07-21,21.186701,21.186701,21.000000,21.166700,10.935532,24462
1999-07-22,21.166700,21.333300,20.666700,21.033300,10.866611,20250
1999-07-23,20.833300,21.166700,20.666700,20.666700,10.677217,18000
1999-07-26,20.666700,20.666700,20.666700,21.000000,10.849407,450
1999-07-27,20.900000,21.166700,20.799999,20.666700,10.677217,24000
1999-07-28,21.000000,21.316700,21.000000,21.166700,10.935532,27450
1999-07-29,21.333300,21.333300,21.000000,21.316700,11.013028,7350
1999-07-30,21.166700,21.166700,20.833300,21.233299,10.969939,29355
1999-08-02,21.200001,21.833300,20.500000,20.963301,10.830450,57645
1999-08-03,21.333300,21.633301,21.166700,21.833300,11.279923,9900
1999-08-04,21.633301,21.833300,21.333300,21.600000,11.159392,71250
1999-08-05,21.549999,21.600000,21.266701,21.666700,11.193851,124323
1999-08-06,20.833300,21.523300,20.833300,21.466700,11.090526,24900
1999-08-09,21.266701,21.613300,21.266701,21.523300,11.119766,112308
1999-08-10,21.500000,21.666700,21.500000,21.613300,11.166261,32310
1999-08-11,21.833300,22.500000,21.833300,21.600000,11.159392,27273
1999-08-12,22.333300,22.833300,22.333300,22.366699,11.555498,33318
1999-08-13,22.783300,23.000000,22.333300,22.766701,11.762154,5130
1999-08-16,22.206699,23.266701,22.166700,22.333300,11.538240,23490
1999-08-17,23.000000,23.333300,22.966700,23.266701,12.020473,52290
1999-08-18,23.500000,23.500000,22.666700,22.966700,11.865481,19206
1999-08-19,22.633301,23.166700,22.633301,22.666700,11.710489,30000
1999-08-20,22.700001,22.933300,22.276699,23.133301,11.951551,18750
1999-08-23,22.809999,23.133301,22.500000,22.333300,11.538240,2709
1999-08-24,22.200001,23.000000,22.016701,22.533300,11.641571,35400
1999-08-25,22.166700,22.600000,22.166700,23.000000,11.882687,6300
1999-08-26,22.066700,22.333300,21.666700,22.333300,11.538240,15594
1999-08-27,22.313299,22.313299,21.333300,22.219999,11.479705,9000
1999-08-30,22.000000,22.500000,22.000000,21.500000,11.107727,13065
1999-08-31,21.670000,21.833300,21.500000,22.233299,11.486578,17910
1999-09-01,22.000000,23.166700,21.833300,21.500000,11.107727,12690
1999-09-02,22.833300,22.833300,22.000000,23.166700,11.968805,17925
1999-09-03,22.333300,23.166700,22.333300,22.000000,11.366047,32703
1999-09-06,23.000000,23.333300,22.833300,23.166700,11.968805,49350
1999-09-07,23.166700,24.166700,23.166700,22.833300,11.796561,134439
1999-09-08,23.866699,24.000000,23.666700,24.166700,12.485450,78900
1999-09-09,23.969999,24.240000,23.969999,23.916700,12.356289,78225
1999-09-10,24.240000,24.583300,24.066700,24.183300,12.494021,57387
1999-09-13,24.333300,24.666700,24.333300,24.166700,12.485450,15645
1999-09-14,24.333300,24.666700,23.366699,24.556700,12.686938,17700
1999-09-15,24.000000,24.033300,22.666700,24.666700,12.743766,36300
1999-09-16,24.000000,24.000000,22.799999,23.260000,12.017013,29214
1999-09-17,22.333300,22.666700,22.333300,22.799999,11.779356,70677
1999-09-20,22.466700,22.583300,22.333300,22.533300,11.641571,29091
1999-09-21,22.616699,22.616699,22.250000,22.333300,11.538240,19275
1999-09-22,22.516701,22.516701,21.033300,22.283300,11.512410,80625
1999-09-23,21.333300,22.333300,21.033300,21.833300,11.279923,12180
1999-09-24,21.366699,21.666700,21.333300,21.950001,11.340214,27300
1999-09-27,21.766701,21.766701,21.333300,21.533300,11.124931,9450
1999-09-28,21.000000,21.333300,21.000000,21.483299,11.099100,42192
1999-09-29,21.666700,22.150000,21.533300,21.333300,11.021602,25650
1999-09-30,21.750000,22.333300,21.500000,21.833300,11.279923,41550
1999-10-01,21.646700,21.693300,21.646700,22.333300,11.538240,4500
1999-10-04,21.833300,22.333300,21.306700,21.666700,11.193851,10335
1999-10-05,22.000000,23.733299,21.866699,21.306700,11.007862,17166
1999-10-06,23.833300,23.833300,22.333300,23.233299,12.003215,39303
1999-10-07,22.666700,22.666700,22.166700,22.600000,11.676033,33750
1999-10-08,22.416700,22.483299,22.000000,22.250000,11.495207,8997
1999-10-11,22.500000,22.500000,21.833300,22.163300,11.450415,11508
1999-10-12,21.933300,22.833300,21.916700,21.833300,11.279923,22224
1999-10-13,21.733299,22.280001,21.733299,21.916700,11.323011,4305
1999-10-14,22.433300,22.433300,21.336700,21.950001,11.340214,41124
1999-10-15,21.933300,21.983299,21.666700,21.336700,11.023361,20835
1999-10-18,21.846701,21.993299,21.833300,21.833300,11.279923,4200
1999-10-19,21.993299,21.993299,20.566700,21.993299,11.362586,23250
1999-10-20,21.666700,21.666700,21.633301,21.666700,11.193851,5283
1999-10-21,21.520000,21.616699,21.400000,21.666700,11.193851,8100
1999-10-22,21.436701,21.799999,21.436701,21.400000,11.056061,31689
1999-10-25,21.833300,21.833300,21.416700,21.666700,11.193851,10284
1999-10-26,21.500000,21.666700,21.500000,21.546700,11.131855,12840
1999-10-27,21.650000,21.733299,21.583300,21.666700,11.193851,4800
1999-10-28,21.503300,21.503300,21.166700,21.666700,11.193851,74520
1999-10-29,21.200001,21.433300,21.200001,21.200001,10.952737,109698
1999-11-01,21.333300,21.333300,21.266701,21.323299,11.016436,38631
1999-11-02,21.316700,21.379999,20.996700,21.316700,11.013028,81390
1999-11-03,20.666700,22.000000,20.666700,20.996700,10.847704,62370
1999-11-04,21.866699,21.866699,21.000000,21.500000,11.107727,87405
1999-11-05,21.666700,21.833300,21.333300,21.166700,10.935532,24786
1999-11-08,21.833300,22.000000,21.400000,21.833300,11.279923,14100
1999-11-09,21.736700,22.266701,21.736700,21.666700,11.193851,15423
1999-11-10,22.166700,22.966700,22.166700,22.000000,11.366047,36300
1999-11-11,22.833300,23.333300,22.000000,22.966700,11.865481,39450
1999-11-12,22.666700,22.666700,22.166700,22.799999,11.779356,40665
1999-11-15,22.966700,23.066700,22.520000,22.333300,11.538240,34890
1999-11-16,22.799999,23.100000,22.503300,22.833300,11.796561,16038
1999-11-17,23.166700,23.250000,22.466700,22.803301,11.781065,40536
1999-11-18,23.166700,24.333300,23.066700,23.250000,12.011845,114330
1999-11-19,24.166700,24.166700,23.333300,24.266701,12.537114,34893
1999-11-22,23.049999,23.600000,22.673300,24.000000,12.399322,19902
1999-11-23,23.166700,24.000000,23.166700,22.673300,11.713901,25674
1999-11-24,23.433300,23.533300,23.433300,23.833300,12.313200,4200
1999-11-25,23.333300,23.833300,22.500000,23.533300,12.158213,24009
1999-11-26,22.683300,23.466700,22.500000,23.596701,12.190962,20088
1999-11-29,22.933300,23.333300,22.766701,23.100000,11.934347,13620
1999-11-30,22.666700,22.666700,21.833300,22.963301,11.863723,39633
1999-12-01,21.866699,22.000000,21.166700,22.450001,11.598533,111381
1999-12-02,21.469999,21.996700,21.333300,21.316700,11.013028,39234
1999-12-03,21.333300,22.309999,21.333300,21.333300,11.021602,27300
1999-12-06,21.866699,22.133301,21.626699,21.333300,11.021602,20082
1999-12-07,21.650000,21.766701,21.350000,21.703300,11.212763,14013
1999-12-08,21.700001,21.700001,21.200001,21.670000,11.195555,26700
1999-12-09,21.333300,21.799999,21.233299,21.203300,10.954443,46380
1999-12-10,22.316700,22.316700,21.350000,21.700001,11.211057,22425
1999-12-13,21.233299,21.333300,21.000000,21.000000,10.849407,46620
1999-12-14,21.003300,22.233299,21.003300,21.000000,10.849407,29352
1999-12-15,21.500000,23.500000,21.500000,21.233299,10.969939,60171
1999-12-16,22.666700,23.833300,22.666700,23.500000,12.141004,83040
1999-12-17,23.333300,23.333300,21.666700,23.333300,12.054879,37782
1999-12-20,22.166700,22.166700,21.000000,21.666700,11.193851,51330
1999-12-21,21.816700,21.816700,21.033300,21.600000,11.159392,43371
1999-12-22,21.600000,21.833300,21.166700,21.033300,10.866611,20700
1999-12-23,21.666700,22.083300,21.666700,21.516701,11.116353,18681
1999-12-24,null,null,null,null,null,null
1999-12-27,22.100000,22.299999,21.500000,21.906700,11.317842,30810
1999-12-28,21.833300,22.566700,21.833300,22.093300,11.414249,49284
1999-12-29,22.219999,22.333300,21.666700,22.183300,11.460746,19689
1999-12-30,22.030001,22.666700,21.466700,21.833300,11.279923,22860
1999-12-31,null,null,null,null,null,null
2000-01-03,22.000000,23.666700,22.000000,22.219999,11.479705,33894
2000-01-04,23.233299,23.266701,21.333300,23.666700,12.227130,112395
2000-01-05,21.500000,21.500000,20.700001,21.333300,11.021602,96486
2000-01-06,21.299999,22.116699,21.299999,21.866699,11.297175,58350
2000-01-07,22.030001,22.333300,21.333300,22.330000,11.536538,58734
2000-01-10,22.000000,22.736700,22.000000,22.666700,11.710489,87924
2000-01-11,22.666700,22.666700,21.866699,21.883301,11.305758,90540
2000-01-12,21.666700,21.833300,21.303301,21.716700,11.219684,123201
2000-01-13,21.500000,22.163300,21.500000,22.163300,11.450415,80292
2000-01-14,21.700001,22.833300,21.700001,22.583300,11.667400,87435
2000-01-17,22.066700,23.330000,21.866699,23.330000,12.053177,68820
2000-01-18,23.000000,23.166700,22.416700,22.666700,11.710489,21279
2000-01-19,22.333300,23.333300,22.333300,23.299999,12.037681,36738
2000-01-20,22.833300,23.000000,21.833300,22.120001,11.428044,34800
2000-01-21,21.670000,22.000000,21.566700,21.799999,11.262718,21855
2000-01-24,21.733299,21.833300,21.583300,21.633301,11.176596,33921
2000-01-25,21.500000,21.733299,21.333300,21.333300,11.021602,32334
2000-01-26,21.733299,22.666700,21.733299,22.500000,11.624367,46125
2000-01-27,22.600000,22.780001,22.333300,22.666700,11.710489,60489
2000-01-28,21.866699,22.666700,21.866699,22.666700,11.710489,24780
2000-01-31,22.633301,22.666700,21.516701,21.516701,11.116353,15513
2000-02-01,21.416700,22.666700,21.416700,22.666700,11.710489,39150
2000-02-02,22.666700,22.666700,21.900000,22.333300,11.538240,34446
2000-02-03,22.333300,22.900000,22.333300,22.650000,11.701860,29187
2000-02-04,22.799999,22.833300,22.500000,22.666700,11.710489,50070
2000-02-07,22.333300,22.833300,21.700001,22.400000,11.572703,25320
2000-02-08,22.799999,23.166700,22.516701,22.666700,11.710489,39801
2000-02-09,22.666700,23.000000,22.549999,22.583300,11.667400,23217
2000-02-10,22.799999,25.333300,22.299999,25.333300,13.088158,49656
2000-02-11,23.966700,24.833300,22.923300,24.833300,12.829836,99429
2000-02-14,23.299999,24.166700,22.833300,23.666700,12.227130,35448
2000-02-15,23.666700,24.666700,23.333300,23.933300,12.364862,124647
2000-02-16,23.666700,24.333300,23.400000,24.133301,12.468193,47550
2000-02-17,23.799999,23.799999,22.299999,22.416700,11.581330,48564
2000-02-18,22.433300,23.000000,22.433300,22.433300,11.589905,21420
2000-02-21,23.133301,23.133301,22.366699,22.566700,11.658825,25224
2000-02-22,22.336700,23.283300,22.336700,22.933300,11.848224,31875
2000-02-23,22.666700,22.666700,22.330000,22.333300,11.538240,47955
2000-02-24,22.766701,22.766701,21.783300,21.833300,11.279923,25428
2000-02-25,22.133301,22.133301,21.333300,21.333300,11.021602,57495
2000-02-28,21.333300,21.533300,20.503300,20.666700,10.677217,139017
2000-02-29,20.816700,21.233299,20.750000,20.950001,10.823575,101286
2000-03-01,20.833300,20.833300,20.033300,20.166700,10.418895,183357
2000-03-02,20.000000,20.333300,19.666700,20.166700,10.418895,75960
2000-03-03,20.166700,20.833300,20.166700,20.833300,10.763286,145272
2000-03-06,20.666700,21.266701,20.170000,20.333300,10.504968,44370
2000-03-07,20.833300,20.963301,20.333300,20.633301,10.659959,29889
2000-03-08,20.830000,20.833300,20.256701,20.666700,10.677217,51300
2000-03-09,20.766701,20.766701,20.200001,20.200001,10.436095,12900
2000-03-10,20.516701,20.516701,19.950001,19.950001,10.306936,17472
2000-03-13,20.583300,21.933300,20.133301,21.333300,11.021602,53301
2000-03-14,21.666700,21.666700,20.240000,20.333300,10.504968,37692
2000-03-15,20.333300,20.833300,20.166700,20.166700,10.418895,15300
2000-03-16,20.183300,21.166700,20.183300,20.933300,10.814947,118065
2000-03-17,21.283300,21.299999,20.833300,21.283300,10.995770,35187
2000-03-20,21.000000,21.333300,21.000000,21.266701,10.987194,10317
2000-03-21,21.233299,21.500000,20.333300,21.266701,10.987194,173901
2000-03-22,21.000000,21.633301,21.000000,21.600000,11.159392,50670
2000-03-23,21.500000,21.666700,21.166700,21.416700,11.064691,56781
2000-03-24,21.416700,22.933300,21.416700,22.666700,11.710489,179661
2000-03-27,22.666700,24.000000,22.666700,23.733299,12.261536,226092
2000-03-28,23.500000,24.163300,23.333300,24.003300,12.401030,210300
2000-03-29,24.233299,24.833300,23.733299,24.100000,12.450987,112947
2000-03-30,24.003300,24.166700,23.833300,24.000000,12.399322,90786
2000-03-31,24.000000,25.333300,23.833300,25.333300,13.088158,61302
2000-04-03,25.333300,25.333300,23.266701,23.333300,12.054879,227682
2000-04-04,23.500000,24.000000,23.333300,23.333300,12.054879,88650
2000-04-05,23.333300,23.500000,22.383301,23.003300,11.884391,129510
2000-04-06,23.333300,24.166700,23.333300,23.333300,12.054879,50532
2000-04-07,23.166700,23.633301,23.166700,23.200001,11.986014,47145
2000-04-10,23.600000,24.366699,23.033300,24.366699,12.588775,28176
2000-04-11,23.516701,23.516701,22.850000,22.866699,11.813815,61125
2000-04-12,23.316700,23.500000,23.133301,23.333300,12.054879,17928
2000-04-13,22.733299,23.333300,22.666700,22.916700,11.839649,99339
2000-04-14,23.000000,23.500000,22.333300,22.333300,11.538240,75822
2000-04-17,22.166700,22.666700,22.166700,22.666700,11.710489,37830
2000-04-18,22.366699,23.330000,22.366699,22.733299,11.744898,45090
2000-04-19,22.400000,23.466700,22.400000,23.299999,12.037681,87936
2000-04-20,23.333300,23.466700,22.666700,22.666700,11.710489,61296
2000-04-21,22.666700,22.666700,22.666700,22.666700,11.710489,0
2000-04-24,22.666700,22.666700,22.666700,22.666700,11.710489,0
2000-04-25,23.100000,23.333300,23.000000,22.600000,11.676033,11982
2000-04-26,23.163300,23.350000,22.933300,22.933300,11.848224,46260
2000-04-27,23.166700,23.333300,23.000000,23.000000,11.882687,89100
2000-04-28,23.330000,23.996700,23.330000,23.900000,12.347663,75738
2000-05-01,23.900000,23.900000,23.900000,23.900000,12.347663,0
2000-05-02,24.416700,24.416700,23.500000,23.633301,12.209872,73803
2000-05-03,23.833300,23.833300,23.500000,23.666700,12.227130,110112
2000-05-04,23.500000,24.266701,23.500000,24.166700,12.485450,21060
2000-05-05,24.163300,25.166700,24.163300,25.000000,12.915962,57177
2000-05-08,24.933300,26.000000,24.549999,25.500000,13.174283,46725
2000-05-09,25.333300,26.666700,25.100000,26.600000,13.742586,95475
2000-05-10,25.833300,26.000000,25.266701,25.450001,13.148448,45510
2000-05-11,24.666700,25.333300,24.393299,24.393299,12.602521,51876
2000-05-12,24.373301,25.666700,24.373301,25.600000,13.225945,44490
2000-05-15,25.466700,25.833300,25.333300,25.663300,13.258648,81069
2000-05-16,25.833300,26.083300,25.566700,25.666700,13.260405,251346
2000-05-17,25.736700,26.833300,25.736700,26.533300,13.708125,198495
2000-05-18,26.746700,28.666700,26.746700,28.266701,14.603662,158874
2000-05-19,28.336700,28.623301,26.833300,27.666700,14.293684,53733
2000-05-22,27.333300,28.833300,27.333300,28.666700,14.810320,114882
2000-05-23,28.333300,28.833300,27.333300,28.833300,14.896393,34755
2000-05-24,27.333300,29.166700,27.333300,29.166700,15.068640,69015
2000-05-25,29.000000,29.000000,28.000000,28.333300,14.638076,94770
2000-05-26,28.333300,28.333300,26.633301,26.633301,13.759787,105933
2000-05-29,27.333300,27.333300,26.666700,26.670000,13.778749,39060
2000-05-30,27.316700,27.866699,27.166700,27.500000,14.207556,28890
2000-05-31,28.333300,28.333300,26.500000,27.166700,14.035361,64053
2000-06-01,27.333300,28.500000,27.333300,28.333300,14.638076,23355
2000-06-02,28.266701,28.333300,26.666700,26.833300,13.863113,75165
2000-06-05,28.299999,28.616699,27.170000,28.616699,14.784484,23037
2000-06-06,28.600000,29.666700,27.170000,29.666700,15.326962,95277
2000-06-07,29.166700,29.166700,28.333300,28.333300,14.638076,25395
2000-06-08,28.250000,28.833300,28.216700,28.600000,14.775857,29004
2000-06-09,28.786699,29.626699,28.666700,28.933300,14.948057,14988
2000-06-12,29.000000,29.500000,29.000000,29.500000,15.240834,5751
2000-06-13,29.166700,29.683300,29.000000,29.833300,15.413030,44841
2000-06-14,29.666700,29.666700,28.583300,29.000000,14.982515,53790
2000-06-15,28.666700,29.833300,28.500000,28.500000,14.724196,98823
2000-06-16,28.666700,29.666700,28.600000,29.533300,15.258039,102741
2000-06-19,29.533300,29.533300,29.033300,29.466700,15.223632,18642
2000-06-20,28.933300,32.000000,28.933300,29.543301,15.263206,65388
2000-06-21,29.403299,31.333300,29.403299,31.333300,16.592361,26613
2000-06-22,31.166700,31.333300,30.166700,30.500000,16.151093,32841
2000-06-23,30.000000,31.330000,30.000000,31.330000,16.590614,38898
2000-06-26,31.299999,31.299999,30.333300,30.666700,16.239368,28284
2000-06-27,31.000000,31.000000,30.166700,30.333300,16.062820,100176
2000-06-28,30.000000,30.000000,29.416700,29.500000,15.621549,60237
2000-06-29,29.966700,30.083300,29.416700,29.416700,15.577437,95871
2000-06-30,29.933300,30.000000,27.666700,30.000000,15.886325,116583
2000-07-03,29.833300,31.666700,29.816700,31.600000,16.733593,125253
2000-07-04,31.666700,34.299999,31.600000,33.000000,17.474953,121095
2000-07-05,33.033298,33.250000,29.500000,29.500000,15.621549,170490
2000-07-06,31.666700,34.166698,30.000000,31.333300,16.592361,64863
2000-07-07,31.549999,32.333302,31.180000,31.666700,16.768909,142317
2000-07-10,31.833300,33.000000,31.000000,33.000000,17.474953,68892
2000-07-11,32.000000,32.500000,31.500000,32.000000,16.945408,42528
2000-07-12,32.996700,33.000000,32.000000,32.500000,17.210180,49296
2000-07-13,32.669998,33.000000,32.166698,33.000000,17.474953,33078
2000-07-14,33.000000,33.066700,32.666698,32.869999,17.406113,32130
2000-07-17,32.983299,33.083302,32.900002,33.083302,17.519068,21891
2000-07-18,33.333302,33.833302,33.333302,33.833302,17.916224,16875
2000-07-19,34.000000,34.133301,32.666698,33.633301,17.810312,102960
2000-07-20,32.666698,33.333302,32.666698,33.083302,17.519068,68883
2000-07-21,33.000000,33.166698,32.666698,33.166698,17.563225,39024
2000-07-24,33.000000,33.000000,32.566700,32.666698,17.298454,16722
2000-07-25,32.996700,32.996700,32.500000,32.666698,17.298454,50307
2000-07-26,33.000000,33.000000,33.000000,33.000000,17.474953,35010
2000-07-27,33.000000,33.166698,32.849998,33.966702,17.986860,54426
2000-07-28,32.666698,34.000000,32.666698,33.383301,17.677925,38859
2000-07-31,33.166698,39.333302,33.166698,37.000000,19.593124,105354
2000-08-01,35.183300,37.333302,35.166698,36.333302,19.240082,33363
2000-08-02,36.000000,36.633301,34.333302,34.866699,18.463457,64209
2000-08-03,35.333302,36.666698,35.166698,36.666698,19.416632,42909
2000-08-04,36.666698,39.266701,36.000000,38.833302,20.563942,99297
2000-08-07,39.283298,39.323299,38.066700,38.066700,20.157993,120438
2000-08-08,38.833302,38.833302,35.583302,35.583302,18.842922,92511
2000-08-09,36.666698,36.666698,35.000000,36.000000,19.063583,51360
2000-08-10,37.500000,38.333302,36.333302,37.666698,19.946177,21105
2000-08-11,36.586700,36.666698,35.333302,36.666698,19.416632,25734
2000-08-14,36.166698,36.666698,34.000000,35.000000,18.534039,43149
2000-08-15,34.333302,38.000000,34.333302,38.000000,20.122671,13221
2000-08-16,35.766701,35.766701,34.333302,35.333302,18.710539,53547
2000-08-17,35.333302,35.333302,32.000000,32.333302,17.121908,75222
2000-08-18,32.299999,34.000000,32.299999,33.833302,17.916224,33816
2000-08-21,33.400002,34.166698,33.366699,34.166698,18.092775,33354
2000-08-22,33.496700,34.666698,33.496700,34.666698,18.357542,48225
2000-08-23,33.400002,34.500000,33.333302,34.500000,18.269264,26133
2000-08-24,33.500000,34.366699,33.333302,34.000000,18.004496,17061
2000-08-25,34.400002,36.333302,34.000000,36.333302,19.240082,44307
2000-08-28,36.333302,36.333302,34.666698,36.333302,19.240082,14340
2000-08-29,36.033298,36.166698,34.033298,35.666698,18.887085,34053
2000-08-30,35.500000,36.000000,33.666698,35.833302,18.975315,42642
2000-08-31,35.950001,36.333302,33.666698,33.666698,17.827995,41532
2000-09-01,34.166698,38.333302,34.166698,34.333302,18.180998,75933
2000-09-04,36.333302,37.333302,36.333302,37.333302,19.769625,28050
2000-09-05,37.000000,37.400002,36.000000,36.666698,19.416632,90867
2000-09-06,36.666698,38.333302,36.366699,37.500000,19.857901,49371
2000-09-07,37.333302,37.333302,36.666698,36.833302,19.504854,34920
2000-09-08,36.833302,36.833302,35.049999,36.666698,19.416632,36405
2000-09-11,37.000000,37.000000,35.500000,35.500000,18.798805,11994
2000-09-12,36.000000,36.000000,35.500000,35.666698,18.887085,12543
2000-09-13,35.666698,35.666698,35.003300,35.333302,18.710539,29175
2000-09-14,35.166698,37.799999,35.166698,37.799999,20.016766,55623
2000-09-15,37.033298,38.000000,35.000000,35.000000,18.534039,97128
2000-09-18,35.383301,35.383301,34.849998,35.003300,18.535788,83391
2000-09-19,35.000000,36.996700,35.000000,36.996700,19.591381,13641
2000-09-20,36.663300,37.666698,36.166698,36.666698,19.416632,36318
2000-09-21,36.833302,36.833302,34.950001,34.950001,18.507566,77946
2000-09-22,35.166698,35.333302,34.950001,35.333302,18.710539,23763
2000-09-25,35.500000,35.663300,34.833302,34.869999,18.465199,22512
2000-09-26,34.966702,35.500000,34.566700,35.466702,18.781179,33084
2000-09-27,34.833302,35.666698,34.599998,35.333302,18.710539,42000
2000-09-28,35.633301,36.000000,35.633301,35.840000,18.978861,11166
2000-09-29,36.299999,36.333302,35.000000,35.666698,18.887085,33873
2000-10-02,34.966702,36.933300,34.966702,36.333302,19.240082,68838
2000-10-03,36.333302,36.333302,36.333302,36.333302,19.240082,0
2000-10-04,36.833302,36.833302,35.016701,35.366699,18.728222,30627
2000-10-05,35.666698,36.333302,35.023300,35.023300,18.546381,16926
2000-10-06,36.000000,36.833302,36.000000,36.666698,19.416632,28467
2000-10-09,36.549999,37.000000,35.666698,37.000000,19.593124,22359
2000-10-10,36.166698,37.333302,36.166698,37.000000,19.593124,30660
2000-10-11,37.333302,37.333302,34.933300,35.133301,18.604628,67431
2000-10-12,35.299999,35.900002,34.966702,35.000000,18.534039,39618
2000-10-13,34.933300,36.000000,34.933300,36.000000,19.063583,12480
2000-10-16,35.666698,36.049999,35.333302,35.916698,19.019470,6996
2000-10-17,35.933300,38.166698,35.933300,36.666698,19.416632,193707
2000-10-18,37.000000,37.966702,37.000000,37.333302,19.769625,49494
2000-10-19,37.669998,37.750000,36.333302,36.833302,19.504854,30702
2000-10-20,37.000000,37.166698,35.366699,36.750000,19.460737,36804
2000-10-23,36.000000,36.666698,35.666698,36.599998,19.381308,22638
2000-10-24,36.500000,37.000000,35.333302,35.933300,19.028271,26778
2000-10-25,36.400002,38.333302,36.333302,38.333302,20.299171,78138
2000-10-26,37.333302,38.333302,37.333302,38.333302,20.299171,97854
2000-10-27,38.333302,39.333302,36.700001,36.700001,19.434263,52485
2000-10-30,37.166698,39.333302,37.166698,39.333302,20.828711,40698
2000-10-31,38.966702,39.500000,37.666698,37.666698,19.946177,24264
2000-11-01,39.166698,39.333302,38.500000,39.000000,20.652216,65712
2000-11-02,39.299999,46.000000,39.250000,43.333302,22.946888,117975
2000-11-03,41.333302,43.333302,40.333302,41.183300,21.808369,28371
2000-11-06,45.000000,45.000000,41.666698,41.666698,22.064350,62835
2000-11-07,41.733299,43.333302,41.666698,43.299999,22.929251,29046
2000-11-08,42.666698,46.666698,42.666698,46.666698,24.712070,120582
2000-11-09,46.166698,46.166698,43.900002,44.666698,23.652987,186285
2000-11-10,44.666698,44.666698,43.500000,44.633301,23.635298,57657
2000-11-13,43.400002,44.833302,42.633301,43.333302,22.946888,58482
2000-11-14,42.000000,43.633301,36.333302,40.333302,21.358257,323946
2000-11-15,40.000000,40.599998,38.500000,38.500000,20.387445,46194
2000-11-16,38.666698,39.500000,37.366699,38.000000,20.122671,19815
2000-11-17,38.000000,38.333302,36.700001,37.000000,19.593124,38073
2000-11-20,37.003300,39.966702,37.003300,39.966702,21.164125,44700
2000-11-21,39.833302,39.833302,38.183300,38.333302,20.299171,17757
2000-11-22,38.333302,38.666698,37.500000,38.666698,20.475719,31194
2000-11-23,37.616699,40.333302,37.616699,40.016701,21.190603,45078
2000-11-24,40.000000,41.333302,40.000000,41.033298,21.728939,31218
2000-11-27,41.369999,41.500000,40.916698,41.166698,21.799576,34923
2000-11-28,41.483299,42.000000,40.333302,40.333302,21.358257,23889
2000-11-29,40.330002,42.666698,40.000000,42.666698,22.593897,44466
2000-11-30,42.966702,45.666698,40.500000,40.500000,21.446533,136422
2000-12-01,44.333302,44.333302,37.333302,38.833302,20.563942,142569
2000-12-04,39.000000,39.000000,35.833302,38.299999,20.281536,69657
2000-12-05,38.866699,42.000000,38.366699,41.966702,22.223217,39486
2000-12-06,42.000000,43.000000,40.433300,42.500000,22.505623,20613
2000-12-07,41.966702,44.000000,41.166698,43.633301,23.105753,80700
2000-12-08,42.166698,43.333302,42.166698,42.750000,22.638008,47964
2000-12-11,44.666698,44.799999,38.666698,39.933300,21.146435,89475
2000-12-12,40.000000,40.000000,37.066700,38.333302,20.299171,115809
2000-12-13,38.500000,39.233299,38.000000,38.966702,20.634581,20121
2000-12-14,38.916698,41.000000,38.916698,39.599998,20.969946,28338
2000-12-15,40.266701,40.266701,37.400002,37.500000,19.857901,33948
2000-12-18,38.266701,39.299999,37.666698,37.666698,19.946177,76743
2000-12-19,38.133301,38.333302,37.500000,38.333302,20.299171,65220
2000-12-20,38.599998,38.599998,37.333302,37.833302,20.034399,53166
2000-12-21,37.666698,37.666698,36.166698,36.700001,19.434263,64128
2000-12-22,37.583302,37.666698,35.033298,37.000000,19.593124,82218
2000-12-25,null,null,null,null,null,null
2000-12-26,null,null,null,null,null,null
2000-12-27,35.333302,35.433300,35.000000,35.333302,18.710539,90420
2000-12-28,35.433300,37.500000,34.950001,36.133301,19.134172,115809
2000-12-29,37.233299,37.266701,35.250000,37.166698,19.681400,27729
2001-01-01,null,null,null,null,null,null
2001-01-02,36.833302,38.333302,36.500000,38.333302,20.299171,24579
2001-01-03,37.500000,38.816700,36.616699,38.666698,20.475719,62130
2001-01-04,38.200001,39.000000,37.049999,37.826698,20.030903,79035
2001-01-05,39.000000,39.000000,36.500000,38.983299,20.643372,57741
2001-01-08,37.833302,37.833302,33.666698,33.666698,17.827995,206790
2001-01-09,34.266701,34.266701,31.000000,31.000000,16.415867,333651
2001-01-10,31.516701,32.333302,30.666700,31.666700,16.768909,87318
2001-01-11,32.000000,34.316700,32.000000,34.316700,18.172205,121029
2001-01-12,34.916698,35.833302,34.516701,35.253300,18.668169,162024
2001-01-15,35.000000,35.333302,33.336700,33.666698,17.827995,83082
2001-01-16,34.000000,34.000000,33.000000,33.266701,17.616180,75702
2001-01-17,33.633301,34.066700,33.006699,34.066700,18.039820,68721
2001-01-18,34.000000,34.733299,33.003300,34.316700,18.172205,70014
2001-01-19,34.833302,34.833302,33.369999,33.400002,17.686768,65331
2001-01-22,34.333302,36.666698,34.233299,36.000000,19.063583,122103
2001-01-23,36.000000,36.000000,34.500000,35.099998,18.586996,129138
2001-01-24,35.666698,36.000000,35.036701,35.733299,18.922356,95058
2001-01-25,35.733299,35.733299,35.000000,35.666698,18.887085,99540
2001-01-26,35.083302,35.099998,33.833302,34.333302,18.180998,129819
2001-01-29,33.900002,36.500000,33.900002,36.500000,19.328358,165996
2001-01-30,35.333302,36.599998,35.333302,36.599998,19.381308,142302
2001-01-31,36.633301,36.666698,35.250000,36.083302,19.107698,111381
2001-02-01,36.666698,36.666698,34.833302,35.849998,18.984154,245469
2001-02-02,35.833302,38.000000,35.833302,36.966702,19.575495,105345
2001-02-05,37.666698,38.333302,37.336700,38.333302,20.299171,33306
2001-02-06,37.706699,38.663300,37.700001,38.133301,20.193262,19242
2001-02-07,37.733299,38.833302,36.333302,38.666698,20.475719,84792
2001-02-08,37.933300,38.500000,37.833302,38.166698,20.210945,53070
2001-02-09,38.000000,39.133301,37.500000,38.833302,20.563942,69372
2001-02-12,38.830002,39.166698,37.500000,38.433300,20.352123,46368
2001-02-13,39.000000,40.000000,38.333302,39.333302,20.828711,71622
2001-02-14,39.333302,41.666698,39.333302,41.033298,21.728939,94749
2001-02-15,40.996700,40.996700,39.666698,39.733299,21.040535,81081
2001-02-16,40.333302,40.333302,38.516701,38.516701,20.396290,88827
2001-02-19,38.416698,39.000000,37.500000,38.650002,20.466877,69423
2001-02-20,38.200001,38.599998,37.783298,38.166698,20.210945,27555
2001-02-21,37.833302,39.000000,37.833302,38.466702,20.369810,24699
2001-02-22,38.099998,39.000000,38.099998,39.000000,20.652216,25002
2001-02-23,38.336700,40.333302,38.336700,39.333302,20.828711,35448
2001-02-26,39.000000,41.333302,39.000000,40.099998,21.234716,109200
2001-02-27,41.266701,41.333302,40.066700,41.166698,21.799576,44202
2001-02-28,40.299999,41.666698,39.833302,41.666698,22.064350,102645
2001-03-01,41.733299,42.333302,40.000000,40.000000,21.181763,102984
2001-03-02,40.166698,41.650002,39.666698,40.866699,21.640713,37758
2001-03-05,41.033298,41.233299,40.833302,41.000000,21.711302,50928
2001-03-06,41.330002,41.529999,40.833302,41.166698,21.799576,70575
2001-03-07,41.000000,44.666698,40.833302,44.666698,23.652987,158895
2001-03-08,42.333302,42.666698,41.233299,42.666698,22.593897,132117
2001-03-09,42.166698,42.166698,40.666698,41.566700,22.011395,51900
2001-03-12,41.330002,41.330002,38.666698,39.000000,20.652216,37209
2001-03-13,38.333302,39.200001,37.333302,37.833302,20.034399,89103
2001-03-14,38.383301,38.666698,37.166698,37.250000,19.725512,74640
2001-03-15,37.299999,39.466702,37.166698,39.466702,20.899353,31908
2001-03-16,40.000000,40.000000,36.933300,36.933300,19.557810,72765
2001-03-19,37.099998,38.333302,36.833302,38.333302,20.299171,65025
2001-03-20,38.500000,39.166698,37.150002,37.150002,19.672564,56286
2001-03-21,37.016701,38.000000,37.000000,37.816700,20.025610,38394
2001-03-22,37.500000,37.500000,34.033298,34.033298,18.022129,148455
2001-03-23,34.066700,37.000000,34.066700,37.000000,19.593124,47283
2001-03-26,37.299999,37.500000,36.333302,37.466702,19.840263,37326
2001-03-27,37.583302,39.333302,36.000000,39.333302,20.828711,54441
2001-03-28,37.996700,39.133301,37.996700,38.799999,20.546309,62604
2001-03-29,37.400002,38.983299,37.400002,37.566700,19.893227,56682
2001-03-30,37.933300,40.000000,37.733299,40.000000,21.181763,59766
2001-04-02,39.416698,39.416698,36.383301,38.433300,20.352123,100143
2001-04-03,38.500000,38.500000,37.333302,37.666698,19.946177,55329
2001-04-04,37.033298,39.333302,37.033298,39.000000,20.652216,58578
2001-04-05,38.666698,39.333302,38.666698,38.833302,20.563942,11001
2001-04-06,38.766701,39.196701,37.033298,38.333302,20.299171,93867
2001-04-09,38.433300,38.433300,36.833302,37.983299,20.113825,61383
2001-04-10,37.166698,37.966702,36.666698,37.799999,20.016766,84156
2001-04-11,37.233299,38.666698,37.166698,38.496700,20.385698,24375
2001-04-12,38.333302,38.500000,38.000000,38.333302,20.299171,25068
2001-04-13,null,null,null,null,null,null
2001-04-16,null,null,null,null,null,null
2001-04-17,37.833302,39.193298,37.700001,39.193298,20.754578,43845
2001-04-18,38.666698,38.666698,37.833302,38.230000,20.244471,52551
2001-04-19,38.166698,38.166698,36.783298,36.833302,19.504854,76083
2001-04-20,37.450001,37.466702,36.000000,37.466702,19.840263,163332
2001-04-23,36.676701,37.233299,35.533298,36.483299,19.319508,33384
2001-04-24,35.633301,38.166698,35.633301,37.333302,19.769625,115212
2001-04-25,38.500000,38.500000,37.833302,38.230000,20.244471,65943
2001-04-26,37.166698,37.716702,36.333302,36.963299,19.573694,189129
2001-04-27,36.450001,38.450001,36.450001,38.166698,20.210945,248937
2001-04-30,37.333302,38.466702,37.333302,38.466702,20.369810,52845
2001-05-01,null,null,null,null,null,null
2001-05-02,38.333302,38.333302,36.500000,36.733299,19.451895,107565
2001-05-03,37.099998,37.099998,35.333302,36.166698,19.151857,125571
2001-05-04,36.250000,36.333302,34.503300,36.000000,19.063583,123030
2001-05-07,36.166698,37.000000,34.566700,35.333302,18.710539,79224
2001-05-08,34.916698,35.966702,33.833302,35.400002,18.745863,268251
2001-05-09,35.233299,36.166698,35.233299,36.166698,19.151857,92607
2001-05-10,35.066700,36.566700,35.066700,35.666698,18.887085,106077
2001-05-11,36.099998,36.099998,35.066700,35.250000,18.666426,51540
2001-05-14,35.333302,36.166698,35.133301,36.000000,19.063583,143253
2001-05-15,36.000000,36.996700,35.833302,36.633301,19.398947,237216
2001-05-16,36.333302,37.316700,35.900002,37.316700,19.760832,127035
2001-05-17,37.596699,37.596699,35.726700,36.660000,19.413080,200232
2001-05-18,36.016701,36.799999,36.000000,36.666698,19.416632,130080
2001-05-21,36.666698,37.333302,36.666698,37.000000,19.593124,105273
2001-05-22,37.333302,37.666698,36.666698,37.066700,19.628448,186390
2001-05-23,36.433300,38.033298,36.433300,37.333302,19.769625,112419
2001-05-24,37.333302,38.330002,36.666698,37.616699,19.919699,172395
2001-05-25,37.299999,37.483299,36.683300,37.416698,19.813789,64689
2001-05-28,37.333302,37.333302,36.700001,37.166698,19.681400,158319
2001-05-29,37.099998,37.633301,37.099998,37.500000,19.857901,33540
2001-05-30,37.103298,37.733299,37.103298,37.500000,19.857901,107049
2001-05-31,37.116699,37.733299,37.116699,37.166698,19.681400,65622
2001-06-01,37.183300,37.333302,36.000000,36.683300,19.425419,132975
2001-06-04,36.166698,37.650002,36.166698,37.650002,19.937332,9141
2001-06-05,37.650002,37.663300,36.799999,37.333302,19.769625,80922
2001-06-06,37.333302,37.866699,37.333302,37.666698,19.946177,152583
2001-06-07,37.666698,37.833302,37.633301,37.833302,20.034399,142077
2001-06-08,37.916698,38.799999,37.706699,38.799999,20.546309,109782
2001-06-11,38.799999,38.833302,38.200001,38.400002,20.334490,75936
2001-06-12,38.616699,40.666698,38.583302,40.666698,21.534805,368193
2001-06-13,40.336700,40.666698,39.933300,40.299999,21.878614,254802
2001-06-14,40.333302,40.333302,39.666698,39.666698,21.534803,116649
2001-06-15,40.000000,40.333302,39.836700,40.006699,21.719391,178875
2001-06-18,40.400002,41.566700,40.006699,41.566700,22.566305,149019
2001-06-19,40.933300,41.416698,40.933300,41.416698,22.484865,332913
2001-06-20,41.416698,41.416698,40.966702,41.000000,22.258646,103032
2001-06-21,41.020000,41.330002,40.950001,41.330002,22.437805,191400
2001-06-22,41.330002,41.766701,41.083302,41.566700,22.566305,139356
2001-06-25,41.166698,41.333302,40.500000,41.133301,22.331022,139884
2001-06-26,41.116699,42.233299,41.066700,42.000000,22.801537,67422
2001-06-27,41.663300,41.966702,40.053299,41.630001,22.600677,121107
2001-06-28,41.000000,41.099998,40.833302,40.833302,22.168144,86340
2001-06-29,41.150002,41.666698,41.000000,41.166698,22.349146,192039
2001-07-02,42.133301,42.133301,41.086700,41.599998,22.584385,96111
2001-07-03,41.333302,41.549999,41.003300,41.003300,22.260439,22515
2001-07-04,41.166698,41.500000,41.000000,41.500000,22.530094,71784
2001-07-05,41.099998,41.666698,41.099998,41.400002,22.475803,97983
2001-07-06,41.666698,41.666698,39.166698,39.166698,21.263363,208587
2001-07-09,40.000000,40.933300,39.833302,39.833302,21.625254,139548
2001-07-10,40.333302,40.783298,40.333302,40.599998,22.041491,93255
2001-07-11,40.666698,41.833302,40.650002,41.066700,22.294857,203346
2001-07-12,40.849998,41.533298,40.849998,41.500000,22.530094,43095
2001-07-13,41.500000,42.000000,41.033298,41.533298,22.548174,53364
2001-07-16,42.160000,42.666698,41.669998,42.000000,22.801537,40440
2001-07-17,41.700001,42.166698,41.533298,42.166698,22.892038,28974
2001-07-18,41.833302,42.666698,41.783298,42.666698,23.163490,75525
2001-07-19,41.916698,42.250000,41.666698,42.250000,22.937262,71889
2001-07-20,42.266701,42.500000,41.900002,42.200001,22.910124,100170
2001-07-23,42.000000,42.833302,42.000000,42.500000,23.072987,141840
2001-07-24,42.750000,44.150002,42.750000,43.333302,23.525377,130215
2001-07-25,43.366699,43.599998,42.500000,42.833302,23.253933,112164
2001-07-26,43.250000,43.933300,43.000000,43.669998,23.708170,69489
2001-07-27,44.000000,45.966702,44.000000,45.966702,24.955042,80517
2001-07-30,45.799999,45.799999,44.333302,44.666698,24.249279,83829
2001-07-31,44.833302,45.326698,44.633301,44.926701,24.390432,116085
2001-08-01,45.216702,45.216702,44.666698,44.833302,24.339729,82542
2001-08-02,44.833302,46.000000,44.833302,45.333302,24.611170,95916
2001-08-03,45.666698,46.966702,45.616699,46.283298,25.126917,141879
2001-08-06,46.133301,46.133301,45.500000,45.503300,24.703463,101514
2001-08-07,45.333302,46.580002,45.333302,46.466702,25.226486,158781
2001-08-08,45.833302,46.090000,45.666698,46.090000,25.021975,80244
2001-08-09,46.066700,46.430000,45.566700,45.833302,24.882618,110178
2001-08-10,45.733299,46.966702,45.733299,46.333302,25.154064,168147
2001-08-13,46.966702,47.166698,46.403301,46.746700,25.378494,100185
2001-08-14,46.833302,46.966702,45.906700,46.333302,25.154064,250074
2001-08-15,46.333302,46.416698,45.833302,46.000000,24.973120,315432
2001-08-16,46.000000,46.666698,45.833302,46.366699,25.172195,82344
2001-08-17,46.500000,46.566700,46.016701,46.106701,25.031044,179205
2001-08-20,46.266701,46.333302,45.916698,46.333302,25.154064,328476
2001-08-21,46.333302,46.830002,46.166698,46.166698,25.063614,231852
2001-08-22,46.400002,46.400002,45.633301,45.816700,24.873604,279516
2001-08-23,46.166698,46.216702,45.750000,45.833302,24.882618,238836
2001-08-24,45.866699,46.333302,45.533298,45.816700,24.873604,195090
2001-08-27,45.900002,46.000000,45.816700,45.833302,24.882618,38121
2001-08-28,46.066700,46.200001,45.683300,46.083302,25.018339,175431
2001-08-29,45.750000,45.933300,45.583302,45.583302,24.746895,262509
2001-08-30,45.416698,45.583302,44.200001,45.496700,24.699879,213696
2001-08-31,44.533298,44.666698,44.166698,44.200001,23.995911,164772
2001-09-03,44.333302,45.266701,44.003300,44.666698,24.249279,79386
2001-09-04,44.666698,45.666698,44.400002,45.666698,24.792171,115455
2001-09-05,44.666698,45.833302,44.599998,45.633301,24.774040,44346
2001-09-06,44.750000,45.166698,42.333302,43.000000,23.344439,177636
2001-09-07,43.266701,43.266701,41.439999,41.439999,22.497520,144438
2001-09-10,40.666698,41.500000,40.000000,40.000000,21.715755,184092
2001-09-11,40.726700,42.933300,40.000000,40.000000,21.715755,200064
2001-09-12,40.000000,41.330002,38.066700,40.333302,21.896698,163335
2001-09-13,41.000000,44.666698,41.000000,42.083302,22.846769,158805
2001-09-14,41.883301,43.000000,41.333302,41.333302,22.439590,116250
2001-09-17,41.166698,42.000000,39.750000,40.963299,22.238724,105240
2001-09-18,41.299999,41.299999,38.833302,40.826698,22.164566,109554
2001-09-19,40.369999,42.766701,40.333302,41.500000,22.530094,121254
2001-09-20,41.000000,41.333302,39.366699,40.033298,21.733831,197601
2001-09-21,39.666698,40.000000,38.333302,38.333302,20.810917,329301
2001-09-24,39.633301,40.666698,39.166698,40.400002,21.932911,133179
2001-09-25,40.000000,41.316700,39.400002,39.500000,21.444313,191091
2001-09-26,40.333302,40.583302,39.500000,40.000000,21.715755,143427
2001-09-27,40.299999,41.000000,40.266701,40.700001,22.095779,156672
2001-09-28,40.836700,42.333302,40.166698,41.666698,22.620594,188136
2001-10-01,41.926701,41.926701,41.116699,41.333302,22.439590,142458
2001-10-02,41.876701,42.833302,41.876701,42.666698,23.163490,102861
2001-10-03,42.666698,42.666698,40.933300,41.743301,22.662182,63075
2001-10-04,42.633301,43.000000,42.433300,42.866699,23.272068,89484
2001-10-05,42.966702,45.833302,42.583302,44.000000,23.887333,139317
2001-10-08,43.400002,43.666698,42.333302,42.503300,23.074781,72345
2001-10-09,43.590000,43.590000,42.233299,42.733299,23.199646,109416
2001-10-10,42.683300,43.333302,42.369999,42.416698,23.027771,134244
2001-10-11,43.000000,43.333302,42.333302,43.000000,23.344439,145035
2001-10-12,43.666698,43.866699,42.683300,43.400002,23.561594,51660
2001-10-15,43.333302,44.333302,43.000000,44.333302,24.068274,114711
2001-10-16,44.599998,46.133301,43.000000,45.333302,24.611170,115722
2001-10-17,45.416698,45.416698,43.066700,44.666698,24.249279,225054
2001-10-18,44.166698,44.466702,43.333302,44.000000,23.887333,127065
2001-10-19,43.400002,43.400002,42.450001,42.833302,23.253933,102714
2001-10-22,43.299999,43.299999,42.333302,42.400002,23.018696,67449
2001-10-23,42.500000,42.799999,42.000000,42.500000,23.072987,74313
2001-10-24,42.503300,43.666698,42.503300,42.733299,23.199646,145539
2001-10-25,43.299999,43.333302,41.666698,42.500000,23.072987,145026
2001-10-26,42.666698,44.000000,42.016701,44.000000,23.887333,118320
2001-10-29,43.000000,43.000000,41.700001,42.333302,22.982496,90612
2001-10-30,41.500000,42.466702,41.403301,41.549999,22.557238,111492
2001-10-31,41.683300,42.166698,41.333302,41.650002,22.611526,150117
2001-11-01,42.000000,42.000000,41.583302,41.599998,22.584385,81450
2001-11-02,41.996700,42.333302,41.466702,42.166698,22.892038,195606
2001-11-05,41.503300,42.150002,41.416698,42.029999,22.817829,123045
2001-11-06,41.566700,42.266701,41.526699,41.750000,22.665817,47955
2001-11-07,41.753300,41.966702,41.169998,41.666698,22.620594,159231
2001-11-08,41.283298,41.583302,40.000000,40.666698,22.077702,284115
2001-11-09,40.833302,40.866699,40.136700,40.549999,22.014341,137130
2001-11-12,40.496700,40.716702,39.669998,39.669998,21.536602,116565
2001-11-13,40.033298,41.266701,39.299999,39.666698,21.534803,435345
2001-11-14,39.570000,40.083302,38.333302,39.333302,21.353802,596718
2001-11-15,39.666698,39.816700,37.000000,38.000000,20.629969,569307
2001-11-16,38.333302,39.083302,36.900002,38.866699,21.100492,490053
2001-11-19,39.000000,39.533298,38.666698,39.333302,21.353802,268839
2001-11-20,39.200001,40.133301,39.200001,39.833302,21.625254,240006
2001-11-21,40.033298,40.200001,39.436699,39.833302,21.625254,138282
2001-11-22,39.933300,39.933300,39.166698,39.616699,21.507660,74091
2001-11-23,39.333302,39.799999,39.299999,39.333302,21.353802,61467
2001-11-26,39.433300,39.549999,38.166698,38.166698,20.720469,256665
2001-11-27,38.033298,39.833302,38.033298,39.533298,21.462381,159084
2001-11-28,39.333302,39.616699,38.599998,38.893299,21.114937,181290
2001-11-29,39.099998,39.836700,38.900002,39.583302,21.489532,200964
2001-11-30,39.616699,41.500000,39.386700,41.330002,22.437805,908475
2001-12-03,41.336700,41.433300,40.673302,41.330002,22.437805,286497
2001-12-04,41.333302,41.663300,40.950001,41.663300,22.618752,259275
2001-12-05,41.366699,42.296700,41.366699,42.000000,22.801537,241632
2001-12-06,42.000000,42.966702,42.000000,42.333302,22.982496,307389
2001-12-07,42.266701,43.990002,42.000000,43.990002,23.881901,199245
2001-12-10,43.043301,43.400002,42.266701,43.330002,23.523594,162546
2001-12-11,42.700001,43.333302,42.233299,43.333302,23.525377,202647
2001-12-12,42.866699,42.900002,41.666698,41.799999,22.692961,155115
2001-12-13,42.233299,42.533298,41.383301,42.000000,22.801537,132036
2001-12-14,41.566700,41.933300,40.700001,40.700001,22.095779,132897
2001-12-17,41.133301,41.836700,41.000000,41.000000,22.258646,67452
2001-12-18,41.500000,42.066700,41.500000,41.666698,22.620594,60888
2001-12-19,41.666698,41.866699,41.333302,41.766701,22.674883,91620
2001-12-20,42.000000,42.000000,41.416698,41.566700,22.566305,77445
2001-12-21,41.366699,42.169998,40.866699,40.866699,22.186277,128559
2001-12-24,40.866699,40.866699,40.866699,40.866699,22.186277,0
2001-12-25,40.866699,40.866699,40.866699,40.866699,22.186277,0
2001-12-26,40.866699,40.866699,40.866699,40.866699,22.186277,0
2001-12-27,41.130001,41.660000,40.849998,41.240002,22.388943,64461
2001-12-28,41.833302,42.599998,41.833302,42.500000,23.072987,50616
2001-12-31,42.500000,42.500000,42.500000,42.500000,23.072987,0
2002-01-01,42.500000,42.500000,42.500000,42.500000,23.072987,0
2002-01-02,43.000000,43.099998,42.169998,43.099998,23.398722,58806
2002-01-03,43.126701,43.126701,42.666698,42.966702,23.326359,56859
2002-01-04,42.966702,42.966702,42.233299,42.750000,23.208712,85455
2002-01-07,42.833302,43.099998,42.750000,43.083302,23.389660,70635
2002-01-08,42.666698,42.966702,41.666698,41.666698,22.620594,129666
2002-01-09,41.700001,42.316700,41.666698,42.166698,22.892038,76191
2002-01-10,42.166698,42.633301,41.500000,41.500000,22.530094,172911
2002-01-11,41.666698,42.616699,41.666698,42.333302,22.982496,115713
2002-01-14,42.333302,42.450001,42.166698,42.416698,23.027771,53442
2002-01-15,41.833302,42.360001,41.666698,42.333302,22.982496,163314
2002-01-16,42.583302,42.966702,42.103298,42.549999,23.100130,154881
2002-01-17,42.500000,43.333302,42.366699,42.990002,23.339006,248622
2002-01-18,43.126701,43.966702,42.820000,43.833302,23.796827,110397
2002-01-21,43.716702,46.230000,43.709999,46.230000,25.097979,346728
2002-01-22,45.666698,46.083302,44.330002,45.349998,24.620239,236499
2002-01-23,45.033298,45.296700,44.253300,44.833302,24.339729,120228
2002-01-24,44.833302,44.833302,43.599998,44.166698,23.977831,139188
2002-01-25,44.326698,44.983299,44.266701,44.833302,24.339729,123225
2002-01-28,44.966702,45.000000,43.900002,44.000000,23.887333,70152
2002-01-29,44.593300,45.333302,44.000000,44.633301,24.231144,190992
2002-01-30,44.583302,44.966702,44.333302,44.966702,24.412146,56937
2002-01-31,45.000000,46.000000,44.333302,46.000000,24.973120,174330
2002-02-01,46.000000,48.000000,45.750000,47.433300,25.751249,334098
2002-02-04,47.583302,47.599998,45.833302,45.963299,24.953190,262752
2002-02-05,45.633301,46.000000,45.570000,45.599998,24.755960,122847
2002-02-06,45.666698,45.666698,41.900002,42.333302,22.982496,470703
2002-02-07,41.833302,42.630001,41.750000,41.833302,22.711052,250785
2002-02-08,41.933300,43.646702,41.783298,43.320000,23.518164,328164
2002-02-11,43.666698,43.966702,43.066700,43.866699,23.814964,116727
2002-02-12,43.666698,43.666698,42.540001,43.316700,23.516369,121767
2002-02-13,43.583302,43.983299,43.000000,43.750000,23.751608,72645
2002-02-14,44.000000,44.000000,43.549999,43.966702,23.869257,98346
2002-02-15,43.333302,43.433300,42.666698,42.766701,23.217773,161220
2002-02-18,43.533298,43.966702,42.783298,43.816700,23.787819,99147
2002-02-19,43.666698,43.849998,42.200001,42.200001,22.910124,135939
2002-02-20,42.333302,44.000000,42.200001,43.333302,23.525377,151281
2002-02-21,43.033298,43.666698,42.416698,43.166698,23.434933,88410
2002-02-22,43.163300,43.683300,42.433300,42.866699,23.272068,82524
2002-02-25,42.686699,43.033298,42.333302,43.000000,23.344439,62727
2002-02-26,42.933300,43.296700,42.503300,42.889999,23.284721,54030
2002-02-27,42.666698,43.166698,42.666698,43.166698,23.434933,71943
2002-02-28,43.000000,43.000000,42.200001,42.200001,22.910124,82251
2002-03-01,42.490002,43.333302,42.483299,42.536701,23.092915,140640
2002-03-04,43.200001,43.430000,42.500000,42.500000,23.072987,151737
2002-03-05,42.983299,43.240002,42.606701,42.666698,23.163490,123705
2002-03-06,43.233299,43.233299,42.733299,42.799999,23.235851,106290
2002-03-07,43.230000,43.230000,42.333302,42.333302,22.982496,156369
2002-03-08,42.866699,45.000000,42.700001,43.933300,23.851122,330696
2002-03-11,44.500000,44.959999,43.086700,43.333302,23.525377,116022
2002-03-12,43.033298,43.933300,42.783298,42.950001,23.317289,127950
2002-03-13,42.950001,43.849998,42.950001,43.750000,23.751608,113034
2002-03-14,43.503300,44.813301,43.436699,43.766701,23.760670,129825
2002-03-15,44.163300,45.316700,43.833302,45.316700,24.602160,145173
2002-03-18,45.000000,45.053299,44.406700,44.516701,24.167845,163497
2002-03-19,44.500000,44.666698,43.916698,44.000000,23.887333,70095
2002-03-20,44.166698,44.966702,44.166698,44.433300,24.122566,63330
2002-03-21,44.633301,44.816700,44.200001,44.200001,23.995911,54810
2002-03-22,44.336700,44.963299,44.200001,44.963299,24.410297,37401
2002-03-25,44.900002,45.166698,44.419998,44.959999,24.408504,74718
2002-03-26,45.166698,45.183300,44.633301,45.099998,24.484512,69321
2002-03-27,44.683300,45.099998,44.533298,44.536701,24.178705,40512
2002-03-28,44.666698,46.293301,44.663300,46.000000,24.973120,157038
2002-03-29,46.259998,46.259998,46.259998,46.259998,25.114269,0
2002-04-01,46.259998,46.259998,46.259998,46.259998,25.114269,0
2002-04-02,45.503300,45.833302,44.849998,45.000000,24.430222,114549
2002-04-03,44.836700,45.000000,43.450001,43.830002,23.795034,120588
2002-04-04,43.893299,45.000000,43.230000,45.000000,24.430222,163542
2002-04-05,44.570000,44.916698,44.570000,44.833302,24.339729,40239
2002-04-08,44.349998,44.733299,43.583302,43.650002,23.697315,72705
2002-04-09,43.933300,44.480000,43.666698,44.480000,24.147917,109128
2002-04-10,44.466702,45.266701,44.333302,45.133301,24.502594,77100
2002-04-11,45.016701,45.166698,44.366699,44.366699,24.086403,55725
2002-04-12,44.406700,45.000000,44.406700,45.000000,24.430222,59226
2002-04-15,45.000000,45.000000,44.540001,44.996700,24.428432,25116
2002-04-16,45.099998,45.099998,44.779999,45.000000,24.430222,39588
2002-04-17,45.000000,45.000000,44.500000,44.503300,24.160570,54144
2002-04-18,44.650002,44.666698,43.833302,44.599998,24.213068,100173
2002-04-19,44.633301,45.000000,44.583302,44.996700,24.428432,158184
2002-04-22,45.000000,46.166698,44.933300,44.933300,24.394014,238467
2002-04-23,45.533298,45.833302,45.200001,45.396702,24.645592,103608
2002-04-24,45.200001,45.500000,44.836700,44.836700,24.341570,95007
2002-04-25,44.873299,45.750000,44.683300,45.283298,24.584021,147291
2002-04-26,45.299999,45.366699,44.500000,45.166698,24.520723,103422
2002-04-29,45.150002,45.466702,44.549999,45.003300,24.432016,91983
2002-04-30,45.003300,45.283298,44.666698,44.833302,24.339729,52644
2002-05-01,44.980000,44.980000,44.980000,44.980000,24.419365,0
2002-05-02,45.099998,45.150002,44.116699,44.116699,23.950680,194643
2002-05-03,44.099998,45.000000,43.433300,43.763302,23.758825,218496
2002-05-06,43.666698,44.330002,43.633301,44.166698,23.977831,85821
2002-05-07,43.833302,44.200001,43.533298,43.533298,23.633957,111291
2002-05-08,44.250000,44.250000,42.916698,42.916698,23.299210,146820
2002-05-09,43.366699,43.366699,41.333302,41.333302,22.439590,112866
2002-05-10,42.163300,42.796700,42.000000,42.796700,23.234062,120645
2002-05-13,42.366699,42.799999,41.706699,42.016701,22.810604,125763
2002-05-14,41.833302,42.200001,41.076698,41.849998,22.720114,240276
2002-05-15,42.130001,42.366699,41.843300,42.366699,23.000618,102591
2002-05-16,42.333302,42.599998,42.000000,42.000000,22.801537,127539
2002-05-17,42.333302,42.333302,41.663300,41.916698,22.756319,192591
2002-05-20,44.400002,46.416698,44.366699,45.000000,24.430222,786189
2002-05-21,45.000000,45.000000,43.663300,44.250000,24.023054,444762
2002-05-22,44.333302,44.799999,43.299999,43.656700,23.700954,255288
2002-05-23,44.099998,44.590000,43.540001,44.333302,24.068274,151224
2002-05-24,44.599998,44.926701,43.666698,44.926701,25.177208,248361
2002-05-27,44.799999,44.799999,43.700001,44.126701,24.728884,143970
2002-05-28,43.750000,43.983299,43.299999,43.336700,24.286160,111780
2002-05-29,43.496700,43.496700,42.750000,42.963299,24.076904,252855
2002-05-30,43.240002,43.240002,42.000000,42.000000,23.537064,224094
2002-05-31,42.000000,42.833302,41.666698,42.116699,23.602468,809259
2002-06-03,42.099998,42.666698,42.036701,42.466702,23.798607,93279
2002-06-04,42.400002,42.833302,42.173302,42.666698,23.910688,198798
2002-06-05,42.533298,42.533298,41.536701,42.299999,24.450146,269499
2002-06-06,42.033298,42.483299,41.799999,41.833302,24.180391,172005
2002-06-07,42.166698,42.166698,41.266701,41.799999,24.161148,128538
2002-06-10,41.799999,41.963299,41.070000,41.316700,23.881784,143355
2002-06-11,41.333302,41.650002,41.333302,41.333302,23.891392,86169
2002-06-12,41.349998,41.433300,41.066700,41.066700,23.737282,67503
2002-06-13,41.299999,41.666698,41.266701,41.533298,24.006989,115389
2002-06-14,41.433300,41.643299,40.849998,40.900002,23.640926,163830
2002-06-17,41.066700,41.333302,40.700001,40.750000,23.554228,81714
2002-06-18,41.163300,41.333302,40.796700,41.200001,23.814331,107781
2002-06-19,41.049999,41.049999,39.463299,39.833302,23.024357,144156
2002-06-20,39.500000,39.733299,38.666698,39.263302,22.694887,235329
2002-06-21,38.736698,39.299999,38.389999,38.389999,22.190102,386439
2002-06-24,38.700001,39.333302,38.000000,38.000000,21.964680,230085
2002-06-25,38.333302,39.500000,38.333302,39.119999,22.612049,116268
2002-06-26,38.666698,38.666698,37.683300,37.733299,21.810520,272580
2002-06-27,37.833302,39.283298,37.833302,39.000000,22.542698,103029
2002-06-28,39.233299,41.000000,39.200001,41.000000,23.698727,257406
2002-07-01,40.966702,40.966702,40.033298,40.316700,23.303772,90219
2002-07-02,40.166698,40.583302,40.133301,40.500000,23.409719,132807
2002-07-03,40.000000,40.666698,39.706699,40.666698,23.506079,150375
2002-07-04,40.666698,40.666698,39.246700,39.516701,22.841360,67656
2002-07-05,39.583302,39.966702,39.266701,39.933300,23.082157,96420
2002-07-08,39.916698,40.660000,39.916698,40.660000,23.502201,71325
2002-07-09,40.633301,41.063301,39.533298,39.533298,22.850948,149760
2002-07-10,39.663300,39.913300,39.340000,39.340000,22.739222,77913
2002-07-11,39.299999,39.299999,38.720001,38.966702,22.523447,109866
2002-07-12,39.033298,39.480000,38.506699,38.516701,22.263340,85623
2002-07-15,38.916698,38.923302,38.500000,38.566700,22.292242,122739
2002-07-16,38.849998,38.926701,37.000000,37.369999,21.600525,365304
2002-07-17,37.333302,38.293301,37.333302,37.983299,21.955027,97809
2002-07-18,38.250000,38.650002,37.700001,38.000000,21.964680,52434
2002-07-19,37.669998,37.993301,36.750000,37.369999,21.600525,174162
2002-07-22,37.166698,37.296700,36.173302,37.000000,21.386656,201339
2002-07-23,36.500000,37.963299,35.333302,35.500000,20.519634,259233
2002-07-24,35.063301,35.063301,32.833302,34.200001,19.768208,308640
2002-07-25,34.996700,35.623299,33.353298,34.866699,20.153572,208800
2002-07-26,34.500000,35.313301,34.200001,34.990002,20.224840,94491
2002-07-29,34.566700,36.283298,34.566700,36.003300,20.810549,172407
2002-07-30,36.250000,36.493301,35.103298,35.709999,20.641018,119322
2002-07-31,36.166698,37.333302,35.000000,35.000000,20.230619,146973
2002-08-01,35.000000,35.333302,32.933300,33.250000,19.219090,214929
2002-08-02,33.333302,34.166698,33.136700,33.666698,19.459951,191913
2002-08-05,33.500000,33.500000,32.003300,32.003300,18.498476,115824
2002-08-06,32.200001,33.713299,30.500000,32.240002,18.635292,291654
2002-08-07,32.366699,33.660000,32.266701,33.400002,19.305798,218133
2002-08-08,34.336700,34.886700,33.833302,34.316700,19.835661,128793
2002-08-09,34.933300,34.933300,32.860001,34.266701,19.806761,115254
2002-08-12,34.266701,34.266701,33.230000,33.333302,19.267239,160599
2002-08-13,32.683300,32.686699,30.350000,30.966700,17.899303,693585
2002-08-14,31.116699,31.116699,29.840000,30.333300,17.533184,339690
2002-08-15,30.633301,31.166700,29.733299,29.996700,17.338629,274719
2002-08-16,29.996700,31.000000,29.833300,30.866699,17.841501,98406
2002-08-19,31.230000,31.650000,30.866699,31.650000,18.294266,107682
2002-08-20,32.123299,32.200001,30.233299,30.666700,17.725897,176370
2002-08-21,31.250000,31.920000,30.866699,30.963301,17.897341,144108
2002-08-22,31.166700,32.799999,31.083300,32.799999,18.958984,229803
2002-08-23,32.416698,32.816700,32.169998,32.799999,18.958984,143838
2002-08-26,33.106701,33.106701,32.216702,32.503300,18.787485,132537
2002-08-27,32.799999,33.316700,32.386700,32.766701,18.939734,130668
2002-08-28,32.516701,32.799999,32.049999,32.266701,18.650730,106560
2002-08-29,32.700001,33.000000,30.836700,31.133301,17.995600,292008
2002-08-30,31.400000,32.833302,31.400000,32.266701,18.650730,199983
2002-09-02,32.040001,32.833302,32.040001,32.833302,18.978231,72036
2002-09-03,32.833302,33.000000,31.396700,32.000000,18.496569,151824
2002-09-04,32.299999,32.299999,30.719999,30.950001,17.889650,183261
2002-09-05,31.303301,31.493299,30.166700,30.166700,17.436890,196497
2002-09-06,30.566700,30.566700,28.900000,29.666700,17.147879,370950
2002-09-09,29.650000,29.663300,28.753300,29.396700,16.991816,139137
2002-09-10,29.666700,30.500000,29.666700,30.313299,17.521626,57312
2002-09-11,30.833300,30.950001,30.206699,30.333300,17.533184,121788
2002-09-12,30.650000,30.650000,30.000000,30.100000,17.398335,30180
2002-09-13,30.966700,30.966700,29.336700,30.426701,17.587175,70854
2002-09-16,29.500000,30.266701,29.183300,29.746700,17.194124,98238
2002-09-17,29.746700,29.963301,29.000000,29.000000,16.762514,149967
2002-09-18,29.216700,29.666700,27.590000,27.900000,16.126699,137601
2002-09-19,28.000000,28.129999,27.003300,27.416700,15.847340,107412
2002-09-20,27.200001,28.666700,27.200001,28.666700,16.569860,210270
2002-09-23,31.666700,34.000000,31.333300,32.500000,18.785582,1081062
2002-09-24,32.233299,33.833302,32.033298,32.666698,18.881929,479220
2002-09-25,32.900002,32.993301,32.333302,32.406700,18.731647,480105
2002-09-26,33.263302,35.716702,32.900002,35.333302,20.423273,480351
2002-09-27,36.500000,37.233299,35.666698,36.849998,21.299952,565281
2002-09-30,35.366699,36.200001,30.833300,32.993301,19.070715,513873
2002-10-01,33.333302,34.000000,31.166700,32.000000,18.496569,328974
2002-10-02,32.993301,34.583302,32.993301,34.166698,19.748962,358395
2002-10-03,33.666698,34.966702,33.520000,33.860001,19.571684,148398
2002-10-04,34.296700,34.500000,33.169998,33.833302,19.556253,109542
2002-10-07,33.183300,33.493301,32.000000,32.333302,18.689228,88587
2002-10-08,32.333302,34.666698,32.233299,33.000000,19.074585,213480
2002-10-09,33.016701,34.153301,32.503300,33.840000,19.560120,246003
2002-10-10,33.666698,34.250000,32.743301,33.583302,19.411749,163260
2002-10-11,33.566700,34.000000,33.333302,33.849998,19.565901,58539
2002-10-14,34.333302,35.333302,33.700001,34.283298,19.816357,241089
2002-10-15,33.900002,35.966702,33.900002,35.966702,20.789391,291504
2002-10-16,35.500000,36.666698,35.433300,36.326698,20.997478,187935
2002-10-17,36.500000,36.500000,34.349998,35.000000,20.230619,147021
2002-10-18,34.533298,35.966702,34.250000,34.410000,19.889591,205359
2002-10-21,34.333302,35.666698,34.333302,35.466702,20.500385,143598
2002-10-22,35.066700,36.299999,35.066700,35.786701,20.685347,249345
2002-10-23,36.299999,36.299999,35.006699,35.416698,20.471479,116979
2002-10-24,35.996700,36.299999,35.516701,36.299999,20.982046,89097
2002-10-25,35.083302,36.299999,35.083302,36.299999,20.982046,85431
2002-10-28,36.133301,36.650002,35.533298,36.000000,20.808641,133161
2002-10-29,35.566700,36.166698,35.566700,35.673302,20.619804,69945
2002-10-30,36.603298,36.783298,35.799999,36.166698,20.905001,208047
2002-10-31,36.166698,37.096699,35.333302,37.096699,21.442551,238623
2002-11-01,36.736698,36.833302,36.033298,36.033298,20.827888,113832
2002-11-04,36.033298,37.233299,36.033298,36.966702,21.367407,126489
2002-11-05,36.666698,37.033298,36.250000,36.783298,21.261400,107616
2002-11-06,37.333302,37.333302,35.483299,36.596699,21.153545,129639
2002-11-07,36.666698,36.666698,34.410000,34.700001,20.057220,152682
2002-11-08,34.983299,36.626701,34.243301,36.626701,21.170879,204114
2002-11-11,36.500000,36.500000,34.703300,35.666698,20.615990,115896
2002-11-12,35.316700,36.000000,34.000000,35.000000,20.230619,154542
2002-11-13,34.266701,34.533298,32.916698,34.333302,19.845257,400167
2002-11-14,34.466702,34.500000,33.753300,34.066700,19.691162,151347
2002-11-15,34.333302,34.333302,32.936699,33.663300,19.457989,139437
2002-11-18,33.566700,33.976700,32.833302,33.166698,19.170942,140607
2002-11-19,33.163300,33.266701,32.599998,33.000000,19.074585,167715
2002-11-20,32.666698,32.700001,31.066700,31.666700,18.303915,471234
2002-11-21,31.700001,32.296700,31.166700,31.170000,18.016813,241356
2002-11-22,31.350000,31.556700,30.363300,31.496700,18.205650,279450
2002-11-25,31.533300,33.663300,31.510000,32.869999,18.999443,379569
2002-11-26,32.983299,33.623299,32.389999,33.366699,19.286545,208908
2002-11-27,33.403301,33.799999,32.700001,33.250000,19.219090,143409
2002-11-28,33.493301,33.549999,33.083302,33.466702,19.344349,197997
2002-11-29,33.416698,33.416698,33.000000,33.293301,19.244120,131493
2002-12-02,33.400002,33.400002,32.133301,32.166698,18.592926,180222
2002-12-03,32.919998,33.633301,32.716702,33.599998,19.421398,262698
2002-12-04,33.593300,33.593300,32.076698,32.240002,18.635292,201744
2002-12-05,32.666698,32.666698,31.809999,32.316700,18.679626,218223
2002-12-06,31.966700,32.326698,31.516701,32.000000,18.496569,147978
2002-12-09,32.433300,32.433300,31.033300,31.033300,17.937799,84387
2002-12-10,31.033300,32.313301,31.033300,31.996700,18.494661,231276
2002-12-11,36.599998,38.393299,34.503300,35.963299,20.787424,2021811
2002-12-12,35.966702,38.000000,35.166698,37.283298,21.550413,1004088
2002-12-13,37.830002,37.830002,34.833302,35.866699,20.731590,460284
2002-12-16,35.966702,36.166698,34.916698,36.156700,20.899220,208776
2002-12-17,36.163300,36.166698,35.233299,35.750000,20.664137,135723
2002-12-18,35.816700,36.830002,35.136700,36.669998,21.195911,304626
2002-12-19,36.666698,36.830002,34.833302,35.326698,20.419464,224490
2002-12-20,35.500000,35.889999,34.703300,35.599998,20.577427,184551
2002-12-23,35.779999,35.779999,34.686699,35.266701,20.384785,111336
2002-12-24,34.686699,34.686699,34.686699,34.686699,20.049530,0
2002-12-25,34.686699,34.686699,34.686699,34.686699,20.049530,0
2002-12-26,34.686699,34.686699,34.686699,34.686699,20.049530,0
2002-12-27,35.333302,35.333302,34.293301,35.000000,20.230619,93138
2002-12-30,34.756699,35.933300,34.500000,35.366699,20.442585,86031
2002-12-31,35.366699,35.366699,35.366699,35.366699,20.442585,0
2003-01-01,35.366699,35.366699,35.366699,35.366699,20.442585,0
2003-01-02,35.630001,35.826698,35.166698,35.533298,20.538877,56148
2003-01-03,35.283298,35.533298,34.833302,35.000000,20.230619,137403
2003-01-06,35.433300,35.466702,34.846699,35.250000,20.375128,69354
2003-01-07,35.006699,35.483299,34.869999,35.436699,20.483046,76503
2003-01-08,35.416698,35.416698,34.500000,34.500000,19.941610,179439
2003-01-09,34.666698,35.116699,33.916698,34.910000,20.178600,252924
2003-01-10,35.000000,35.296700,34.700001,35.133301,20.307673,148503
2003-01-13,35.000000,35.333302,34.666698,35.003300,20.232531,133113
2003-01-14,35.006699,35.290001,34.933300,35.223301,20.359695,78489
2003-01-15,35.320000,35.733299,34.983299,35.266701,20.384785,316743
2003-01-16,35.406700,35.406700,34.833302,35.000000,20.230619,79308
2003-01-17,35.066700,35.333302,34.803299,35.000000,20.230619,245229
2003-01-20,35.003300,35.666698,35.000000,35.166698,20.326979,90462
2003-01-21,35.503300,35.783298,35.216702,35.270000,20.386688,169674
2003-01-22,35.200001,35.326698,34.770000,34.916698,20.182470,202026
2003-01-23,34.666698,35.009998,33.706699,34.246700,19.795206,252852
2003-01-24,34.316700,34.626701,32.996700,33.333302,19.267239,167037
2003-01-27,33.330002,33.330002,31.900000,32.650002,18.872282,400929
2003-01-28,32.666698,33.326698,32.236698,32.833302,18.978231,234081
2003-01-29,32.833302,32.883301,32.166698,32.660000,18.878065,205440
2003-01-30,32.750000,33.316700,32.446701,32.599998,18.843380,158247
2003-01-31,32.833302,33.373299,32.419998,33.373299,19.290358,150606
2003-02-03,33.660000,33.930000,33.333302,33.586700,19.413710,83082
2003-02-04,33.689999,33.836700,32.666698,32.983299,19.064939,107031
2003-02-05,33.000000,33.446701,32.650002,33.166698,19.170942,83844
2003-02-06,33.083302,34.133301,33.000000,34.033298,19.671854,291654
2003-02-07,34.166698,34.316700,33.666698,33.953300,19.625614,130782
2003-02-10,34.056702,34.200001,33.033298,33.799999,19.537003,135906
2003-02-11,33.950001,34.776699,33.726700,34.333302,19.845257,239661
2003-02-12,33.333302,34.099998,32.856701,33.849998,19.565901,271236
2003-02-13,33.733299,33.733299,32.536701,33.099998,19.132387,228831
2003-02-14,33.316700,33.316700,32.270000,32.950001,19.045683,159153
2003-02-17,32.966702,33.066700,32.566700,32.669998,18.883839,140367
2003-02-18,32.683300,33.626701,32.509998,33.500000,19.363596,133527
2003-02-19,33.333302,33.336700,32.386700,32.483299,18.775925,103857
2003-02-20,32.826698,32.826698,31.370001,32.459999,18.762457,175740
2003-02-21,32.700001,33.316700,32.189999,32.333302,18.689228,75945
2003-02-24,32.500000,32.823299,32.213299,32.443298,18.752804,58779
2003-02-25,32.660000,32.660000,31.793301,32.049999,18.525469,96993
2003-02-26,31.736700,31.870001,31.629999,31.650000,18.294266,63858
2003-02-27,31.943300,33.316700,31.676701,33.316700,19.257648,164976
2003-02-28,33.413300,34.296700,32.703300,33.566700,19.402151,207969
2003-03-03,33.406700,33.750000,33.003300,33.713299,19.486891,103974
2003-03-04,33.613300,33.613300,33.000000,33.366699,19.286545,98349
2003-03-05,33.320000,33.320000,31.893299,31.893299,18.434895,210594
2003-03-06,32.083302,32.500000,32.000000,32.066700,18.535126,131493
2003-03-07,32.000000,33.033298,31.833300,33.033298,19.093832,149556
2003-03-10,32.616699,32.616699,31.376699,31.590000,18.259584,207321
2003-03-11,31.500000,32.826698,31.426701,32.576698,18.829916,251388
2003-03-12,31.873301,33.016701,31.700001,33.016701,19.084242,158604
2003-03-13,32.933300,33.500000,32.333302,33.500000,19.363596,327270
2003-03-14,33.403301,34.466702,33.403301,33.703300,19.481108,213186
2003-03-17,33.630001,34.279999,33.323299,33.833302,19.556253,166830
2003-03-18,33.333302,34.166698,32.130001,33.950001,19.623707,1043127
2003-03-19,34.233299,34.283298,32.786701,33.333302,19.267239,367398
2003-03-20,33.333302,33.333302,32.453300,32.716702,18.910837,206913
2003-03-21,32.573299,32.990002,32.099998,32.500000,18.785582,281910
2003-03-24,32.916698,32.916698,32.166698,32.333302,18.689228,162003
2003-03-25,32.166698,33.523300,32.166698,33.156700,19.165157,299013
2003-03-26,33.133301,34.900002,33.133301,34.599998,19.999418,309075
2003-03-27,34.266701,34.783298,33.419998,34.099998,19.710403,195537
2003-03-28,34.000000,34.330002,33.833302,34.000000,19.652607,218775
2003-03-31,33.966702,34.150002,33.666698,34.116699,19.720062,382989
2003-04-01,33.983299,34.153301,33.606701,34.136700,19.731621,456813
2003-04-02,34.296700,34.930000,33.966702,34.666698,20.037968,486885
2003-04-03,34.500000,38.666698,34.500000,37.403301,21.619772,1668207
2003-04-04,37.403301,37.403301,36.099998,37.000000,21.386656,571563
2003-04-07,36.766701,37.419998,36.500000,36.930000,21.346191,360744
2003-04-08,36.580002,38.716702,36.580002,38.500000,22.253683,673209
2003-04-09,38.173302,39.186699,37.433300,37.716702,21.800926,284304
2003-04-10,37.456699,38.126701,37.169998,37.663300,21.770058,115701
2003-04-11,37.400002,37.933300,36.869999,36.916698,21.338514,230016
2003-04-14,36.869999,37.576698,36.816700,37.133301,21.463709,140772
2003-04-15,36.836700,37.266701,35.683300,36.366699,21.020599,182772
2003-04-16,36.666698,37.253300,36.366699,36.663300,21.192038,214908
2003-04-17,36.500000,36.896702,36.333302,36.516701,21.107306,62385
2003-04-18,36.516701,36.516701,36.516701,36.516701,21.107306,0
2003-04-21,36.516701,36.516701,36.516701,36.516701,21.107306,0
2003-04-22,36.516701,37.299999,36.373299,37.296700,21.558161,129708
2003-04-23,37.000000,37.666698,37.000000,37.459999,21.652546,192501
2003-04-24,36.849998,37.500000,36.849998,37.283298,21.550413,225822
2003-04-25,37.336700,37.563301,37.333302,37.450001,21.646765,117579
2003-04-28,37.549999,37.666698,37.036701,37.083302,21.434805,160545
2003-04-29,37.266701,37.416698,37.090000,37.373299,21.602434,182787
2003-04-30,37.333302,37.366699,36.500000,37.133301,21.463709,241602
2003-05-01,37.133301,37.133301,37.133301,37.133301,21.463709,0
2003-05-02,37.316700,37.316700,35.836700,36.599998,21.155453,151479
2003-05-05,36.166698,36.696701,36.133301,36.500000,21.097651,160119
2003-05-06,36.630001,36.630001,35.630001,35.866699,20.731590,153741
2003-05-07,35.933300,35.933300,34.700001,35.000000,20.230619,317442
2003-05-08,35.000000,36.193298,35.000000,35.500000,20.519634,278394
2003-05-09,35.466702,36.500000,35.466702,35.676701,20.621763,93273
2003-05-12,35.966702,36.216702,35.369999,36.216702,20.933899,92181
2003-05-13,36.166698,36.666698,35.549999,36.516701,21.107306,222507
2003-05-14,36.333302,36.826698,35.740002,35.750000,20.664137,209094
2003-05-15,35.933300,36.666698,35.503300,36.663300,21.192038,128382
2003-05-16,36.663300,37.553299,36.400002,37.183300,21.492609,431709
2003-05-19,37.333302,38.000000,36.820000,37.250000,21.531164,343917
2003-05-20,37.033298,37.916698,36.873299,37.133301,21.463709,234786
2003-05-21,37.166698,37.833302,37.166698,37.833302,21.868320,285327
2003-05-22,38.000000,38.233299,37.520000,38.233299,22.099524,283176
2003-05-23,38.000000,39.230000,37.900002,39.000000,23.390253,811746
2003-05-26,38.633301,38.826698,38.133301,38.333302,22.990395,188082
2003-05-27,38.593300,38.933300,37.689999,38.496700,23.088398,316146
2003-05-28,38.336700,38.916698,38.183300,38.490002,23.084383,254805
2003-05-29,38.450001,38.676701,38.383301,38.383301,23.020384,109827
2003-05-30,38.333302,39.163300,37.700001,39.163300,23.488190,575313
2003-06-02,39.000000,39.233299,38.603298,38.950001,23.360264,266409
2003-06-03,39.000000,39.133301,38.266701,38.533298,23.110344,203148
2003-06-04,38.416698,38.833302,37.983299,37.983299,22.780487,220599
2003-06-05,37.866699,38.160000,37.343300,37.740002,22.634567,314031
2003-06-06,37.676701,38.796700,37.500000,38.333302,22.990395,240621
2003-06-09,38.566700,38.666698,37.433300,38.396702,23.028419,46953
2003-06-10,38.250000,38.490002,38.133301,38.470001,23.072384,55998
2003-06-11,38.206699,39.136700,38.206699,38.933300,23.350246,236355
2003-06-12,38.663300,39.029999,37.799999,38.166698,23.744297,212358
2003-06-13,38.216702,38.299999,37.703300,38.223301,23.779512,119967
2003-06-16,38.296700,38.299999,37.703300,38.133301,23.723516,107568
2003-06-17,38.116699,38.163300,37.509998,37.799999,23.516169,273879
2003-06-18,37.910000,37.910000,37.483299,37.520000,23.341978,122805
2003-06-19,37.889999,37.916698,37.400002,37.623299,23.406240,134421
2003-06-20,37.616699,37.776699,37.456699,37.630001,23.410404,116181
2003-06-23,37.666698,37.746700,37.386700,37.433300,23.288034,173592
2003-06-24,38.266701,38.666698,37.770000,38.566700,23.993147,708933
2003-06-25,38.666698,39.080002,38.000000,38.299999,23.827225,317700
2003-06-26,38.166698,39.000000,38.166698,38.849998,24.169392,371355
2003-06-27,38.833302,39.566700,38.766701,39.216702,24.397524,416136
2003-06-30,39.166698,39.383301,38.673302,38.799999,24.138285,393108
2003-07-01,38.673302,39.000000,37.833302,38.216702,23.775402,245364
2003-07-02,38.633301,38.863300,38.169998,38.646702,24.042921,382050
2003-07-03,38.500000,38.553299,37.473301,38.266701,23.806513,380388
2003-07-04,37.849998,38.233299,37.533298,37.833302,23.536882,35934
2003-07-07,37.889999,38.080002,37.419998,37.450001,23.298428,217773
2003-07-08,37.500000,37.799999,37.006699,37.700001,23.453959,280740
2003-07-09,37.666698,37.896702,37.373299,37.456699,23.302595,214200
2003-07-10,37.500000,37.580002,37.070000,37.416698,23.277708,356616
2003-07-11,37.413300,37.573299,37.166698,37.480000,23.317085,119511
2003-07-14,37.500000,37.666698,37.349998,37.643299,23.418684,117747
2003-07-15,37.546700,37.830002,37.333302,37.626701,23.408356,128412
2003-07-16,37.459999,37.700001,37.066700,37.349998,23.236214,251409
2003-07-17,37.133301,37.683300,36.863300,37.099998,23.080683,171915
2003-07-18,37.000000,37.330002,36.833302,37.096699,23.078632,183945
2003-07-21,37.166698,37.233299,36.939999,37.000000,23.018471,50682
2003-07-22,37.166698,37.259998,36.933300,37.000000,23.018471,135876
2003-07-23,37.000000,37.083302,36.459999,36.799999,22.894041,154554
2003-07-24,36.933300,36.990002,36.666698,36.990002,23.012253,95583
2003-07-25,36.966702,37.146702,36.666698,37.146702,23.109734,85263
2003-07-28,37.000000,37.000000,36.333302,36.549999,22.738518,157539
2003-07-29,36.593300,36.650002,36.226700,36.650002,22.800730,75132
2003-07-30,36.426701,36.549999,36.093300,36.330002,22.601650,61401
2003-07-31,36.333302,36.333302,35.500000,35.750000,22.240822,420618
2003-08-01,35.703300,35.733299,35.033298,35.333302,21.981581,197520
2003-08-04,35.000000,35.383301,35.000000,35.299999,21.960869,150564
2003-08-05,35.456699,35.466702,34.840000,35.333302,21.981581,313155
2003-08-06,35.396702,36.639999,35.003300,36.330002,22.601650,340461
2003-08-07,35.666698,35.963299,35.333302,35.583302,22.137117,634767
2003-08-08,35.633301,35.683300,35.186699,35.186699,21.890379,236964
2003-08-11,35.316700,35.799999,35.316700,35.513302,22.093565,182580
2003-08-12,35.496700,35.939999,35.000000,35.716702,22.220106,253911
2003-08-13,36.216702,38.750000,36.200001,38.750000,24.107182,1773144
2003-08-14,38.633301,38.666698,37.716702,38.633301,24.034584,964179
2003-08-15,38.463299,38.650002,38.236698,38.366699,23.868721,297951
2003-08-18,38.396702,38.396702,37.366699,37.650002,23.422850,794043
2003-08-19,38.036701,38.040001,36.683300,36.916698,22.966650,430992
2003-08-20,36.883301,37.980000,36.883301,37.833302,23.536882,412581
2003-08-21,37.700001,38.163300,37.599998,38.000000,23.640591,346074
2003-08-22,38.126701,38.650002,37.856701,38.650002,24.044968,381750
2003-08-25,38.266701,38.603298,38.000000,38.333302,23.847946,196587
2003-08-26,38.333302,38.626701,37.776699,37.840000,23.541052,177600
2003-08-27,38.166698,38.650002,38.166698,38.650002,24.044968,338088
2003-08-28,38.630001,38.666698,38.256699,38.450001,23.920546,304977
2003-08-29,38.593300,38.599998,38.283298,38.566700,23.993147,108855
2003-09-01,38.400002,38.583302,38.283298,38.566700,23.993147,128841
2003-09-02,38.336700,38.549999,38.166698,38.330002,23.845892,107340
2003-09-03,38.133301,38.746700,38.133301,38.746700,24.105127,156708
2003-09-04,38.516701,38.750000,38.240002,38.419998,23.901878,218937
2003-09-05,38.533298,38.533298,38.266701,38.496700,23.949594,99837
2003-09-08,38.139999,38.613300,38.139999,38.596699,24.011806,94632
2003-09-09,38.613300,38.613300,38.036701,38.423302,23.903934,73173
2003-09-10,38.259998,38.486698,37.966702,38.343300,23.854160,104373
2003-09-11,37.866699,38.316700,37.833302,38.299999,23.827225,120186
2003-09-12,38.133301,38.599998,38.009998,38.599998,24.013863,204282
2003-09-15,38.336700,38.650002,38.169998,38.403301,23.891495,52002
2003-09-16,38.403301,38.666698,38.166698,38.413300,23.897715,136152
2003-09-17,38.266701,38.560001,38.076698,38.466702,23.930939,151824
2003-09-18,38.500000,38.500000,37.900002,38.016701,23.650980,192411
2003-09-19,38.263302,38.263302,37.746700,38.099998,23.702797,162741
2003-09-22,37.766701,38.000000,36.966702,37.366699,23.246605,266259
2003-09-23,37.133301,37.366699,36.000000,36.833302,22.914768,253647
2003-09-24,36.630001,36.833302,36.173302,36.756699,22.867109,100569
2003-09-25,36.333302,36.759998,36.123299,36.463299,22.684578,94653
2003-09-26,37.333302,37.450001,36.133301,36.586700,22.761349,330741
2003-09-29,36.500000,36.663300,35.703300,36.596699,22.767570,204777
2003-09-30,36.336700,36.666698,35.873299,36.580002,22.757179,134499
2003-10-01,36.153301,36.493301,35.840000,36.389999,22.638981,72792
2003-10-02,36.433300,37.143299,36.200001,36.993301,23.014305,107103
2003-10-03,37.116699,37.116699,36.176701,36.916698,22.966650,95001
2003-10-06,37.076698,37.076698,36.169998,36.466702,22.686699,228666
2003-10-07,36.466702,36.466702,35.873299,36.083302,22.448177,226038
2003-10-08,36.016701,36.226700,35.833302,35.966702,22.375629,171951
2003-10-09,36.093300,37.000000,35.893299,36.830002,22.912712,271530
2003-10-10,36.413300,36.866699,35.666698,36.080002,22.446121,595107
2003-10-13,36.316700,36.896702,36.166698,36.433300,22.665916,408060
2003-10-14,36.653301,37.000000,36.186699,36.983299,23.008078,432762
2003-10-15,37.000000,37.033298,36.033298,36.333302,22.603703,369558
2003-10-16,36.340000,36.666698,35.759998,36.333302,22.603703,439137
2003-10-17,36.333302,36.866699,36.146702,36.823299,22.908539,468864
2003-10-20,36.666698,38.500000,36.506699,38.166698,23.744297,540186
2003-10-21,38.383301,38.933300,37.166698,38.256699,23.800287,1056585
2003-10-22,38.230000,39.669998,35.250000,35.916698,22.344526,3142281
2003-10-23,36.000000,36.716702,31.036699,33.333302,20.737345,7592076
2003-10-24,33.250000,34.500000,32.400002,33.400002,20.778839,3008529
2003-10-27,33.500000,33.866699,32.889999,33.430000,20.797499,573492
2003-10-28,33.333302,33.666698,32.833302,32.866699,20.447058,317589
2003-10-29,33.266701,33.266701,32.033298,32.250000,20.063398,372546
2003-10-30,32.466702,32.793301,32.123299,32.533298,20.239645,295311
2003-10-31,32.433300,32.733299,32.316700,32.343300,20.121439,129366
2003-11-03,32.580002,33.013302,32.366699,32.810001,20.411783,169971
2003-11-04,32.883301,32.916698,32.256699,32.436699,20.179543,229572
2003-11-05,32.433300,32.666698,32.333302,32.563301,20.258310,299196
2003-11-06,32.790001,32.816700,32.266701,32.383301,20.146320,302958
2003-11-07,32.599998,32.599998,31.846701,32.500000,20.218927,224625
2003-11-10,32.593300,32.663300,32.333302,32.663300,20.320517,136428
2003-11-11,32.733299,32.733299,32.000000,32.083302,19.959690,193587
2003-11-12,32.330002,32.616699,32.166698,32.353298,20.127657,211800
2003-11-13,32.466702,32.656700,32.200001,32.496700,20.216875,204804
2003-11-14,32.643299,32.643299,32.006699,32.006699,19.912035,185271
2003-11-17,31.833300,32.099998,31.766701,31.933300,19.866371,137886
2003-11-18,32.000000,32.333302,31.866699,32.033298,19.928581,167082
2003-11-19,32.000000,32.143299,31.503300,32.143299,19.997013,230370
2003-11-20,32.263302,32.263302,31.400000,31.620001,19.671459,282765
2003-11-21,31.656700,31.656700,31.240000,31.299999,19.472382,134112
2003-11-24,31.166700,31.616699,30.983299,31.173300,19.393560,215484
2003-11-25,31.366699,31.633301,31.333300,31.566700,19.638302,240336
2003-11-26,31.666700,31.796700,31.500000,31.500000,19.596802,192414
2003-11-27,31.333300,31.533300,31.166700,31.496700,19.594753,112764
2003-11-28,31.366699,31.500000,31.103300,31.200001,19.410172,172980
2003-12-01,31.299999,31.433300,31.049999,31.433300,19.555317,192990
2003-12-02,31.340000,31.500000,31.120001,31.270000,19.453716,136128
2003-12-03,31.500000,31.500000,31.016701,31.116699,19.358347,183315
2003-12-04,31.166700,31.273300,31.070000,31.250000,19.441278,142965
2003-12-05,31.216700,31.316700,30.743299,30.923300,19.238029,198120
2003-12-08,31.066700,31.066700,30.666700,30.953300,19.256693,130350
2003-12-09,30.833300,31.283300,30.833300,31.283300,19.461994,173103
2003-12-10,31.066700,31.273300,30.773300,31.000000,19.285748,207264
2003-12-11,31.146700,31.260000,30.766701,30.836700,19.184153,99372
2003-12-12,30.906700,31.740000,30.906700,31.580000,19.646574,359412
2003-12-15,31.666700,31.666700,31.016701,31.433300,19.555317,243444
2003-12-16,31.566700,32.083302,31.200001,32.083302,19.959690,274866
2003-12-17,32.099998,32.099998,31.620001,31.719999,19.733671,251247
2003-12-18,31.723301,32.243301,31.296700,31.966700,19.887152,283644
2003-12-19,31.966700,31.993299,31.719999,31.733299,19.741945,201732
2003-12-22,31.733299,32.766701,31.733299,32.383301,20.146320,712758
2003-12-23,33.330002,33.490002,32.036701,32.119999,19.982523,1761894
2003-12-24,32.119999,32.119999,32.119999,32.119999,19.982523,0
2003-12-25,32.119999,32.119999,32.119999,32.119999,19.982523,0
2003-12-26,32.119999,32.119999,32.119999,32.119999,19.982523,0
2003-12-29,32.466702,32.533298,31.833300,32.439999,20.181601,143475
2003-12-30,32.596699,32.596699,32.066700,32.066700,19.949362,164241
2003-12-31,32.066700,32.066700,32.066700,32.066700,19.949362,0
2004-01-01,32.066700,32.066700,32.066700,32.066700,19.949362,0
2004-01-02,32.253300,32.860001,32.220001,32.830002,20.424229,135132
2004-01-05,32.666698,33.266701,32.639999,33.099998,20.592203,445137
2004-01-06,33.116699,33.206699,32.790001,32.833302,20.426285,200670
2004-01-07,33.083302,33.583302,32.799999,32.799999,20.405565,454122
2004-01-08,32.966702,33.200001,32.966702,33.066700,20.571484,203481
2004-01-09,33.200001,33.263302,33.070000,33.133301,20.612917,131736
2004-01-12,33.099998,33.133301,32.933300,32.986698,20.521711,106098
2004-01-13,33.130001,33.150002,32.936699,32.996700,20.527937,136293
2004-01-14,32.933300,33.146702,32.636700,32.636700,20.303968,149184
2004-01-15,32.730000,32.766701,32.259998,32.316700,20.104895,160599
2004-01-16,32.566700,33.083302,32.333302,32.813301,20.413839,376935
2004-01-19,32.996700,33.196701,32.900002,33.000000,20.529984,118725
2004-01-20,33.056702,33.266701,32.963299,33.216702,20.664799,227076
2004-01-21,33.060001,33.163300,32.986698,33.080002,20.579758,279969
2004-01-22,33.150002,33.663300,33.040001,33.073299,20.575592,444102
2004-01-23,33.033298,33.919998,31.620001,31.750000,19.752337,1174944
2004-01-26,31.750000,32.526699,31.750000,32.276699,20.080006,180312
2004-01-27,32.299999,32.566700,32.166698,32.349998,20.125610,189495
2004-01-28,32.376701,32.433300,31.883301,32.000000,19.907866,268509
2004-01-29,32.000000,32.000000,31.666700,31.746700,19.750284,238761
2004-01-30,31.959999,32.000000,31.226700,31.226700,19.426779,264582
2004-02-02,31.166700,31.333300,30.866699,30.879999,19.211086,419235
2004-02-03,30.866699,31.600000,30.866699,31.240000,19.435055,270528
2004-02-04,31.333300,31.333300,31.003300,31.030001,19.304407,232629
2004-02-05,31.000000,31.150000,31.000000,31.083300,19.337568,269637
2004-02-06,31.036699,31.186701,30.966700,31.006701,19.289913,204267
2004-02-09,31.049999,31.180000,30.966700,31.059999,19.323074,137319
2004-02-10,31.059999,31.166700,31.000000,31.066700,19.327240,175098
2004-02-11,31.003300,31.150000,30.799999,30.879999,19.211086,289599
2004-02-12,30.996700,31.100000,30.806700,30.986700,19.277472,179001
2004-02-13,30.806700,31.000000,30.806700,30.833300,19.182037,114093
2004-02-16,30.833300,30.933300,30.666700,30.896700,19.221481,171003
2004-02-17,30.803301,30.896700,30.180000,30.500000,18.974684,337125
2004-02-18,30.336700,30.396700,29.866699,29.893299,18.597248,638295
2004-02-19,29.893299,30.299999,29.833300,30.063299,18.702999,220521
2004-02-20,30.150000,30.150000,29.883301,30.033300,18.684340,264897
2004-02-23,30.033300,30.400000,29.956699,30.049999,18.694729,138783
2004-02-24,30.333300,30.333300,29.700001,29.933300,18.622133,261321
2004-02-25,29.850000,30.023300,29.773300,29.853300,18.572361,227043
2004-02-26,29.833300,29.983299,29.389999,29.389999,18.284128,208515
2004-02-27,29.416700,29.566700,29.343300,29.466700,18.331846,525207
2004-03-01,29.500000,29.833300,29.219999,29.666700,18.456272,139530
2004-03-02,29.933300,30.413300,29.836700,30.333300,18.870977,213996
2004-03-03,30.356701,30.483299,30.100000,30.250000,18.819153,133665
2004-03-04,30.083300,30.209999,30.000000,30.000000,18.663624,61317
2004-03-05,30.000000,30.250000,29.870001,30.250000,18.819153,142023
2004-03-08,30.250000,30.663300,30.186701,30.663300,19.076279,124173
2004-03-09,30.583300,30.583300,30.233299,30.303301,18.852314,143223
2004-03-10,30.166700,30.473301,30.023300,30.250000,18.819153,114993
2004-03-11,30.040001,30.100000,29.416700,29.676701,18.462496,241443
2004-03-12,29.400000,29.633301,29.166700,29.540001,18.377449,189081
2004-03-15,29.400000,29.596701,29.170000,29.500000,18.352564,156123
2004-03-16,29.666700,30.003300,29.170000,30.000000,18.663624,233145
2004-03-17,30.299999,30.299999,29.603300,29.730000,18.495649,272310
2004-03-18,29.373301,29.733299,29.033300,29.033300,18.062216,165897
2004-03-19,29.000000,29.209999,28.426701,28.466700,17.709726,548061
2004-03-22,28.379999,28.500000,28.176701,28.466700,17.709726,275049
2004-03-23,28.323299,28.333300,27.799999,27.906700,17.361340,300774
2004-03-24,27.916700,27.916700,27.426701,27.799999,17.294960,373875
2004-03-25,27.833300,28.596701,27.833300,28.596701,17.790600,290247
2004-03-26,28.653299,28.666700,28.166700,28.266701,17.585300,294210
2004-03-29,28.333300,28.966700,28.166700,28.966700,18.020782,294054
2004-03-30,29.100000,29.446699,28.666700,28.966700,18.020782,248745
2004-03-31,28.966700,29.133301,28.683300,28.866699,17.958576,200967
2004-04-01,29.016701,29.510000,28.850000,29.166700,18.145214,241026
2004-04-02,29.400000,30.276699,29.299999,30.166700,18.767330,266061
2004-04-05,30.333300,30.333300,29.353300,29.633301,18.435493,144120
2004-04-06,29.666700,29.843300,29.166700,29.670000,18.458326,275208
2004-04-07,29.466700,29.799999,29.340000,29.366699,18.269630,79965
2004-04-08,29.596701,29.660000,29.266701,29.520000,18.365009,143385
2004-04-09,29.520000,29.520000,29.520000,29.520000,18.365009,0
2004-04-12,29.520000,29.520000,29.520000,29.520000,18.365009,0
2004-04-13,29.516701,29.666700,29.370001,29.603300,18.416830,224370
2004-04-14,29.416700,29.950001,29.416700,29.950001,18.632521,215829
2004-04-15,29.933300,30.440001,29.733299,30.440001,18.937357,145380
2004-04-16,30.466700,30.896700,30.266701,30.889999,19.217314,262902
2004-04-19,30.900000,30.900000,30.450001,30.516701,18.985071,197349
2004-04-20,30.533300,30.666700,30.233299,30.666700,19.078392,208224
2004-04-21,30.450001,30.693300,30.333300,30.566700,19.016184,281934
2004-04-22,30.500000,30.796700,30.500000,30.676701,19.084618,189147
2004-04-23,30.733299,30.816700,30.549999,30.783300,19.150930,94617
2004-04-26,30.816700,30.833300,30.243299,30.416700,18.922861,152445
2004-04-27,30.503300,30.566700,30.000000,30.136700,18.748667,137559
2004-04-28,30.299999,30.650000,30.100000,30.500000,18.974684,148947
2004-04-29,30.566700,30.566700,29.983299,30.049999,18.694729,130515
2004-04-30,30.166700,30.666700,30.120001,30.350000,18.881369,198210
2004-05-03,30.396700,30.816700,30.396700,30.780001,19.148884,69054
2004-05-04,30.646700,31.500000,30.646700,30.903299,19.225584,354465
2004-05-05,31.166700,31.416700,30.666700,31.413300,19.542871,221454
2004-05-06,31.366699,31.493299,31.166700,31.226700,19.426779,185283
2004-05-07,31.266701,31.266701,30.746700,30.746700,19.128164,152517
2004-05-10,30.983299,30.983299,30.033300,30.033300,18.684340,245358
2004-05-11,30.166700,31.370001,30.083300,31.156700,19.383236,164253
2004-05-12,31.400000,31.400000,30.806700,30.930000,19.242199,80676
2004-05-13,30.933300,31.166700,30.833300,31.000000,19.285748,130014
2004-05-14,31.000000,31.116699,30.510000,30.510000,18.980904,106971
2004-05-17,30.180000,30.610001,29.920000,30.463301,18.951855,208644
2004-05-18,30.440001,31.166700,30.333300,31.166700,19.389448,113931
2004-05-19,30.920000,31.153299,30.706699,30.830000,19.179983,69768
2004-05-20,30.500000,30.813299,30.500000,30.603300,19.038952,14178
2004-05-21,30.603300,31.166700,30.516701,30.926701,19.240143,89925
2004-05-24,30.906700,31.156700,30.500000,30.743299,19.126047,176943
2004-05-25,30.753300,30.950001,30.506701,30.750000,19.130215,54906
2004-05-26,31.086700,31.166700,30.856701,31.110001,19.354181,186636
2004-05-27,31.256701,31.330000,31.003300,31.313299,19.480656,342852
2004-05-28,31.316700,31.316700,30.673300,30.673300,19.082497,306525
2004-05-31,30.516701,31.096701,30.516701,31.049999,19.316849,32121
2004-06-01,31.163300,31.163300,30.936701,30.936701,19.246370,134058
2004-06-02,31.146700,31.163300,30.933300,31.123301,19.362452,44583
2004-06-03,31.150000,31.150000,30.656700,30.830000,19.179983,186921
2004-06-04,30.566700,30.783300,30.230000,30.473301,19.995810,275022
2004-06-07,30.756701,30.756701,30.313299,30.733299,21.126900,101415
2004-06-08,30.799999,30.799999,30.566700,30.736700,21.129240,44544
2004-06-09,30.683300,30.796700,30.650000,30.716700,21.115484,79878
2004-06-10,30.666700,31.083300,30.666700,31.083300,21.367495,74970
2004-06-11,30.809999,31.129999,30.809999,31.110001,21.385853,196821
2004-06-14,31.000000,31.083300,30.583300,30.886700,21.232349,88644
2004-06-15,30.673300,30.973301,30.666700,30.776699,21.156734,158055
2004-06-16,30.733299,30.959999,30.516701,30.959999,21.282738,50277
2004-06-17,30.670000,30.950001,30.670000,30.940001,21.268993,36555
2004-06-18,30.846701,30.996700,30.786699,30.799999,21.172749,37725
2004-06-21,30.860001,31.133301,30.746700,31.080000,21.365231,47019
2004-06-22,30.923300,31.216700,30.843300,31.106701,21.383583,121173
2004-06-23,31.083300,31.216700,30.850000,31.133301,21.401878,157044
2004-06-24,31.100000,31.129999,30.870001,31.129999,21.399603,62697
2004-06-25,31.216700,31.570000,31.083300,31.353300,21.553108,123198
2004-06-28,31.450001,31.666700,31.266701,31.600000,21.722696,225591
2004-06-29,31.626699,31.966700,31.466700,31.666700,21.768547,167931
2004-06-30,31.533300,32.263302,31.533300,32.016701,22.009146,166491
2004-07-01,32.256699,32.263302,31.933300,32.049999,22.032036,244440
2004-07-02,32.000000,32.200001,32.000000,32.073299,22.048056,164775
2004-07-05,32.029999,32.756699,32.029999,32.666698,22.455971,242562
2004-07-06,32.666698,32.906700,32.546700,32.669998,22.458239,484353
2004-07-07,32.669998,32.950001,32.666698,32.933300,22.639238,254589
2004-07-08,32.883301,33.066700,32.666698,32.900002,22.616350,144015
2004-07-09,32.980000,32.980000,32.099998,32.143299,22.096167,546408
2004-07-12,32.066700,32.196701,31.803301,31.896700,21.926649,157434
2004-07-13,31.893299,31.893299,31.270000,31.666700,21.768547,277743
2004-07-14,31.616699,31.666700,31.083300,31.500000,21.653948,303756
2004-07-15,31.500000,31.866699,31.500000,31.559999,21.695192,92460
2004-07-16,31.416700,31.883301,31.416700,31.600000,21.722696,90564
2004-07-19,31.559999,31.896700,31.433300,31.493299,21.649343,44058
2004-07-20,31.433300,31.650000,31.150000,31.450001,21.619577,127149
2004-07-21,31.500000,31.730000,31.333300,31.500000,21.653948,78489
2004-07-22,31.793301,31.793301,31.260000,31.266701,21.493572,66060
2004-07-23,31.500000,31.500000,31.083300,31.200001,21.447723,70980
2004-07-26,31.083300,31.379999,31.066700,31.066700,21.356085,83439
2004-07-27,31.083300,31.596701,31.083300,31.483299,21.642466,86886
2004-07-28,31.799999,32.366699,31.796700,32.326698,22.222244,361872
2004-07-29,32.009998,32.433300,31.973301,31.973301,21.979313,96912
2004-07-30,32.326698,32.396702,31.766701,32.196701,22.132885,52500
2004-08-02,32.266701,32.266701,31.746700,31.853300,21.896814,44973
2004-08-03,31.753300,31.930000,31.516701,31.580000,21.708942,123057
2004-08-04,31.533300,31.549999,30.916700,31.023300,21.326250,245928
2004-08-05,31.200001,31.670000,31.133301,31.330000,21.537090,113070
2004-08-06,31.133301,31.266701,29.983299,30.756701,21.142990,84945
2004-08-09,30.666700,31.016701,30.400000,30.500000,20.966520,86223
2004-08-10,30.666700,30.876699,30.506701,30.730000,21.124630,106572
2004-08-11,30.230000,30.230000,27.416700,27.533300,18.927134,1310514
2004-08-12,27.966700,28.413300,27.383301,27.566700,18.950092,493476
2004-08-13,27.780001,27.900000,27.500000,27.510000,18.911112,174723
2004-08-16,27.766701,27.799999,26.900000,27.333300,18.789648,269544
2004-08-17,27.583300,28.100000,27.273300,27.650000,19.007351,197016
2004-08-18,27.666700,27.666700,27.386700,27.533300,18.927134,58164
2004-08-19,27.603300,27.650000,27.040001,27.230000,18.718634,146802
2004-08-20,27.096701,27.263300,26.756701,26.879999,18.478041,132588
2004-08-23,26.833300,27.150000,26.766701,26.900000,18.491787,309378
2004-08-24,26.786699,26.883301,26.366699,26.629999,18.306181,309486
2004-08-25,26.656700,26.900000,26.656700,26.780001,18.409292,126651
2004-08-26,27.000000,27.043301,26.733299,26.959999,18.533030,144174
2004-08-27,27.013300,27.083300,26.813299,26.900000,18.491787,80403
2004-08-30,26.933300,26.966700,26.750000,26.850000,18.457413,76872
2004-08-31,26.950001,26.950001,26.633301,26.633301,18.308451,223989
2004-09-01,26.833300,26.883301,26.526699,26.686701,18.345161,165612
2004-09-02,26.750000,26.750000,25.726700,26.166700,17.987696,337617
2004-09-03,26.333300,26.629999,25.900000,26.533300,18.239704,381117
2004-09-06,26.323299,26.773300,26.323299,26.726700,18.372656,102669
2004-09-07,26.766701,26.913300,26.563299,26.790001,18.416172,125418
2004-09-08,26.950001,26.950001,26.440001,26.463301,18.191587,109149
2004-09-09,26.663300,26.833300,26.503300,26.666700,18.331408,114498
2004-09-10,26.883301,26.913300,26.510000,26.853300,18.459686,123075
2004-09-13,26.830000,27.080000,26.600000,27.080000,18.615520,109227
2004-09-14,27.133301,27.133301,26.750000,26.963301,18.535299,113637
2004-09-15,26.773300,27.206699,26.773300,27.133301,18.652166,267870
2004-09-16,27.230000,27.230000,26.700001,27.000000,18.560526,94572
2004-09-17,27.000000,27.066700,26.816700,26.866699,18.468897,150771
2004-09-20,26.833300,26.879999,25.816700,26.309999,18.086203,455100
2004-09-21,26.416700,26.416700,25.870001,26.003300,17.875370,202578
2004-09-22,26.000000,26.250000,25.816700,25.823299,17.751633,127743
2004-09-23,25.700001,25.783300,25.286699,25.500000,17.529388,291330
2004-09-24,25.666700,25.733299,25.549999,25.676701,17.650858,199611
2004-09-27,25.666700,25.716700,25.176701,25.246700,17.355263,105498
2004-09-28,25.170000,25.666700,25.056700,25.603300,17.600401,201795
2004-09-29,25.666700,25.666700,25.356701,25.366699,17.437754,196152
2004-09-30,25.496700,25.666700,25.333300,25.463301,17.504166,80355
2004-10-01,25.266701,25.299999,25.059999,25.059999,17.226919,150873
2004-10-04,25.170000,25.400000,25.166700,25.216700,17.334637,294303
2004-10-05,25.333300,25.333300,25.100000,25.266701,17.369011,88497
2004-10-06,25.133301,25.333300,24.733299,25.240000,17.350657,334236
2004-10-07,25.416700,25.416700,24.866699,25.000000,17.185673,275664
2004-10-08,25.070000,25.129999,23.966700,24.366699,16.750320,516744
2004-10-11,24.233299,24.246700,23.320000,23.433300,16.108681,790359
2004-10-12,23.433300,24.026699,23.379999,23.950001,16.463873,261777
2004-10-13,24.170000,24.566700,23.673300,23.776699,16.344742,327924
2004-10-14,23.670000,24.316700,23.666700,23.856701,16.399738,300210
2004-10-15,23.740000,24.133301,23.700001,23.756701,16.330999,280527
2004-10-18,23.733299,23.916700,23.366699,23.426701,16.104147,215826
2004-10-19,23.600000,24.150000,23.543301,23.879999,16.415760,233517
2004-10-20,24.000000,24.000000,23.666700,23.860001,16.402008,93222
2004-10-21,23.850000,24.100000,23.666700,24.020000,16.511999,276096
2004-10-22,24.066700,24.600000,23.986700,24.590000,16.903830,401865
2004-10-25,24.333300,24.333300,23.666700,23.763300,16.335535,163785
2004-10-26,23.930000,24.363300,23.850000,24.070000,16.546368,153222
2004-10-27,24.316700,24.633301,23.969999,24.453300,16.809860,231321
2004-10-28,24.573299,24.700001,24.503300,24.623301,16.926723,94482
2004-10-29,24.733299,24.809999,24.340000,24.809999,17.055063,182391
2004-11-01,24.883301,24.883301,24.386700,24.500000,16.841965,71568
2004-11-02,24.763300,24.763300,24.333300,24.430000,16.793844,205095
2004-11-03,24.653299,24.680000,23.969999,24.273300,16.686119,365967
2004-11-04,24.466700,24.466700,24.240000,24.313299,16.713621,173589
2004-11-05,24.500000,24.793301,24.333300,24.563299,16.885473,294333
2004-11-08,24.660000,24.700001,24.500000,24.646700,16.942808,207819
2004-11-09,24.666700,25.200001,24.573299,25.033300,17.208567,386775
2004-11-10,25.170000,26.866699,25.170000,26.806700,18.427649,1488195
2004-11-11,26.853300,27.293301,26.559999,26.690001,18.347425,597156
2004-11-12,27.000000,27.000000,26.186701,26.456699,18.187054,555837
2004-11-15,26.590000,26.840000,26.196699,26.270000,18.058704,190287
2004-11-16,26.493299,26.493299,26.123301,26.273300,18.060972,197034
2004-11-17,26.103300,26.660000,26.103300,26.433300,18.170967,485250
2004-11-18,26.333300,26.950001,26.333300,26.386700,18.138927,279789
2004-11-19,26.616699,26.696699,26.116699,26.406700,18.152678,330747
2004-11-22,26.233299,26.490000,26.016701,26.216700,18.022064,255825
2004-11-23,26.233299,26.366699,26.033300,26.133301,17.964737,220836
2004-11-24,26.090000,26.383301,26.000000,26.219999,18.024336,274002
2004-11-25,26.396700,26.799999,26.260000,26.716700,18.365780,184713
2004-11-26,26.799999,27.276699,26.583300,27.166700,18.675125,409389
2004-11-29,26.936701,27.400000,26.936701,27.260000,18.739260,357363
2004-11-30,27.299999,27.443300,26.973301,26.973301,18.542173,308754
2004-12-01,26.950001,27.129999,26.510000,26.956699,18.530758,256878
2004-12-02,27.013300,27.750000,26.836700,27.750000,19.076097,329373
2004-12-03,27.799999,28.176701,27.696699,28.066700,19.293808,371739
2004-12-06,28.233299,28.233299,27.719999,27.719999,19.055477,225207
2004-12-07,27.850000,28.123301,27.840000,27.953300,19.215849,82905
2004-12-08,27.870001,28.100000,27.500000,27.700001,19.041727,225417
2004-12-09,27.580000,27.686701,27.346701,27.533300,18.927134,171465
2004-12-10,27.466700,27.600000,27.246700,27.500000,18.904242,304344
2004-12-13,27.563299,27.820000,27.136700,27.750000,19.076097,570126
2004-12-14,27.760000,27.780001,27.260000,27.623301,18.989002,171615
2004-12-15,27.783300,28.333300,27.639999,28.266701,19.431292,330021
2004-12-16,28.066700,28.566700,27.520000,28.343300,19.483948,469215
2004-12-17,28.416700,28.616699,28.333300,28.530001,19.612291,295686
2004-12-20,28.610001,29.143299,28.370001,28.853300,19.834538,619995
2004-12-21,28.676701,29.166700,28.670000,29.093300,19.999519,422148
2004-12-22,29.066700,29.316700,28.983299,29.100000,20.004126,335049
2004-12-23,29.313299,29.316700,29.100000,29.166700,20.049976,138783
2004-12-24,29.166700,29.166700,29.166700,29.166700,20.049976,0
2004-12-27,29.016701,29.333300,29.016701,29.063299,19.978899,48093
2004-12-28,29.016701,29.086700,28.516701,29.016701,19.946859,219765
2004-12-29,28.840000,29.026699,28.770000,28.876699,19.850620,73029
2004-12-30,29.000000,29.000000,28.533300,28.533300,19.614561,88008
2004-12-31,28.533300,28.533300,28.533300,28.533300,19.614561,0
2005-01-03,28.366699,28.803301,28.203300,28.626699,19.678764,117585
2005-01-04,28.533300,29.330000,28.533300,29.133301,20.027018,168132
2005-01-05,29.000000,29.293301,28.886700,29.129999,20.024748,266613
2005-01-06,29.023300,29.286699,28.850000,29.076700,19.988110,264513
2005-01-07,28.900000,29.133301,28.866699,29.070000,19.983501,134769
2005-01-10,29.113300,29.133301,28.673300,28.799999,19.797894,192849
2005-01-11,29.076700,29.766701,29.033300,29.180000,20.059122,576588
2005-01-12,29.166700,29.393299,28.346701,28.446699,19.555025,191613
2005-01-13,28.420000,28.983299,28.093300,28.933300,19.889530,233673
2005-01-14,28.740000,29.363300,28.740000,29.156700,20.043104,128523
2005-01-17,29.290001,29.290001,29.000000,29.283300,20.130127,56718
2005-01-18,29.283300,29.283300,28.750000,29.096701,20.001856,136983
2005-01-19,28.833300,28.963301,28.583300,28.930000,19.887262,139257
2005-01-20,28.703300,28.900000,28.450001,28.553301,19.628311,162450
2005-01-21,28.370001,28.500000,28.260000,28.423300,19.538939,132198
2005-01-24,28.500000,28.546700,28.293301,28.426701,19.541279,49317
2005-01-25,28.629999,28.766701,28.430000,28.666700,19.706264,146457
2005-01-26,28.666700,29.323299,28.610001,29.120001,20.017874,126279
2005-01-27,28.940001,29.116699,28.596701,28.596701,19.658144,123237
2005-01-28,28.900000,29.663300,28.680000,28.830000,19.818520,304764
2005-01-31,28.750000,29.083300,28.750000,28.920000,19.880388,133785
2005-02-01,28.916700,29.190001,28.803301,29.066700,19.981234,216096
2005-02-02,29.083300,29.083300,28.600000,28.693300,19.724548,134739
2005-02-03,28.750000,29.133301,28.683300,29.066700,19.981234,229299
2005-02-04,28.870001,29.469999,28.870001,29.433300,20.233246,129933
2005-02-07,29.400000,29.996700,29.400000,29.833300,20.508211,243651
2005-02-08,29.833300,29.833300,29.333300,29.700001,20.416582,109995
2005-02-09,29.383301,29.750000,29.243299,29.416700,20.221832,117996
2005-02-10,29.166700,29.430000,28.993299,29.020000,19.949131,100890
2005-02-11,29.166700,29.250000,28.573299,28.783300,19.786415,225546
2005-02-14,28.850000,29.049999,28.666700,29.000000,19.935381,103107
2005-02-15,29.000000,29.129999,28.910000,28.943300,19.896404,122862
2005-02-16,28.833300,29.000000,28.833300,28.953300,19.903275,162585
2005-02-17,28.889999,29.113300,28.889999,29.016701,19.946859,65511
2005-02-18,28.900000,29.123301,28.833300,29.000000,19.935381,112041
2005-02-21,29.066700,29.150000,28.770000,28.866699,19.843748,139413
2005-02-22,28.833300,29.023300,28.833300,28.983299,19.923901,80727
2005-02-23,28.966700,28.983299,28.833300,28.950001,19.901009,105681
2005-02-24,28.833300,28.963301,28.586700,28.733299,19.752043,98439
2005-02-25,28.806700,28.913300,28.593300,28.866699,19.843748,57528
2005-02-28,28.900000,28.900000,28.596701,28.796700,19.795626,75294
2005-03-01,28.500000,28.803301,28.450001,28.666700,19.706264,106731
2005-03-02,28.683300,28.826700,28.400000,28.716700,19.740631,190581
2005-03-03,28.663300,28.893299,28.603300,28.750000,19.763523,131421
2005-03-04,28.883301,28.883301,28.503300,28.600000,19.660410,79338
2005-03-07,28.533300,28.563299,28.299999,28.466700,19.568777,165498
2005-03-08,28.283300,28.846701,28.283300,28.666700,19.706264,216141
2005-03-09,28.483299,28.733299,28.333300,28.366699,19.500036,142374
2005-03-10,28.366699,28.566700,28.333300,28.466700,19.568777,86334
2005-03-11,28.333300,28.600000,28.333300,28.440001,19.550423,68223
2005-03-14,28.333300,28.450001,28.333300,28.423300,19.538939,60693
2005-03-15,28.496700,28.496700,28.333300,28.423300,19.538939,41817
2005-03-16,28.336700,28.386700,28.283300,28.306700,19.458790,68616
2005-03-17,28.396700,28.396700,27.700001,27.799999,19.110470,112371
2005-03-18,27.670000,27.883301,27.000000,27.396700,18.833235,305061
2005-03-21,27.500000,28.063299,27.290001,27.916700,19.190693,172698
2005-03-22,27.870001,28.133301,27.506701,28.033300,19.270849,131709
2005-03-23,27.633301,27.990000,27.386700,27.750000,19.076097,162648
2005-03-24,27.666700,27.896700,27.566700,27.620001,18.986732,127416
2005-03-25,27.620001,27.620001,27.620001,27.620001,18.986732,0
2005-03-28,27.620001,27.620001,27.620001,27.620001,18.986732,0
2005-03-29,27.566700,28.236700,27.469999,28.093300,19.312092,153519
2005-03-30,28.066700,29.066700,28.066700,28.833300,19.820786,364542
2005-03-31,28.833300,28.833300,28.383301,28.700001,19.729158,119721
2005-04-01,28.556700,29.093300,28.469999,28.933300,19.889530,174453
2005-04-04,28.830000,28.830000,28.333300,28.666700,19.706264,67989
2005-04-05,28.639999,28.733299,28.443300,28.673300,19.710802,77787
2005-04-06,28.666700,29.080000,28.666700,29.080000,19.990376,175101
2005-04-07,29.093300,29.473301,28.956699,29.233299,20.095760,407901
2005-04-08,29.500000,29.556700,29.273300,29.486700,20.269951,210696
2005-04-11,29.500000,29.816700,29.166700,29.783300,20.473845,275889
2005-04-12,29.793301,29.793301,29.453300,29.706699,20.421185,166290
2005-04-13,29.716700,30.049999,29.680000,29.959999,20.595312,395661
2005-04-14,29.833300,30.046700,29.670000,30.000000,20.622812,270048
2005-04-15,29.900000,29.913300,29.433300,29.500000,20.279095,361851
2005-04-18,29.463301,29.463301,28.983299,29.160000,20.045368,293817
2005-04-19,29.333300,29.333300,29.083300,29.090000,19.997252,121350
2005-04-20,29.299999,29.493299,29.166700,29.203300,20.075138,117372
2005-04-21,29.186701,29.366699,29.160000,29.333300,20.164503,211929
2005-04-22,29.040001,29.166700,28.733299,28.883301,19.855162,433743
2005-04-25,28.940001,29.033300,28.783300,28.833300,19.820786,161505
2005-04-26,28.866699,28.866699,28.473301,28.583300,19.648933,178440
2005-04-27,28.466700,28.586700,28.033300,28.333300,19.477070,347511
2005-04-28,28.600000,28.600000,28.150000,28.166700,19.362549,437136
2005-04-29,28.133301,28.266701,27.799999,27.996700,19.245682,300783
2005-05-02,28.196699,28.660000,27.930000,28.296700,19.451912,199905
2005-05-03,28.333300,28.366699,28.116699,28.320000,19.467934,162831
2005-05-04,28.166700,28.400000,28.166700,28.356701,19.493160,117408
2005-05-05,28.450001,28.726700,28.236700,28.573299,19.642054,66879
2005-05-06,28.629999,28.639999,28.180000,28.180000,19.371693,120741
2005-05-09,28.233299,28.366699,28.006701,28.006701,19.252560,262959
2005-05-10,28.083300,28.583300,28.083300,28.523300,19.607685,217341
2005-05-11,28.540001,28.806700,28.266701,28.500000,19.591669,241950
2005-05-12,28.583300,29.330000,28.423300,29.090000,19.997252,523833
2005-05-13,29.086700,29.106701,28.766701,29.106701,20.008728,217137
2005-05-16,28.916700,29.100000,28.680000,28.870001,19.846018,70011
2005-05-17,28.900000,29.389999,28.900000,29.266701,20.118717,212403
2005-05-18,29.166700,29.593300,28.950001,29.033300,19.958275,387966
2005-05-19,28.833300,29.193300,28.626699,29.023300,21.115032,194982
2005-05-20,28.833300,29.000000,28.736700,28.816700,20.964724,113910
2005-05-23,29.066700,29.066700,28.730000,28.973301,21.078651,78579
2005-05-24,29.000000,29.256701,28.786699,29.180000,21.229034,228822
2005-05-25,29.333300,29.333300,28.953300,29.126699,21.190256,107292
2005-05-26,29.103300,29.150000,28.969999,29.016701,21.110228,82605
2005-05-27,29.230000,29.230000,29.000000,29.100000,21.170832,119220
2005-05-30,29.166700,29.330000,29.043301,29.299999,21.316332,58005
2005-05-31,29.033300,29.273300,28.900000,28.900000,21.025324,156078
2005-06-01,29.000000,29.243299,28.903299,29.216700,21.255733,149565
2005-06-02,29.299999,29.299999,29.139999,29.299999,21.316332,217050
2005-06-03,29.183300,30.150000,29.183300,29.953300,21.791624,482076
2005-06-06,29.666700,30.333300,29.666700,29.966700,21.801371,455796
2005-06-07,29.549999,30.150000,29.549999,30.090000,21.891081,210765
2005-06-08,30.330000,30.400000,30.133301,30.299999,22.043856,760572
2005-06-09,30.446699,30.959999,30.233299,30.950001,22.516747,397029
2005-06-10,30.533300,31.083300,30.366699,30.950001,22.516747,330345
2005-06-13,31.066700,31.330000,30.666700,31.033300,22.577347,300450
2005-06-14,31.233299,31.583300,30.879999,31.533300,22.941107,276363
2005-06-15,31.650000,31.799999,31.083300,31.083300,22.613718,365466
2005-06-16,31.299999,31.416700,30.876699,31.013300,22.562796,197577
2005-06-17,31.196699,31.333300,30.693300,31.103300,22.628275,202752
2005-06-20,30.840000,31.156700,30.666700,31.113300,22.635548,70083
2005-06-21,31.160000,31.376699,31.066700,31.333300,22.795603,143352
2005-06-22,31.333300,31.333300,30.950001,31.100000,22.625874,145581
2005-06-23,31.216700,31.306700,31.040001,31.233299,22.722847,107136
2005-06-24,31.100000,31.166700,30.700001,30.700001,22.334860,125025
2005-06-27,30.666700,30.666700,30.133301,30.386700,22.106930,200298
2005-06-28,30.389999,30.896700,30.370001,30.683300,22.322714,81354
2005-06-29,30.996700,31.170000,30.700001,31.170000,22.676800,141948
2005-06-30,31.170000,31.170000,30.726700,30.916700,22.492517,83976
2005-07-01,31.166700,31.166700,30.606701,31.049999,22.589499,156579
2005-07-04,31.000000,31.173300,30.853300,30.853300,22.446388,40338
2005-07-05,30.799999,30.990000,30.500000,30.700001,22.334860,75738
2005-07-06,30.500000,30.943300,30.500000,30.639999,22.291212,108888
2005-07-07,30.766701,30.799999,29.410000,30.116699,21.910501,226662
2005-07-08,30.406700,30.966700,30.209999,30.333300,22.068083,126255
2005-07-11,30.503300,30.650000,30.219999,30.346701,22.077827,112305
2005-07-12,30.353300,31.583300,30.330000,31.266701,22.747149,331947
2005-07-13,31.166700,31.366699,31.066700,31.309999,22.778648,161454
2005-07-14,31.366699,31.463301,31.033300,31.129999,22.647696,125298
2005-07-15,31.040001,31.416700,31.040001,31.350000,22.807753,108006
2005-07-18,31.333300,31.750000,31.053301,31.633301,23.013859,218010
2005-07-19,31.816700,31.816700,31.216700,31.410000,22.851404,186165
2005-07-20,31.633301,32.223301,31.536699,32.000000,23.280640,444504
2005-07-21,32.000000,32.263302,31.903299,32.263302,23.472193,173226
2005-07-22,32.283298,32.283298,31.809999,31.950001,23.244265,65157
2005-07-25,31.820000,32.016701,30.780001,31.266701,22.747149,175116
2005-07-26,31.003300,31.626699,31.003300,31.500000,22.916880,156882
2005-07-27,31.633301,31.783300,31.183300,31.500000,22.916880,199932
2005-07-28,31.626699,31.626699,31.333300,31.386700,22.834452,103314
2005-07-29,31.490000,31.490000,31.316700,31.333300,23.351383,134607
2005-08-01,31.336700,31.563299,31.136700,31.150000,23.214777,101580
2005-08-02,31.049999,31.180000,30.766701,31.080000,23.162611,154314
2005-08-03,31.183300,31.263300,30.333300,30.933300,23.053284,204105
2005-08-04,31.049999,31.073299,30.700001,31.000000,23.102987,130449
2005-08-05,30.733299,30.783300,30.350000,30.703300,22.881870,154872
2005-08-08,30.666700,30.969999,30.376699,30.966700,23.078169,120828
2005-08-09,31.333300,32.233299,30.863300,32.036701,23.875601,1038696
2005-08-10,32.103298,32.663300,31.900000,32.009998,23.855696,418395
2005-08-11,32.000000,32.259998,31.459999,31.833300,23.724012,241914
2005-08-12,31.833300,32.200001,31.650000,31.703300,23.627125,373155
2005-08-15,31.553301,32.086700,31.553301,31.900000,23.773722,140667
2005-08-16,32.099998,32.333302,31.889999,31.996700,23.845783,267258
2005-08-17,31.733299,32.236698,31.500000,32.166698,23.972481,252051
2005-08-18,32.000000,32.233299,31.709999,32.043301,23.880516,235953
2005-08-19,31.700001,32.226700,31.700001,31.916700,23.786167,176784
2005-08-22,31.983299,32.183300,31.793301,31.853300,23.738914,88605
2005-08-23,31.856701,31.950001,31.096701,31.413300,23.411005,204399
2005-08-24,31.336700,31.633301,31.086700,31.633301,23.574963,266805
2005-08-25,31.133301,31.416700,30.906700,31.360001,23.371279,117633
2005-08-26,31.333300,31.666700,31.166700,31.333300,23.351383,81360
2005-08-29,31.296700,31.563299,30.833300,31.450001,23.438356,72711
2005-08-30,31.530001,31.986700,31.313299,31.386700,23.391182,173673
2005-08-31,31.663300,31.733299,31.353300,31.666700,23.599854,203751
2005-09-01,31.933300,32.349998,31.706699,32.099998,23.922773,227307
2005-09-02,32.166698,32.166698,31.503300,31.756701,23.666925,123822
2005-09-05,31.936701,31.996700,31.653299,31.716700,23.637114,53286
2005-09-06,31.946699,32.333302,31.799999,32.296700,24.069365,219741
2005-09-07,32.330002,32.363300,31.833300,32.363300,24.118999,466359
2005-09-08,32.209999,32.333302,32.073299,32.333302,24.096643,130683
2005-09-09,32.330002,32.333302,32.169998,32.326698,24.091721,108750
2005-09-12,32.383301,32.383301,31.936701,32.253300,24.037020,162213
2005-09-13,32.083302,32.333302,32.046700,32.103298,23.925234,89445
2005-09-14,32.003300,32.299999,31.996700,32.203300,23.999756,156504
2005-09-15,32.036701,32.306702,32.036701,32.299999,24.071823,100710
2005-09-16,32.043301,32.400002,32.006699,32.293301,24.066832,200376
2005-09-19,31.600000,32.500000,31.566700,32.400002,24.146353,208068
2005-09-20,32.500000,33.500000,32.483299,33.090000,24.660576,692901
2005-09-21,32.833302,33.076698,32.183300,32.286701,24.061913,273474
2005-09-22,31.900000,32.016701,31.700001,31.766701,23.674377,182208
2005-09-23,32.000000,32.216702,31.906700,32.150002,23.960037,83187
2005-09-26,31.753300,32.533298,31.753300,32.400002,24.146353,152790
2005-09-27,32.400002,32.459999,32.016701,32.233299,24.022114,91281
2005-09-28,32.230000,32.383301,32.016701,32.200001,23.997299,197553
2005-09-29,32.233299,32.233299,31.850000,31.850000,23.736456,219189
2005-09-30,31.946699,32.099998,31.770000,31.833300,23.724012,139737
2005-10-03,31.983299,32.000000,31.879999,31.933300,23.798536,120966
2005-10-04,31.850000,32.233299,31.850000,32.233299,24.022114,298284
2005-10-05,31.836700,32.160000,31.833300,31.833300,23.724012,173868
2005-10-06,31.833300,31.896700,31.286699,31.616699,23.562590,215586
2005-10-07,31.500000,31.676701,31.383301,31.570000,23.527788,77679
2005-10-10,31.543301,31.916700,31.400000,31.400000,23.401094,82236
2005-10-11,31.340000,31.663300,31.340000,31.663300,23.597317,125685
2005-10-12,31.433300,31.536699,31.333300,31.363300,23.373743,159426
2005-10-13,31.336700,31.596701,30.763300,30.959999,23.073179,148203
2005-10-14,30.900000,31.466700,30.426701,31.100000,23.177517,163335
2005-10-17,30.833300,31.323299,30.833300,30.986700,23.093077,111027
2005-10-18,31.000000,31.133301,30.620001,30.686701,22.869497,119130
2005-10-19,30.416700,30.676701,29.690001,30.299999,22.581308,354534
2005-10-20,30.559999,30.666700,30.166700,30.389999,22.648378,252642
2005-10-21,30.333300,30.466700,29.700001,30.136700,22.459604,192192
2005-10-24,30.176701,30.733299,30.040001,30.453300,22.695557,205626
2005-10-25,30.956699,30.956699,30.333300,30.583300,22.792437,124914
2005-10-26,30.766701,30.766701,30.456699,30.500000,22.730358,137733
2005-10-27,30.416700,30.663300,29.933300,30.100000,22.432255,168330
2005-10-28,30.093300,30.276699,29.240000,29.976700,22.340368,404880
2005-10-31,30.100000,30.526699,29.933300,30.049999,22.394995,122124
2005-11-01,30.049999,30.313299,29.723301,29.986700,22.347822,130326
2005-11-02,29.966700,30.500000,29.966700,30.443300,22.688107,158460
2005-11-03,30.366699,30.510000,30.193300,30.416700,22.668278,277683
2005-11-04,30.416700,30.973301,30.200001,30.433300,22.680653,217275
2005-11-07,30.666700,30.666700,30.043301,30.333300,22.606127,291168
2005-11-08,30.240000,30.366699,30.049999,30.070000,22.409899,146805
2005-11-09,30.049999,30.480000,30.049999,30.273300,22.561411,226776
2005-11-10,30.356701,30.666700,30.046700,30.666700,22.854597,199047
2005-11-11,30.783300,31.363300,30.600000,30.833300,22.978752,634869
2005-11-14,31.000000,31.530001,30.946699,31.056700,23.145245,259593
2005-11-15,31.016701,31.400000,30.740000,31.160000,23.222231,181521
2005-11-16,31.209999,31.333300,30.933300,31.100000,23.177517,119883
2005-11-17,31.533300,31.533300,30.936701,31.076700,23.160154,213930
2005-11-18,31.293301,31.540001,30.986700,31.166700,23.227226,193827
2005-11-21,31.466700,31.466700,31.103300,31.166700,23.227226,166314
2005-11-22,31.313299,32.000000,30.986700,31.916700,23.786167,340218
2005-11-23,32.200001,33.333302,32.126701,33.333302,24.841900,769509
2005-11-24,33.270000,33.303299,32.906700,33.026699,24.613403,330333
2005-11-25,33.000000,33.216702,32.833302,33.003300,24.595961,285267
2005-11-28,33.003300,33.549999,32.946701,33.133301,24.692844,425478
2005-11-29,33.066700,33.126701,32.776699,33.000000,24.593504,176049
2005-11-30,33.000000,34.663300,33.000000,34.200001,25.487816,561201
2005-12-01,34.220001,34.439999,33.916698,34.200001,25.487816,290610
2005-12-02,34.003300,34.333302,33.873299,34.173302,25.467913,267084
2005-12-05,34.166698,34.500000,34.166698,34.226700,25.507717,117756
2005-12-06,34.349998,35.000000,34.236698,34.683300,25.848000,257460
2005-12-07,35.000000,35.000000,34.633301,34.803299,25.937426,337110
2005-12-08,34.683300,35.083302,34.500000,34.693298,25.855448,315996
2005-12-09,34.483299,34.950001,34.483299,34.766701,25.910151,205131
2005-12-12,34.983299,35.053299,34.696701,34.876701,25.992136,105486
2005-12-13,34.963299,34.983299,34.450001,34.500000,25.711384,192690
2005-12-14,34.433300,34.883301,34.433300,34.716702,25.872892,121719
2005-12-15,34.799999,35.389999,34.766701,34.966702,26.059204,377256
2005-12-16,35.153301,35.380001,35.083302,35.136700,26.185894,282816
2005-12-19,35.256699,35.503300,34.666698,35.183300,26.220623,135345
2005-12-20,35.073299,35.200001,34.000000,34.506699,25.716381,287637
2005-12-21,34.533298,34.933300,34.363300,34.786701,25.925058,240918
2005-12-22,34.766701,34.770000,34.336700,34.336700,25.589691,160278
2005-12-23,34.333302,34.650002,34.146702,34.556702,25.753649,87012
2005-12-26,34.556702,34.556702,34.556702,34.556702,25.753649,0
2005-12-27,34.663300,34.766701,34.336700,34.599998,25.785917,59613
2005-12-28,34.450001,34.613300,34.020000,34.166698,25.462997,209418
2005-12-29,34.033298,34.500000,34.000000,34.200001,25.487816,139641
2005-12-30,34.226700,35.099998,34.196701,34.666698,25.835627,105351
2006-01-02,35.000000,35.000000,34.666698,34.883301,25.997053,50853
2006-01-03,34.766701,35.666698,34.766701,35.553299,26.496368,319701
2006-01-04,35.730000,35.733299,34.986698,35.529999,26.479008,233415
2006-01-05,35.353298,35.536701,35.166698,35.400002,26.382128,261417
2006-01-06,35.586700,35.586700,35.116699,35.493301,26.451653,177234
2006-01-09,35.666698,35.666698,35.000000,35.416698,26.394566,384603
2006-01-10,35.566700,35.566700,34.833302,34.993301,26.079031,302637
2006-01-11,35.166698,35.836700,35.166698,35.253300,26.272789,254343
2006-01-12,35.389999,35.750000,35.389999,35.533298,26.481462,246324
2006-01-13,35.333302,35.726700,35.333302,35.626701,26.551075,234636
2006-01-16,35.663300,36.266701,35.483299,35.853298,26.719940,348192
2006-01-17,35.916698,36.166698,35.293301,35.573299,26.511280,404586
2006-01-18,35.236698,35.466702,34.333302,35.126701,26.178442,210630
2006-01-19,35.453300,36.116699,35.333302,36.000000,26.829281,320772
2006-01-20,35.996700,35.996700,35.450001,35.483299,26.444197,211539
2006-01-23,35.266701,35.466702,35.139999,35.426701,26.402023,194769
2006-01-24,35.116699,35.400002,35.000000,35.186699,26.223162,137037
2006-01-25,35.459999,35.459999,35.133301,35.333302,26.332413,159126
2006-01-26,35.423302,35.786701,35.270000,35.533298,26.481462,183420
2006-01-27,35.633301,35.750000,35.000000,35.333302,26.332413,246315
2006-01-30,35.286701,35.933300,35.116699,35.583302,26.518730,354255
2006-01-31,35.750000,35.750000,34.919998,35.166698,26.208254,304665
2006-02-01,34.933300,35.400002,34.933300,35.316700,26.320044,176208
2006-02-02,35.363300,35.646702,34.919998,34.990002,26.076572,321282
2006-02-03,34.990002,35.380001,34.423302,35.000000,26.084021,283188
2006-02-06,35.033298,35.163300,34.833302,35.106701,26.163540,125004
2006-02-07,35.099998,35.166698,34.506699,34.616699,25.798361,287457
2006-02-08,34.433300,34.799999,34.156700,34.633301,25.810738,315156
2006-02-09,34.726700,34.966702,34.500000,34.553299,25.751110,276810
2006-02-10,34.566700,34.720001,34.500000,34.683300,25.848000,187701
2006-02-13,34.966702,34.966702,34.496700,34.666698,25.835627,236472
2006-02-14,34.683300,34.833302,34.583302,34.700001,25.860447,149658
2006-02-15,34.700001,35.256699,34.666698,35.213299,26.242983,222153
2006-02-16,35.333302,35.333302,34.943298,35.250000,26.270332,198327
2006-02-17,35.166698,36.263302,35.066700,36.263302,27.025503,319851
2006-02-20,36.166698,36.166698,35.416698,35.743301,26.637976,206355
2006-02-21,35.666698,36.163300,35.616699,35.986698,26.819363,241524
2006-02-22,35.933300,37.896702,35.810001,37.833302,28.195557,889626
2006-02-23,37.833302,38.893299,37.733299,38.626701,28.786850,886092
2006-02-24,38.650002,38.650002,38.233299,38.543301,28.724691,316506
2006-02-27,38.466702,38.636700,38.033298,38.326698,28.563265,202869
2006-02-28,38.166698,38.546700,37.939999,38.003300,28.322254,225168
2006-03-01,38.316700,39.000000,38.029999,39.000000,29.065050,341904
2006-03-02,38.610001,39.333302,37.666698,38.166698,28.444029,353559
2006-03-03,38.123299,38.516701,37.500000,38.000000,28.319796,294315
2006-03-06,38.299999,38.560001,37.903301,38.099998,28.394316,160464
2006-03-07,38.086700,38.263302,37.573299,37.770000,28.148386,158094
2006-03-08,37.816700,37.833302,37.439999,37.680000,28.081316,296892
2006-03-09,37.833302,37.883301,37.583302,37.806702,28.175734,88059
2006-03-10,37.813301,37.930000,37.666698,37.816700,28.183184,119184
2006-03-13,37.573299,39.400002,37.533298,39.000000,29.065050,442290
2006-03-14,39.000000,39.483299,38.946701,39.346699,29.323423,283740
2006-03-15,39.500000,41.410000,39.400002,41.220001,30.719530,910146
2006-03-16,41.166698,41.333302,40.333302,40.666698,30.307173,434952
2006-03-17,40.666698,41.383301,40.500000,41.033298,30.580379,391326
2006-03-20,41.000000,41.296700,40.599998,40.786701,30.396605,185541
2006-03-21,40.669998,40.776699,40.046700,40.490002,30.175488,163599
2006-03-22,40.383301,40.666698,40.003300,40.343300,30.066156,217950
2006-03-23,40.666698,40.916698,40.200001,40.306702,30.038876,210108
2006-03-24,40.286701,40.500000,39.876701,40.036701,29.837662,111288
2006-03-27,40.043301,40.206699,39.806702,39.806702,29.666252,93105
2006-03-28,39.806702,40.496700,39.000000,39.243301,29.246368,304014
2006-03-29,39.103298,39.533298,39.073299,39.119999,29.154478,238449
2006-03-30,39.053299,40.099998,39.053299,39.843300,29.693521,246321
2006-03-31,39.666698,40.330002,39.546700,39.666698,29.561907,178089
2006-04-03,40.213299,40.333302,39.686699,40.099998,29.884834,273729
2006-04-04,40.193298,40.500000,39.963299,40.033298,29.835125,226317
2006-04-05,39.673302,40.166698,39.673302,40.116699,29.897282,298473
2006-04-06,40.166698,40.166698,39.566700,39.636700,29.539558,112242
2006-04-07,39.836700,39.963299,38.906700,39.313301,29.298544,136950
2006-04-10,39.189999,39.583302,38.410000,38.833302,28.940819,406332
2006-04-11,39.043301,39.750000,38.750000,39.126701,29.159475,324939
2006-04-12,39.296700,39.770000,39.020000,39.020000,29.079956,439059
2006-04-13,39.273300,39.383301,39.000000,39.333302,29.313446,127422
2006-04-18,39.333302,39.333302,38.736698,39.093300,29.134579,123711
2006-04-19,39.203300,40.000000,39.043301,39.856701,29.703512,352359
2006-04-20,40.000000,40.380001,39.436699,40.283298,30.021446,312750
2006-04-21,40.203300,40.866699,39.903301,40.743301,30.364264,302937
2006-04-24,40.500000,40.596699,39.746700,40.333302,30.058701,272241
2006-04-25,40.563301,40.910000,40.233299,40.840000,30.436321,190791
2006-04-26,40.900002,41.000000,40.119999,40.333302,30.058701,291840
2006-04-27,40.336700,40.636700,39.666698,39.876701,29.718414,275763
2006-04-28,40.000000,40.180000,39.626701,39.983299,29.797855,320871
2006-05-02,39.883301,40.396702,38.833302,40.003300,29.812771,282087
2006-05-03,40.000000,40.333302,39.593300,39.886700,29.725874,311334
2006-05-04,39.766701,40.433300,39.513302,39.876701,29.718414,284484
2006-05-05,39.959999,41.166698,39.959999,41.166698,30.679790,409602
2006-05-08,41.299999,41.373299,40.716702,40.843300,30.438786,302970
2006-05-09,40.746700,41.150002,40.593300,40.900002,30.481035,183423
2006-05-10,40.833302,41.183300,40.500000,41.046700,30.590370,151596
2006-05-11,41.080002,41.410000,40.910000,41.400002,30.853674,342495
2006-05-12,41.070000,41.256699,39.573299,39.613300,29.522110,373689
2006-05-15,39.419998,39.810001,38.833302,39.253300,29.253824,502446
2006-05-16,39.556702,40.076698,39.006699,39.363300,29.335810,336297
2006-05-17,39.713299,40.333302,39.283298,39.333302,29.313446,559488
2006-05-18,38.500000,40.139999,37.633301,38.903301,30.302683,626217
2006-05-19,38.733299,39.320000,37.733299,38.256699,29.799028,323676
2006-05-22,38.116699,38.116699,36.066700,36.583302,28.495577,673182
2006-05-23,36.453300,38.163300,36.453300,37.233299,29.001877,616272
2006-05-24,37.163300,37.910000,36.669998,36.833302,28.690308,511752
2006-05-25,37.116699,38.746700,36.900002,38.549999,30.027481,427407
2006-05-26,38.666698,39.130001,37.833302,39.020000,30.393576,237105
2006-05-29,38.709999,38.923302,38.206699,38.796700,30.219643,98280
2006-05-30,39.093300,39.093300,37.090000,37.833302,29.469231,342669
2006-05-31,37.203300,37.500000,36.793301,37.333302,29.079769,451146
2006-06-01,37.000000,37.663300,36.933300,37.526699,29.230412,440505
2006-06-02,37.799999,38.540001,37.733299,38.333302,29.858694,362742
2006-06-05,38.406700,38.406700,37.236698,37.866699,29.495245,161562
2006-06-06,37.026699,38.320000,37.026699,37.383301,29.118710,452784
2006-06-07,37.696701,37.696701,36.933300,37.250000,29.014887,407490
2006-06-08,36.669998,37.029999,35.403301,35.616699,27.742664,751365
2006-06-09,36.250000,36.433300,35.783298,36.000000,28.041233,471684
2006-06-12,35.836700,36.186699,35.040001,35.836700,27.914036,467727
2006-06-13,34.893299,35.810001,34.583302,35.333302,27.521919,639501
2006-06-14,35.566700,36.113300,35.173302,35.310001,27.503778,393552
2006-06-15,35.663300,37.636700,35.410000,37.413300,29.142080,697776
2006-06-16,38.223301,38.563301,36.766701,36.853298,28.705887,656436
2006-06-19,36.716702,38.586700,36.716702,37.756699,29.409565,387060
2006-06-20,37.663300,38.650002,37.253300,38.513302,29.998899,446904
2006-06-21,38.400002,39.900002,38.400002,38.926701,30.320904,710175
2006-06-22,39.333302,39.799999,38.796700,39.549999,30.806406,526221
2006-06-23,39.623299,39.623299,38.843300,39.549999,30.806406,357678
2006-06-26,39.599998,39.599998,38.666698,38.950001,30.339052,366579
2006-06-27,39.000000,39.200001,38.196701,38.363300,29.882061,291387
2006-06-28,38.000000,38.403301,37.926701,38.000000,29.599075,457266
2006-06-29,38.083302,39.470001,38.083302,39.393299,30.684347,331515
2006-06-30,39.590000,39.599998,38.900002,39.270000,30.588306,249366
2006-07-03,39.466702,39.466702,38.666698,38.966702,30.352058,287943
2006-07-04,38.903301,39.549999,38.903301,39.380001,30.673994,240216
2006-07-05,39.503300,39.583302,38.349998,38.856701,30.266382,225966
2006-07-06,38.763302,39.866699,38.669998,39.813301,31.011499,371829
2006-07-07,39.500000,39.553299,38.820000,39.086700,30.445530,287361
2006-07-10,38.893299,39.403301,38.893299,39.216702,30.546791,117906
2006-07-11,39.000000,39.500000,38.833302,39.333302,30.637615,158784
2006-07-12,39.663300,40.323299,39.380001,39.650002,30.884300,299676
2006-07-13,39.500000,39.636700,38.843300,39.090000,30.448107,285948
2006-07-14,39.090000,39.406700,38.706699,38.706699,30.149549,285192
2006-07-17,39.259998,39.259998,38.009998,38.470001,29.965170,306297
2006-07-18,38.139999,39.400002,37.750000,38.000000,29.599075,360334
2006-07-19,38.450001,39.000000,37.790001,39.000000,30.377998,427572
2006-07-20,39.500000,41.070000,38.860001,40.900002,31.857960,515565
2006-07-21,40.299999,40.889999,39.849998,40.029999,31.180296,616905
2006-07-24,39.650002,41.490002,39.650002,41.250000,32.130573,339143
2006-07-25,41.250000,42.419998,40.700001,41.750000,32.520042,405148
2006-07-26,41.950001,41.950001,40.380001,41.180000,32.076054,427197
2006-07-27,41.560001,41.799999,40.919998,41.299999,32.169525,430221
2006-07-28,41.000000,41.880001,40.939999,41.520000,32.936642,536840
2006-07-31,41.900002,41.900002,40.680000,41.240002,32.714527,414322
2006-08-01,41.599998,41.730000,40.810001,41.049999,32.563797,224403
2006-08-02,41.139999,42.250000,41.130001,42.009998,33.325336,541180
2006-08-03,41.650002,42.099998,40.150002,41.290001,32.754185,560577
2006-08-04,41.500000,42.299999,41.259998,42.230000,33.499859,479804
2006-08-07,41.599998,41.810001,40.900002,41.389999,32.833511,253592
2006-08-08,41.270000,41.480000,40.430000,40.759998,32.333744,321591
2006-08-09,40.759998,41.150002,40.349998,41.000000,32.524136,301230
2006-08-10,40.750000,41.020000,40.410000,40.869999,32.421009,223111
2006-08-11,41.330002,41.380001,40.759998,41.130001,32.627270,228532
2006-08-14,41.090000,41.580002,41.000000,41.250000,32.722454,260090
2006-08-15,40.799999,42.119999,40.799999,41.590000,32.992168,273015
2006-08-16,41.450001,42.189999,41.369999,42.040001,33.349133,211088
2006-08-17,41.840000,41.840000,41.470001,41.740002,33.111156,265206
2006-08-18,41.740002,42.049999,41.529999,41.790001,33.150826,239505
2006-08-21,41.910000,41.910000,41.419998,41.520000,32.936642,218159
2006-08-22,41.400002,42.480000,41.270000,41.869999,33.214287,345888
2006-08-23,42.209999,43.599998,42.209999,42.639999,33.825092,442538
2006-08-24,42.520000,42.779999,41.630001,42.549999,33.753708,352878
2006-08-25,42.759998,42.759998,42.299999,42.540001,33.745781,159868
2006-08-28,42.549999,42.759998,42.009998,42.750000,33.912369,113992
2006-08-29,42.509998,42.799999,42.240002,42.330002,33.579185,167687
2006-08-30,42.169998,42.900002,42.119999,42.820000,33.967896,190993
2006-08-31,42.590000,43.340000,42.590000,43.200001,34.269337,187816
2006-09-01,43.389999,43.580002,42.840000,43.180000,34.253468,226338
2006-09-04,43.180000,43.590000,42.840000,43.020000,34.126549,337971
2006-09-05,42.750000,43.090000,42.259998,43.029999,34.134480,210881
2006-09-06,43.099998,43.099998,42.630001,42.799999,33.952026,201142
2006-09-07,42.500000,42.639999,42.189999,42.430000,33.658524,155356
2006-09-08,42.500000,42.639999,42.139999,42.490002,33.706116,119487
2006-09-11,41.950001,42.200001,41.500000,42.099998,33.396744,231092
2006-09-12,42.099998,42.459999,41.520000,42.180000,33.460201,280457
2006-09-13,41.950001,42.820000,41.939999,42.189999,33.468132,289427
2006-09-14,42.029999,42.279999,40.779999,41.240002,32.714527,546405
2006-09-15,41.470001,41.849998,41.130001,41.610001,33.008034,644454
2006-09-18,41.599998,41.599998,40.950001,41.200001,32.682796,439274
2006-09-19,41.310001,41.750000,40.990002,41.250000,32.722454,270911
2006-09-20,41.549999,42.000000,41.369999,41.910000,33.246010,358307
2006-09-21,41.900002,42.400002,41.650002,42.000000,33.317398,267112
2006-09-22,41.889999,41.889999,41.299999,41.730000,33.103230,299124
2006-09-25,41.400002,42.349998,41.400002,42.099998,33.396744,257419
2006-09-26,42.209999,42.480000,41.720001,41.849998,33.198418,329937
2006-09-27,42.150002,42.150002,41.419998,41.799999,33.158760,305548
2006-09-28,41.599998,42.000000,41.459999,41.540001,32.952507,268678
2006-09-29,41.490002,42.090000,41.369999,41.970001,33.293610,219276
2006-10-02,42.099998,42.099998,41.450001,41.669998,33.055626,148292
2006-10-03,41.459999,41.619999,40.799999,41.049999,32.563797,205484
2006-10-04,41.029999,41.810001,41.029999,41.599998,33.000099,309223
2006-10-05,41.970001,42.189999,41.680000,41.919998,33.253944,230642
2006-10-06,42.130001,42.130001,41.330002,41.820000,33.174625,153381
2006-10-09,41.779999,41.849998,41.480000,41.830002,33.182560,141963
2006-10-10,41.950001,41.950001,41.580002,41.799999,33.158760,326880
2006-10-11,41.919998,42.180000,41.700001,41.880001,33.222218,252554
2006-10-12,42.049999,42.400002,41.599998,42.119999,33.412609,238404
2006-10-13,42.099998,42.349998,41.049999,41.919998,33.253944,654346
2006-10-16,42.209999,42.349998,41.830002,42.000000,33.317398,301314
2006-10-17,42.189999,42.189999,41.250000,41.500000,32.920784,225565
2006-10-18,41.889999,42.259998,41.320000,41.730000,33.103230,159414
2006-10-19,41.799999,42.619999,41.799999,42.540001,33.745781,289902
2006-10-20,42.730000,43.400002,42.509998,42.750000,33.912369,509977
2006-10-23,43.099998,43.619999,42.490002,43.209999,34.277264,285554
2006-10-24,43.240002,43.380001,42.869999,43.180000,34.253468,270109
2006-10-25,43.340000,44.250000,43.209999,44.060001,34.951553,484547
2006-10-26,44.250000,44.439999,44.000000,44.389999,35.213326,277076
2006-10-27,44.430000,44.799999,44.209999,44.470001,35.276794,389710
2006-10-30,44.200001,44.290001,43.369999,43.599998,34.586647,285236
2006-10-31,43.500000,44.599998,43.500000,44.500000,35.300587,299743
2006-11-01,44.599998,45.009998,44.419998,45.009998,35.705154,528195
2006-11-02,44.860001,45.330002,44.799999,45.000000,35.697224,381294
2006-11-03,44.849998,45.450001,44.750000,45.099998,35.776550,156473
2006-11-06,45.119999,46.400002,45.060001,46.049999,36.530155,449404
2006-11-07,46.259998,47.000000,46.259998,46.349998,36.768143,645755
2006-11-08,46.299999,46.349998,44.820000,45.759998,36.300110,1639318
2006-11-09,45.619999,45.889999,45.290001,45.290001,35.927277,477033
2006-11-10,45.110001,45.939999,45.110001,45.430000,36.038326,386571
2006-11-13,45.200001,45.730000,45.000000,45.459999,36.062126,324541
2006-11-14,45.459999,45.700001,45.070000,45.200001,35.855877,348583
2006-11-15,45.240002,45.400002,44.910000,45.320000,35.951080,438200
2006-11-16,45.439999,45.799999,45.189999,45.330002,35.959011,262059
2006-11-17,45.459999,45.759998,45.310001,45.599998,36.173183,238189
2006-11-20,45.250000,45.779999,44.080002,45.720001,36.268375,634054
2006-11-21,45.580002,45.580002,45.029999,45.330002,35.959011,334528
2006-11-22,45.689999,46.000000,45.470001,45.750000,36.292175,341488
2006-11-23,45.950001,46.130001,45.500000,45.630001,36.196980,204795
2006-11-24,45.389999,45.560001,44.759998,45.250000,35.895550,241045
2006-11-27,45.490002,45.509998,44.950001,45.130001,35.800358,456431
2006-11-28,44.799999,45.189999,44.209999,44.689999,35.451305,346480
2006-11-29,44.570000,45.580002,44.570000,45.330002,35.959011,298036
2006-11-30,45.110001,45.540001,44.560001,44.560001,35.348186,471957
2006-12-01,44.310001,45.360001,44.310001,45.020000,35.713089,517649
2006-12-04,44.910000,45.439999,44.910000,45.189999,35.847950,246717
2006-12-05,45.540001,45.860001,45.330002,45.439999,36.046261,238651
2006-12-06,45.849998,45.849998,45.400002,45.630001,36.196980,249731
2006-12-07,45.299999,46.349998,45.299999,46.049999,36.530155,407540
2006-12-08,46.450001,46.630001,45.939999,46.209999,36.657082,517261
2006-12-11,46.240002,47.930000,46.240002,47.299999,37.521748,458161
2006-12-12,47.180000,47.939999,47.029999,47.799999,37.918377,380359
2006-12-13,47.959999,49.369999,47.900002,49.150002,38.989300,685400
2006-12-14,49.590000,49.790001,49.139999,49.650002,39.385941,313884
2006-12-15,49.889999,50.189999,49.570000,49.680000,39.409733,594146
2006-12-18,49.700001,50.000000,49.500000,49.790001,39.497005,193043
2006-12-19,49.650002,50.180000,48.830002,48.860001,38.759258,334846
2006-12-20,49.000000,49.529999,48.759998,49.299999,39.108288,334644
2006-12-21,48.950001,49.349998,48.799999,48.820000,38.727528,216264
2006-12-22,48.900002,49.279999,48.209999,48.419998,38.410206,140821
2006-12-27,49.000000,49.360001,48.610001,49.259998,39.076561,119687
2006-12-28,49.349998,49.580002,48.990002,49.459999,39.235222,115655
2006-12-29,49.750000,49.750000,48.900002,49.119999,38.965504,81623
2007-01-02,49.500000,50.419998,49.009998,50.150002,39.782581,215343
2007-01-03,49.950001,50.349998,49.750000,50.259998,39.869827,418567
2007-01-04,50.410000,50.810001,50.150002,50.590000,40.131615,425845
2007-01-05,50.650002,50.650002,49.400002,49.549999,39.306618,282904
2007-01-08,49.500000,50.099998,49.299999,49.560001,39.314541,269487
2007-01-09,50.040001,50.500000,48.099998,48.439999,38.426079,860328
2007-01-10,48.110001,48.279999,47.369999,47.830002,37.942181,643311
2007-01-11,47.720001,48.520000,47.700001,48.189999,38.227749,443552
2007-01-12,48.139999,48.849998,47.700001,48.639999,38.584736,459524
2007-01-15,48.599998,49.400002,48.430000,49.290001,39.100357,412005
2007-01-16,49.360001,50.270000,49.250000,49.849998,39.544586,711694
2007-01-17,48.500000,48.520000,47.720001,47.810001,37.926319,2881146
2007-01-18,48.500000,48.849998,48.200001,48.340000,38.346752,2147969
2007-01-19,48.500000,48.570000,48.240002,48.240002,38.267422,459224
2007-01-22,48.470001,48.630001,48.160000,48.200001,38.235695,754814
2007-01-23,48.450001,48.450001,47.990002,48.250000,38.275356,946011
2007-01-24,48.459999,48.900002,48.200001,48.900002,38.790989,655570
2007-01-25,48.900002,48.900002,47.950001,47.950001,38.037380,725634
2007-01-26,48.000000,48.200001,47.700001,47.959999,38.045307,1426090
2007-01-29,48.139999,48.720001,48.000000,48.590000,38.545071,1009651
2007-01-30,48.950001,50.240002,48.939999,49.880001,39.568394,1386948
2007-01-31,50.180000,51.549999,50.169998,51.549999,40.893154,1741828
2007-02-01,51.990002,51.990002,50.450001,50.990002,40.448921,689418
2007-02-02,51.200001,51.380001,50.970001,51.349998,40.734497,472407
2007-02-05,51.349998,51.799999,51.200001,51.400002,40.774170,435051
2007-02-06,51.730000,51.730000,50.939999,51.150002,40.575848,401591
2007-02-07,51.459999,51.459999,50.799999,51.130001,40.559986,500859
2007-02-08,51.400002,51.400002,50.200001,50.590000,40.131615,638399
2007-02-09,51.330002,51.330002,50.270000,50.680000,40.203007,459705
2007-02-12,50.990002,50.990002,50.000000,50.630001,40.163338,284998
2007-02-13,50.900002,50.900002,50.279999,50.700001,40.218876,415261
2007-02-14,51.299999,52.009998,51.209999,51.360001,40.742432,646544
2007-02-15,51.400002,51.869999,51.189999,51.619999,40.948685,630044
2007-02-16,51.650002,51.770000,51.029999,51.150002,40.575848,340332
2007-02-19,51.150002,51.919998,50.919998,51.700001,41.012146,416915
2007-02-20,51.470001,51.700001,51.070000,51.330002,40.718632,348641
2007-02-21,51.310001,51.740002,51.029999,51.200001,40.615513,339268
2007-02-22,51.349998,51.860001,51.110001,51.639999,40.964554,639392
2007-02-23,52.049999,52.750000,51.810001,52.250000,41.448441,578365
2007-02-26,52.099998,52.400002,51.549999,51.779999,41.075607,442048
2007-02-27,51.500000,52.380001,49.570000,49.849998,39.544586,1327101
2007-02-28,48.500000,51.000000,46.660000,49.000000,38.870316,2942146
2007-03-01,50.000000,50.000000,47.060001,48.049999,38.116699,1320229
2007-03-02,47.939999,49.020000,47.939999,48.560001,38.521275,641173
2007-03-05,48.009998,48.540001,47.610001,48.240002,38.267422,806362
2007-03-06,48.740002,48.799999,48.060001,48.189999,38.227749,635707
2007-03-07,48.570000,49.150002,48.209999,48.919998,38.806850,676183
2007-03-08,49.480000,49.939999,49.110001,49.520000,39.282810,817889
2007-03-09,49.900002,50.450001,48.740002,50.169998,39.798443,819415
2007-03-12,50.700001,51.200001,49.500000,49.540001,39.298676,682247
2007-03-13,49.540001,50.700001,49.250000,49.450001,39.227287,423746
2007-03-14,48.099998,49.000000,48.099998,48.490002,38.465740,631253
2007-03-15,49.650002,49.889999,48.700001,49.349998,39.147953,452519
2007-03-16,50.250000,50.250000,48.799999,48.799999,38.711651,1114689
2007-03-19,49.549999,50.099998,49.000000,49.560001,39.314541,651937
2007-03-20,49.930000,50.540001,49.669998,50.400002,39.980892,464502
2007-03-21,50.849998,50.849998,49.720001,50.340000,39.933296,569877
2007-03-22,50.660000,50.799999,50.099998,50.799999,40.298195,453631
2007-03-23,50.799999,50.900002,49.900002,50.740002,40.250607,476676
2007-03-26,50.299999,50.880001,49.480000,50.180000,39.806370,573855
2007-03-27,50.180000,50.939999,49.939999,50.599998,40.139538,386873
2007-03-28,50.700001,50.700001,49.709999,49.889999,39.576324,389368
2007-03-29,50.400002,50.860001,50.150002,50.860001,40.345795,563017
2007-03-30,51.000000,51.349998,50.549999,51.049999,40.496521,422205
2007-04-02,51.000000,51.490002,50.770000,51.299999,40.694843,626597
2007-04-03,51.200001,52.330002,51.200001,51.889999,41.162868,655341
2007-04-04,52.250000,52.540001,51.900002,52.419998,41.583294,487162
2007-04-05,52.470001,52.970001,52.090000,52.590000,41.718155,420462
2007-04-10,52.900002,53.889999,52.669998,53.599998,42.519371,657527
2007-04-11,53.360001,54.119999,52.950001,53.299999,42.281376,660810
2007-04-12,53.500000,53.830002,52.810001,53.240002,42.233788,510133
2007-04-13,53.020000,54.250000,53.020000,53.639999,42.551090,556985
2007-04-16,53.529999,54.480000,53.509998,54.000000,42.836666,327007
2007-04-17,54.250000,54.349998,53.139999,53.529999,42.463829,812489
2007-04-18,53.500000,54.650002,53.500000,54.090000,42.908062,466930
2007-04-19,53.520000,53.779999,52.799999,53.560001,42.487633,532952
2007-04-20,53.959999,54.910000,53.639999,54.110001,42.923935,494173
2007-04-23,54.610001,54.950001,54.020000,54.540001,43.265030,309311
2007-04-24,54.549999,54.700001,52.630001,53.459999,42.408298,661870
2007-04-25,53.529999,54.430000,53.450001,53.950001,42.797005,461348
2007-04-26,54.730000,54.730000,53.279999,54.040001,42.868404,482742
2007-04-27,53.669998,53.889999,53.029999,53.290001,42.748077,509378
2007-04-30,53.290001,53.880001,52.639999,53.049999,42.555553,423389
2007-05-02,53.580002,54.840000,53.279999,54.400002,43.638493,757705
2007-05-03,54.650002,55.470001,52.950001,53.220001,42.691925,767581
2007-05-04,53.680000,54.150002,53.250000,53.660000,43.044880,511782
2007-05-07,53.660000,54.400002,53.450001,54.040001,43.349712,250532
2007-05-08,54.000000,54.500000,52.740002,53.189999,42.667862,408579
2007-05-09,53.830002,53.900002,51.669998,52.740002,42.306877,532977
2007-05-10,52.799999,53.540001,52.549999,52.919998,42.451275,444049
2007-05-11,52.299999,52.970001,51.360001,52.720001,42.290833,530491
2007-05-14,53.200001,53.270000,52.299999,52.689999,42.266773,316533
2007-05-15,52.980000,52.990002,52.200001,52.860001,42.403137,346695
2007-05-16,52.299999,53.189999,52.150002,52.799999,42.355011,220605
2007-05-17,52.669998,53.169998,52.570000,53.110001,42.603683,179566
2007-05-18,53.110001,53.500000,52.709999,53.349998,42.796204,514288
2007-05-21,53.389999,53.849998,53.020000,53.430000,42.860378,399720
2007-05-22,53.849998,53.980000,53.259998,53.360001,42.804230,412353
2007-05-23,53.090000,53.529999,52.750000,53.090000,42.587646,408610
2007-05-24,52.509998,53.099998,52.299999,52.380001,42.018097,382426
2007-05-25,52.380001,52.860001,52.250000,52.459999,42.082272,433140
2007-05-29,52.459999,53.049999,52.450001,52.939999,42.467308,310286
2007-05-30,52.500000,52.639999,51.779999,52.340000,41.986004,444869
2007-05-31,52.810001,53.450001,52.570000,53.410000,42.844337,626420
2007-06-01,53.400002,54.360001,53.009998,54.000000,43.317619,440266
2007-06-04,53.610001,54.250000,53.419998,53.900002,43.237408,381681
2007-06-05,53.830002,55.299999,53.810001,54.990002,44.111778,1026185
2007-06-06,54.950001,55.230000,52.549999,53.180000,42.659832,1231283
2007-06-07,53.500000,53.619999,51.610001,52.049999,41.753368,728471
2007-06-08,51.599998,52.689999,50.770000,51.980000,41.697220,556686
2007-06-11,52.480000,53.000000,52.250000,52.939999,42.467308,543797
2007-06-12,52.900002,52.990002,52.349998,52.630001,42.218639,543872
2007-06-13,52.000000,52.480000,51.599998,51.840000,41.584919,771951
2007-06-14,52.189999,53.060001,52.160000,52.910000,42.443245,628882
2007-06-15,53.500000,55.020000,53.049999,54.619999,43.814968,1435665
2007-06-18,54.590000,54.880001,53.799999,54.230000,43.502121,458130
2007-06-19,54.599998,54.599998,53.320000,53.320000,42.772137,471785
2007-06-20,53.750000,54.090000,53.189999,53.830002,43.181252,497178
2007-06-21,53.299999,53.830002,52.500000,53.189999,42.667862,676965
2007-06-22,53.020000,53.599998,52.790001,53.290001,42.748077,458738
2007-06-25,52.669998,54.000000,52.669998,53.689999,43.068943,516019
2007-06-26,53.060001,53.160000,52.200001,52.599998,42.194565,632649
2007-06-27,52.099998,52.849998,51.509998,51.770000,41.528763,540702
2007-06-28,52.400002,52.910000,51.820000,52.459999,42.082272,432985
2007-06-29,52.709999,52.939999,51.709999,52.840000,42.387100,465490
2007-07-02,52.189999,52.490002,51.799999,52.119999,41.809528,467575
2007-07-03,52.270000,53.349998,52.200001,52.799999,42.355011,362816
2007-07-04,53.139999,55.230000,53.029999,54.599998,43.798931,816719
2007-07-05,55.520000,56.200001,54.400002,54.980000,44.103760,923691
2007-07-06,54.400002,55.950001,54.400002,55.779999,44.745491,774365
2007-07-09,56.090000,56.480000,55.830002,56.299999,45.162632,578014
2007-07-10,56.200001,56.830002,55.049999,55.709999,44.689350,646501
2007-07-11,55.000000,55.279999,54.410000,55.009998,44.127823,526504
2007-07-12,54.970001,56.500000,54.970001,56.279999,45.146587,445508
2007-07-13,56.889999,56.889999,54.450001,54.889999,44.031563,730481
2007-07-16,54.730000,55.990002,54.730000,55.549999,44.560997,357421
2007-07-17,55.610001,55.700001,54.689999,54.950001,44.079685,386732
2007-07-18,54.740002,54.830002,53.950001,54.270000,43.534214,729500
2007-07-19,54.610001,54.830002,54.169998,54.570000,43.774864,378068
2007-07-20,54.459999,54.910000,54.000000,54.139999,43.429932,332394
2007-07-23,53.910000,54.520000,53.419998,54.009998,43.325634,293893
2007-07-24,53.880001,54.000000,52.799999,53.150002,42.635769,575272
2007-07-25,52.299999,53.630001,52.110001,52.590000,42.787933,427777
2007-07-26,52.700001,52.700001,49.320000,50.430000,41.030529,744846
2007-07-27,49.680000,51.169998,48.709999,50.980000,41.478024,1558341
2007-07-30,51.279999,51.279999,49.360001,50.169998,40.818989,754683
2007-07-31,50.990002,51.450001,50.240002,51.299999,41.738384,645002
2007-08-01,50.000000,50.730000,49.500000,50.250000,40.884083,701267
2007-08-02,50.900002,51.049999,50.040001,50.410000,41.014263,554170
2007-08-03,51.020000,51.020000,48.650002,49.119999,39.964699,918834
2007-08-06,48.299999,49.590000,48.000000,48.910000,39.793842,888804
2007-08-07,49.990002,50.820000,47.380001,48.080002,39.118546,1574049
2007-08-08,49.500000,50.450001,49.400002,49.900002,40.599319,1516486
2007-08-09,50.990002,50.990002,48.590000,49.520000,40.290146,1899319
2007-08-10,48.759998,50.279999,48.500000,49.040001,39.899612,1170051
2007-08-13,49.490002,51.430000,49.220001,51.209999,41.665157,1044244
2007-08-14,51.240002,52.509998,50.689999,51.389999,41.811596,815751
2007-08-15,51.009998,52.180000,50.779999,51.180000,41.640739,798194
2007-08-16,50.009998,50.520000,49.070000,49.290001,40.103012,822106
2007-08-17,49.009998,50.299999,48.560001,49.029999,39.891468,924778
2007-08-20,49.779999,50.599998,48.459999,48.570000,39.517216,1159267
2007-08-21,48.910000,49.849998,48.150002,48.369999,39.354485,577242
2007-08-22,49.099998,49.299999,47.509998,48.160000,39.183628,1338754
2007-08-23,48.820000,49.500000,47.939999,48.599998,39.541622,1246668
2007-08-24,48.130001,48.650002,47.950001,48.410000,39.387035,386189
2007-08-27,48.799999,49.119999,48.360001,48.599998,39.541622,326024
2007-08-28,48.599998,48.880001,47.919998,48.070000,39.110405,451716
2007-08-29,47.939999,48.090000,47.270000,47.500000,38.646645,1031199
2007-08-30,48.200001,48.439999,47.410000,48.330002,39.321953,937798
2007-08-31,48.840000,49.630001,48.439999,49.270000,40.086746,706346
2007-09-03,50.000000,50.000000,49.139999,49.750000,40.477276,396046
2007-09-04,49.220001,50.070000,49.000000,49.939999,40.631870,475392
2007-09-05,50.060001,50.099998,48.349998,48.650002,39.582302,591366
2007-09-06,48.959999,49.110001,47.660000,48.119999,39.151093,726430
2007-09-07,48.369999,48.619999,47.340000,47.540001,38.679203,571686
2007-09-10,47.790001,48.209999,47.310001,47.470001,38.622238,396042
2007-09-11,48.000000,48.430000,47.549999,48.070000,39.110405,405759
2007-09-12,48.500000,49.919998,48.290001,48.290001,39.289402,887015
2007-09-13,49.250000,50.430000,49.250000,50.090000,40.753910,721659
2007-09-14,49.770000,51.290001,49.770000,50.709999,41.258347,808642
2007-09-17,50.410000,51.150002,49.799999,50.599998,41.168842,492618
2007-09-18,50.480000,51.599998,49.919998,51.430000,41.844151,650611
2007-09-19,52.459999,53.000000,51.849998,52.570000,42.771660,1005599
2007-09-20,51.849998,52.549999,51.430000,51.759998,42.112637,411863
2007-09-21,52.490002,52.490002,51.570000,52.009998,42.316040,977676
2007-09-24,52.189999,52.400002,51.860001,51.939999,42.259094,479392
2007-09-25,52.240002,52.240002,51.110001,51.380001,41.803467,458328
2007-09-26,51.070000,52.900002,51.070000,52.320000,42.568268,514733
2007-09-27,52.950001,53.700001,52.320000,52.660000,42.844891,557566
2007-09-28,52.770000,52.889999,52.049999,52.520000,42.730988,345858
2007-10-01,52.599998,53.000000,52.139999,52.389999,42.625214,290949
2007-10-02,53.169998,53.330002,52.169998,53.000000,43.121521,709582
2007-10-03,53.279999,54.439999,52.430000,54.279999,44.162945,632994
2007-10-04,53.750000,54.320000,53.200001,54.070000,43.992088,518265
2007-10-05,54.290001,55.799999,54.150002,54.959999,44.716202,891678
2007-10-08,54.750000,55.169998,54.500000,54.720001,44.520939,569124
2007-10-09,54.990002,55.299999,54.270000,55.119999,44.846378,614819
2007-10-10,55.480000,55.480000,54.680000,54.810001,44.594166,528255
2007-10-11,55.099998,55.919998,54.919998,55.830002,45.424049,569238
2007-10-12,55.599998,56.500000,54.959999,56.389999,45.879677,404808
2007-10-15,56.639999,56.720001,55.750000,56.209999,45.733212,580771
2007-10-16,55.549999,56.110001,53.750000,54.730000,44.529076,831579
2007-10-17,54.450001,55.740002,54.450001,55.599998,45.236923,484321
2007-10-18,55.700001,55.790001,54.200001,54.549999,44.382622,348084
2007-10-19,54.410000,55.000000,54.000000,54.189999,44.089722,295361
2007-10-22,53.049999,53.750000,53.049999,53.419998,43.463242,289849
2007-10-23,53.889999,54.250000,53.490002,54.110001,44.024635,382233
2007-10-24,53.799999,54.279999,53.200001,53.500000,43.528324,222542
2007-10-25,53.660000,55.540001,53.220001,55.150002,44.870792,814368
2007-10-26,55.070000,55.470001,54.759998,55.250000,44.952156,370300
2007-10-29,56.000000,56.000000,54.990002,55.060001,44.797562,208889
2007-10-30,55.070000,55.160000,53.650002,53.939999,43.886326,471758
2007-10-31,54.000000,54.869999,53.869999,54.709999,44.512798,297630
2007-11-01,54.810001,55.029999,53.500000,53.860001,43.821232,514797
2007-11-02,53.110001,53.930000,52.810001,53.529999,43.552738,513641
2007-11-05,53.439999,53.490002,52.279999,52.369999,42.608948,579265
2007-11-06,52.490002,53.529999,51.009998,52.849998,42.999481,989203
2007-11-07,53.299999,53.299999,51.009998,51.939999,42.259094,667300
2007-11-08,50.209999,51.520000,50.200001,50.400002,41.006130,906029
2007-11-09,50.849998,51.700001,49.939999,50.590000,41.160706,1011099
2007-11-12,49.110001,50.950001,49.060001,50.340000,40.957317,374743
2007-11-13,50.500000,51.459999,49.930000,51.230000,41.681423,584336
2007-11-14,51.980000,52.240002,51.470001,51.880001,42.210274,459863
2007-11-15,52.099998,52.500000,50.900002,51.250000,41.697697,453913
2007-11-16,51.000000,53.540001,51.000000,52.439999,42.665894,956053
2007-11-19,52.759998,52.900002,51.570000,52.080002,42.372993,536948
2007-11-20,52.580002,53.610001,51.759998,53.040001,43.154064,705755
2007-11-21,52.310001,53.200001,51.450001,51.590000,41.974331,490061
2007-11-22,52.040001,54.119999,50.580002,53.639999,43.642231,988938
2007-11-23,52.200001,53.930000,52.009998,53.700001,43.691048,758108
2007-11-26,53.799999,54.590000,52.250000,52.860001,43.007622,669987
2007-11-27,52.209999,52.950001,51.930000,52.810001,42.966938,466011
2007-11-28,53.470001,55.099998,53.099998,54.660000,44.472122,588429
2007-11-29,54.700001,55.009998,53.900002,55.009998,44.756882,598417
2007-11-30,55.049999,55.360001,54.490002,55.009998,44.756882,550655
2007-12-03,55.000000,55.560001,54.400002,55.000000,44.748749,447749
2007-12-04,55.000000,55.130001,54.099998,54.470001,44.317535,380244
2007-12-05,55.240002,55.520000,54.470001,55.049999,44.789429,476019
2007-12-06,54.490002,55.419998,53.590000,53.919998,43.870045,788673
2007-12-07,54.150002,54.259998,53.200001,53.529999,43.552738,514325
2007-12-10,53.389999,54.500000,52.910000,54.299999,44.179218,460563
2007-12-11,53.950001,54.490002,53.000000,53.209999,43.292377,357822
2007-12-12,52.250000,53.340000,52.250000,52.990002,43.113380,530380
2007-12-13,52.209999,53.400002,52.209999,52.529999,42.739128,543545
2007-12-14,52.799999,53.220001,52.500000,52.970001,43.097111,428113
2007-12-17,52.320000,53.240002,52.320000,52.730000,42.901852,391123
2007-12-18,52.430000,53.520000,52.430000,53.200001,43.284248,536015
2007-12-19,53.240002,53.509998,52.590000,53.029999,43.145927,447190
2007-12-20,53.000000,53.779999,52.849998,53.009998,43.129662,612206
2007-12-21,53.990002,53.990002,52.400002,52.980000,43.105247,1455486
2007-12-27,52.410000,53.240002,52.410000,53.000000,43.121521,288202
2007-12-28,52.660000,53.259998,52.520000,53.000000,43.121521,94890
2008-01-02,53.070000,53.150002,52.160000,52.389999,42.625214,302710
2008-01-03,52.009998,52.410000,50.560001,51.180000,41.640739,588536
2008-01-04,51.189999,51.770000,50.610001,51.020000,41.510571,677989
2008-01-07,50.869999,51.279999,50.509998,51.150002,41.616341,448514
2008-01-08,51.590000,51.700001,50.680000,50.950001,41.453613,561456
2008-01-09,50.610001,50.660000,49.419998,49.750000,40.477276,719216
2008-01-10,49.990002,50.450001,49.110001,49.320000,40.127419,1032842
2008-01-11,49.169998,49.430000,46.490002,46.830002,38.101532,1490709
2008-01-14,47.990002,50.500000,47.599998,48.770000,39.679939,1431894
2008-01-15,49.000000,50.189999,47.540001,48.509998,39.468391,1326630
2008-01-16,48.180000,49.160000,47.349998,48.689999,39.614845,1266708
2008-01-17,48.509998,50.349998,48.509998,49.470001,40.249470,864985
2008-01-18,49.520000,51.080002,48.779999,49.740002,40.469143,877848
2008-01-21,49.139999,49.150002,47.049999,47.200001,38.402565,1130989
2008-01-22,46.500000,48.470001,46.000000,47.410000,38.573414,1348498
2008-01-23,48.139999,48.889999,45.849998,46.910000,38.166618,1483602
2008-01-24,48.560001,50.860001,48.200001,49.560001,40.322697,980849
2008-01-25,51.000000,52.430000,50.200001,50.650002,41.209530,1027347
2008-01-28,49.900002,50.759998,49.529999,50.230000,40.867809,823890
2008-01-29,50.650002,50.700001,49.290001,50.299999,40.924763,723776
2008-01-30,50.169998,50.169998,49.090000,49.330002,40.135559,1290873
2008-01-31,50.000000,51.680000,49.380001,51.549999,41.941784,1171718
2008-02-01,52.020000,52.349998,50.660000,51.240002,41.689564,948517
2008-02-04,51.980000,52.250000,51.160000,51.200001,41.657017,370750
2008-02-05,50.869999,51.250000,49.779999,49.880001,40.583046,855342
2008-02-06,49.340000,52.040001,49.340000,50.799999,41.331570,688033
2008-02-07,51.049999,52.270000,50.200001,50.759998,41.299023,1085898
2008-02-08,51.500000,51.880001,50.720001,51.360001,41.787197,505521
2008-02-11,50.770000,51.189999,50.250000,50.639999,41.201389,448287
2008-02-12,51.119999,52.139999,50.349998,51.959999,42.275360,417308
2008-02-13,51.910000,52.970001,51.009998,52.490002,42.706581,476940
2008-02-14,52.799999,53.500000,52.020000,52.200001,42.470627,706143
2008-02-15,52.020000,52.980000,51.650002,51.910000,42.234688,529438
2008-02-18,52.110001,52.860001,51.900002,52.410000,42.641491,217875
2008-02-19,51.990002,52.310001,50.919998,51.630001,42.006870,471370
2008-02-20,51.230000,51.910000,50.759998,51.599998,41.982464,451419
2008-02-21,51.720001,52.459999,51.500000,51.689999,42.055687,364688
2008-02-22,51.490002,51.980000,51.250000,51.709999,42.071960,353298
2008-02-25,52.290001,52.630001,51.610001,52.360001,42.600807,417294
2008-02-26,52.580002,52.799999,51.930000,52.490002,42.706581,239700
2008-02-27,52.570000,53.349998,51.700001,53.119999,43.219162,546298
2008-02-28,53.169998,53.799999,52.290001,52.529999,42.739128,467712
2008-02-29,52.560001,53.000000,52.000000,52.950001,43.080845,661992
2008-03-03,52.160000,53.360001,51.919998,53.360001,43.414421,838808
2008-03-04,53.240002,53.450001,51.959999,52.090000,42.381138,547580
2008-03-05,52.430000,52.849998,51.919998,52.669998,42.853024,586729
2008-03-06,53.090000,53.090000,52.000000,52.200001,42.470627,515919
2008-03-07,52.000000,52.490002,51.299999,52.080002,42.372993,868509
2008-03-10,52.189999,52.740002,50.950001,51.240002,41.689564,669934
2008-03-11,51.490002,52.669998,51.209999,52.349998,42.592678,528140
2008-03-12,52.610001,52.790001,51.610001,51.990002,42.299774,488319
2008-03-13,51.000000,51.950001,50.799999,51.650002,42.023144,774969
2008-03-14,51.570000,52.900002,51.000000,52.020000,42.324188,602940
2008-03-17,50.599998,51.740002,50.590000,50.610001,41.176983,541244
2008-03-18,50.980000,52.180000,50.860001,51.950001,42.267227,639305
2008-03-19,52.849998,53.169998,51.910000,52.310001,42.560131,807520
2008-03-20,51.639999,52.939999,51.630001,52.500000,42.714710,1376007
2008-03-25,54.049999,54.099998,52.119999,52.790001,42.950661,724192
2008-03-26,52.419998,52.950001,51.880001,52.169998,42.446220,499676
2008-03-27,52.340000,53.310001,52.099998,53.060001,43.170330,513533
2008-03-28,52.790001,53.279999,52.020000,52.180000,42.454353,458372
2008-03-31,52.029999,53.540001,51.500000,53.290001,43.357468,553282
2008-04-01,53.340000,54.000000,53.040001,53.520000,43.544609,603030
2008-04-02,53.910000,53.910000,52.669998,53.389999,43.438835,358437
2008-04-03,53.400002,53.419998,52.430000,52.700001,42.877441,464074
2008-04-04,52.730000,52.889999,52.410000,52.689999,42.869293,462133
2008-04-07,53.200001,53.849998,52.209999,52.570000,42.771660,634332
2008-04-08,52.360001,52.919998,51.360001,51.669998,42.039410,620055
2008-04-09,51.389999,51.540001,50.650002,50.950001,41.453613,459622
2008-04-10,51.169998,52.020000,50.770000,51.849998,42.185863,565397
2008-04-11,52.090000,52.299999,50.779999,51.000000,41.494293,328733
2008-04-14,50.619999,51.279999,50.520000,51.000000,41.494293,246530
2008-04-15,51.369999,52.070000,50.610001,51.480000,41.884823,374556
2008-04-16,51.009998,51.400002,50.299999,50.889999,41.404800,769191
2008-04-17,51.410000,51.779999,50.549999,50.849998,41.372253,407005
2008-04-18,51.000000,51.500000,50.709999,51.160000,41.624474,356456
2008-04-21,51.490002,51.720001,50.500000,50.790001,41.323437,427234
2008-04-22,50.320000,51.279999,50.320000,51.000000,41.494293,368631
2008-04-23,51.290001,51.290001,50.000000,50.200001,40.843403,571777
2008-04-24,50.430000,51.200001,49.910000,51.070000,41.551250,562035
2008-04-25,51.500000,52.520000,51.380001,52.200001,42.470627,514241
2008-04-28,52.240002,53.299999,52.540001,52.540001,42.747265,423102
2008-04-29,52.959999,53.580002,52.439999,53.450001,43.487644,757981
2008-04-30,53.590000,54.869999,53.020000,54.689999,44.496521,963047
2008-05-02,54.990002,55.029999,53.119999,53.450001,44.051476,827588
2008-05-05,53.060001,53.950001,53.060001,53.500000,44.092682,205878
2008-05-06,52.990002,52.990002,49.900002,50.700001,41.785034,2128870
2008-05-07,51.000000,51.389999,50.150002,50.759998,41.834484,1504737
2008-05-08,50.619999,51.939999,50.189999,51.860001,42.741062,805791
2008-05-09,51.680000,52.299999,51.509998,52.009998,42.864681,598221
2008-05-12,51.980000,52.689999,51.799999,52.520000,43.285011,334649
2008-05-13,53.060001,53.419998,52.000000,52.310001,43.111938,329663
2008-05-14,52.209999,52.700001,51.619999,51.860001,42.741062,388041
2008-05-15,51.580002,52.310001,51.240002,51.590000,42.518536,903050
2008-05-16,52.110001,52.110001,50.810001,51.299999,42.279530,567193
2008-05-19,51.200001,51.869999,51.200001,51.610001,42.535027,410555
2008-05-20,51.279999,52.060001,50.950001,51.060001,42.081734,444218
2008-05-21,51.750000,51.750000,50.330002,50.619999,41.719093,612482
2008-05-22,50.529999,51.240002,50.310001,51.020000,42.048767,302422
2008-05-23,51.080002,51.080002,49.810001,50.000000,41.208118,512461
2008-05-26,50.230000,50.230000,49.810001,50.049999,41.249336,103334
2008-05-27,50.020000,50.270000,49.090000,49.799999,41.043293,857348
2008-05-28,49.720001,50.970001,49.700001,50.630001,41.727348,304463
2008-05-29,50.189999,51.119999,50.189999,50.880001,41.933392,291433
2008-05-30,51.310001,51.500000,50.459999,50.669998,41.760311,406305
2008-06-02,50.419998,50.430000,49.869999,50.000000,41.208118,418880
2008-06-03,50.169998,51.520000,49.790001,51.340000,42.312496,443200
2008-06-04,51.340000,51.369999,50.150002,50.599998,41.702610,416201
2008-06-05,51.009998,51.490002,50.500000,51.150002,42.155910,486965
2008-06-06,51.380001,51.599998,50.290001,50.529999,41.644932,306003
2008-06-09,50.230000,50.790001,49.950001,50.000000,41.208118,443932
2008-06-10,49.950001,50.340000,49.580002,50.130001,41.315266,415843
2008-06-11,50.169998,50.360001,49.619999,49.840000,41.076256,533531
2008-06-12,49.869999,50.220001,49.410000,49.759998,41.010319,523742
2008-06-13,49.700001,49.700001,48.160000,48.959999,40.350994,695265
2008-06-16,49.000000,49.000000,48.000000,48.360001,39.856491,395229
2008-06-17,48.730000,49.340000,48.340000,48.860001,40.268570,388235
2008-06-18,48.820000,49.060001,48.540001,48.959999,40.350994,338662
2008-06-19,48.750000,49.110001,48.500000,48.790001,40.210888,402349
2008-06-20,50.000000,50.000000,48.299999,48.500000,39.971882,1052265
2008-06-23,48.619999,48.860001,48.259998,48.470001,39.947159,400805
2008-06-24,48.700001,48.700001,47.209999,48.000000,39.559795,544908
2008-06-25,48.419998,48.959999,47.770000,48.750000,40.177914,440361
2008-06-26,48.320000,48.939999,47.480000,47.639999,39.263096,639604
2008-06-27,47.669998,47.680000,45.369999,46.250000,38.117508,922745
2008-06-30,46.430000,46.900002,44.830002,46.770000,38.546082,637962
2008-07-01,46.459999,46.720001,45.310001,46.470001,38.298832,652086
2008-07-02,46.389999,46.480000,44.590000,44.750000,36.881264,856739
2008-07-03,44.450001,45.070000,44.000000,44.410000,36.601051,786409
2008-07-04,44.570000,44.570000,43.669998,43.950001,36.221939,606581
2008-07-07,45.000000,45.000000,43.380001,43.880001,36.164253,656482
2008-07-08,43.299999,44.099998,42.720001,43.980000,36.246670,577725
2008-07-09,44.270000,44.630001,43.869999,43.939999,36.213699,495307
2008-07-10,43.180000,43.610001,42.150002,42.389999,34.936245,908253
2008-07-11,42.500000,42.759998,41.290001,41.369999,34.095604,652390
2008-07-14,41.400002,41.830002,40.860001,41.410000,34.128571,694615
2008-07-15,40.820000,42.130001,40.490002,41.820000,34.466473,818782
2008-07-16,42.130001,42.130001,40.009998,41.099998,33.873077,1169666
2008-07-17,41.790001,42.119999,41.080002,41.639999,34.318119,760744
2008-07-18,40.980000,40.990002,38.520000,39.590000,32.628586,1558506
2008-07-21,39.830002,41.110001,39.209999,40.290001,33.205505,863032
2008-07-22,40.000000,40.259998,38.919998,40.009998,32.974735,843995
2008-07-23,40.200001,41.860001,40.000000,41.610001,34.293400,1056035
2008-07-24,42.150002,42.150002,40.910000,41.290001,34.029667,784283
2008-07-25,40.779999,41.410000,40.619999,40.880001,33.691761,850062
2008-07-28,41.029999,41.820000,40.810001,41.139999,33.906048,494199
2008-07-29,40.619999,40.900002,39.880001,40.709999,33.551651,854988
2008-07-30,41.689999,42.310001,40.919998,41.849998,34.491192,489525
2008-07-31,41.849998,42.049999,40.889999,41.500000,34.202740,805361
2008-08-01,41.950001,41.950001,40.700001,41.180000,33.939011,539320
2008-08-04,40.560001,41.700001,40.529999,41.180000,33.939011,664926
2008-08-05,39.299999,39.889999,37.320000,39.540001,32.587383,2795591
2008-08-06,39.470001,40.130001,38.509998,39.130001,32.249477,1391836
2008-08-07,38.000000,39.090000,37.400002,37.779999,31.136852,1360356
2008-08-08,37.570000,38.130001,37.470001,37.770000,31.128614,943859
2008-08-11,37.619999,39.110001,37.619999,39.020000,32.158821,739495
2008-08-12,41.299999,41.759998,40.290001,40.880001,33.691761,1454331
2008-08-13,40.700001,40.880001,39.669998,39.919998,32.900566,618822
2008-08-14,39.779999,40.150002,39.340000,39.660000,32.686283,920848
2008-08-15,39.730000,40.860001,39.330002,40.720001,33.559902,596622
2008-08-18,40.700001,40.700001,39.639999,40.209999,33.139572,529140
2008-08-19,39.930000,39.930000,39.299999,39.560001,32.603870,545487
2008-08-20,39.779999,39.790001,39.119999,39.650002,32.678040,708641
2008-08-21,39.360001,39.360001,38.500000,38.660000,31.862118,657094
2008-08-22,38.939999,39.160000,38.349998,38.970001,32.117607,787473
2008-08-25,39.950001,39.950001,38.320000,38.590000,31.804430,413309
2008-08-26,38.369999,38.840000,38.009998,38.560001,31.779705,601889
2008-08-27,38.410000,38.959999,37.919998,38.619999,31.829157,557211
2008-08-28,38.669998,39.000000,38.020000,38.750000,31.936298,540759
2008-08-29,38.959999,39.840000,38.360001,39.650002,32.678040,927845
2008-09-01,39.299999,39.540001,38.799999,39.330002,32.414307,857169
2008-09-02,39.419998,40.599998,38.700001,40.330002,33.238476,1025836
2008-09-03,40.209999,40.799999,39.939999,40.599998,33.460999,791105
2008-09-04,40.750000,40.980000,40.200001,40.200001,33.131329,967772
2008-09-05,39.990002,40.470001,39.689999,40.009998,32.974735,924065
2008-09-08,41.349998,41.490002,40.330002,41.250000,33.996704,1031446
2008-09-09,41.040001,41.900002,40.599998,41.209999,33.963734,1444452
2008-09-10,41.209999,41.230000,39.919998,40.630001,33.485725,1481430
2008-09-11,40.630001,40.959999,40.009998,40.660000,33.510448,853576
2008-09-12,40.849998,41.250000,40.200001,41.250000,33.996704,541535
2008-09-15,39.750000,40.939999,39.750000,40.349998,33.254955,1164525
2008-09-16,40.000000,41.889999,39.889999,41.430000,34.145050,1393548
2008-09-17,41.970001,41.970001,40.840000,41.000000,33.790668,936541
2008-09-18,41.130001,42.820000,40.549999,42.040001,34.647789,1046411
2008-09-19,42.500000,44.570000,42.500000,44.570000,36.732914,1739224
2008-09-22,44.570000,44.889999,42.410000,42.810001,35.282391,905635
2008-09-23,42.820000,42.820000,41.459999,41.860001,34.499435,1144992
2008-09-24,42.000000,42.259998,41.230000,41.959999,34.581856,731245
2008-09-25,41.970001,44.470001,41.970001,43.540001,35.884037,1266149
2008-09-26,43.480000,43.740002,42.380001,42.380001,34.928005,956060
2008-09-29,41.689999,43.419998,41.490002,42.389999,34.936245,1141300
2008-09-30,42.000000,45.000000,41.650002,44.810001,36.930717,1694597
2008-10-01,44.500000,45.189999,44.080002,44.490002,36.666988,1396791
2008-10-02,44.000000,45.500000,43.549999,44.000000,36.263149,1865020
2008-10-03,44.240002,44.240002,41.119999,42.389999,34.936245,1272340
2008-10-06,40.509998,41.910000,39.910000,40.500000,33.378582,1599534
2008-10-07,40.639999,41.439999,40.310001,40.330002,33.238476,1054281
2008-10-08,39.099998,40.459999,38.000000,38.619999,31.829157,1418877
2008-10-09,38.000000,39.310001,37.830002,38.590000,31.804430,1204998
2008-10-10,37.000000,37.810001,36.000000,37.000000,30.494009,1666552
2008-10-13,39.000000,40.000000,38.000000,39.610001,32.645077,1087846
2008-10-14,41.000000,41.480000,39.450001,39.869999,32.859356,869487
2008-10-15,40.200001,40.200001,38.230000,38.689999,31.886850,766815
2008-10-16,37.049999,38.500000,36.500000,37.279999,30.724775,1099856
2008-10-17,39.610001,39.660000,37.509998,38.720001,31.911566,995435
2008-10-20,39.700001,39.700001,38.090000,39.189999,32.298923,707515
2008-10-21,40.000000,40.689999,39.349998,39.410000,32.480247,931309
2008-10-22,39.279999,39.340000,36.680000,37.180000,30.642365,947564
2008-10-23,36.549999,39.750000,36.419998,38.650002,31.853880,989576
2008-10-24,37.849998,38.500000,36.400002,38.450001,31.689047,1264257
2008-10-27,37.380001,38.650002,36.419998,37.500000,30.906097,1276357
2008-10-28,38.619999,39.450001,36.400002,38.930000,32.084633,1424404
2008-10-29,39.709999,41.490002,39.680000,41.220001,33.971981,821150
2008-10-30,42.669998,44.150002,41.220001,42.500000,35.026905,1170865
2008-10-31,40.990002,41.529999,39.700001,41.099998,33.873077,1770506
2008-11-03,41.549999,42.400002,40.930000,42.150002,34.738445,1217888
2008-11-04,42.549999,45.259998,41.009998,45.250000,37.293346,1041375
2008-11-05,45.310001,45.500000,44.009998,44.470001,36.650501,1034327
2008-11-06,44.000000,45.500000,43.099998,44.000000,36.263149,872480
2008-11-07,44.180000,45.070000,43.869999,44.840000,36.955437,514563
2008-11-10,45.500000,45.630001,43.680000,43.790001,36.090076,579632
2008-11-11,43.290001,43.910000,42.320000,42.779999,35.257671,593316
2008-11-12,42.900002,43.700001,41.799999,41.869999,34.507683,668950
2008-11-13,41.450001,42.810001,41.310001,42.150002,34.738445,672215
2008-11-14,43.020000,43.299999,42.150002,42.860001,35.323601,603327
2008-11-17,42.500000,43.430000,42.310001,42.919998,35.373047,670756
2008-11-18,43.459999,43.459999,41.900002,42.750000,35.232948,516538
2008-11-19,43.299999,43.419998,42.070000,42.200001,34.779659,672619
2008-11-20,41.549999,41.880001,39.799999,40.580002,33.444515,963143
2008-11-21,40.389999,41.000000,39.880001,40.200001,33.131329,803307
2008-11-24,40.709999,42.410000,40.689999,42.330002,34.886791,462592
2008-11-25,42.220001,44.200001,42.189999,43.099998,35.521397,815879
2008-11-26,42.849998,43.040001,41.849998,42.349998,34.903278,627099
2008-11-27,43.000000,43.000000,41.869999,42.259998,34.829105,410229
2008-11-28,42.000000,43.500000,41.750000,43.500000,35.851067,706144
2008-12-01,43.840000,43.840000,42.090000,42.330002,34.886791,910067
2008-12-02,41.900002,42.139999,41.450001,41.889999,34.524170,830258
2008-12-03,41.900002,44.000000,41.299999,43.720001,36.032391,797089
2008-12-04,43.950001,45.910000,43.419998,43.419998,35.785126,1312189
2008-12-05,43.700001,43.700001,41.070000,41.220001,33.971981,1205523
2008-12-08,43.689999,43.700001,42.150002,42.310001,34.870316,747322
2008-12-09,42.000000,43.090000,41.700001,42.750000,35.232948,722331
2008-12-10,43.070000,43.310001,42.500000,43.189999,35.595577,608079
2008-12-11,42.970001,42.980000,40.810001,41.020000,33.807140,820353
2008-12-12,40.480000,40.950001,39.799999,40.340000,33.246708,899224
2008-12-15,41.090000,41.119999,39.900002,40.730000,33.568134,699109
2008-12-16,41.099998,41.110001,40.070000,40.950001,33.749462,525976
2008-12-17,41.299999,41.299999,40.099998,40.570000,33.436268,973087
2008-12-18,40.799999,41.990002,40.410000,41.689999,34.359333,504472
2008-12-19,41.990002,42.340000,39.830002,39.830002,32.826393,2694367
2008-12-22,40.599998,40.740002,39.820000,39.950001,32.925285,896329
2008-12-23,40.599998,41.450001,40.080002,41.040001,33.823627,740354
2008-12-29,42.400002,42.869999,41.590000,41.740002,34.400543,578019
2008-12-30,42.430000,42.750000,41.880001,42.000000,34.614819,420743
2009-01-02,42.419998,43.150002,42.150002,42.270000,34.837341,356642
2009-01-05,42.730000,43.700001,42.310001,43.580002,35.916996,567806
2009-01-06,43.700001,44.490002,43.360001,44.150002,36.386784,566162
2009-01-07,44.029999,44.200001,42.599998,42.990002,35.430748,550577
2009-01-08,42.939999,43.330002,41.250000,41.400002,34.120327,939635
2009-01-09,41.380001,41.419998,40.400002,40.860001,33.675270,807468
2009-01-12,40.820000,41.360001,40.020000,40.230000,33.156059,752581
2009-01-13,40.490002,40.689999,39.549999,40.580002,33.444515,775095
2009-01-14,41.270000,41.340000,40.020000,40.299999,33.213741,877037
2009-01-15,40.099998,40.570000,39.689999,40.200001,33.131329,950648
2009-01-16,40.509998,41.700001,39.520000,39.709999,32.727489,788207
2009-01-19,39.919998,40.660000,39.500000,40.160000,33.098366,532824
2009-01-20,40.189999,40.889999,40.189999,40.480000,33.362095,545590
2009-01-21,40.060001,41.099998,40.060001,40.910000,33.716480,720691
2009-01-22,41.029999,41.500000,39.419998,40.040001,32.999462,765459
2009-01-23,39.570000,39.570000,36.689999,38.500000,31.730249,1773104
2009-01-26,38.349998,39.849998,37.650002,39.389999,32.463749,577390
2009-01-27,39.410000,39.790001,38.799999,39.740002,32.752220,368767
2009-01-28,39.820000,39.900002,38.790001,39.599998,32.636829,471957
2009-01-29,39.700001,39.700001,38.959999,39.130001,32.249477,342477
2009-01-30,39.130001,39.250000,38.060001,38.400002,31.647840,693646
2009-02-02,38.169998,38.619999,37.610001,38.259998,31.532452,492208
2009-02-03,38.349998,38.610001,37.889999,38.380001,31.631355,568257
2009-02-04,37.779999,37.900002,36.570000,36.880001,30.395109,1610241
2009-02-05,36.580002,36.919998,35.200001,35.549999,29.298967,1243392
2009-02-06,35.599998,36.150002,35.119999,35.570000,29.315460,1391685
2009-02-09,35.630001,36.680000,35.279999,36.450001,30.040714,848464
2009-02-10,35.509998,36.150002,35.500000,35.599998,29.340183,800254
2009-02-11,35.360001,36.529999,35.230000,36.400002,29.999514,631844
2009-02-12,36.230000,36.480000,35.299999,35.549999,29.298967,669605
2009-02-13,36.000000,36.389999,35.139999,35.330002,29.117659,508886
2009-02-16,35.150002,35.730000,35.099998,35.279999,29.076447,327805
2009-02-17,35.000000,35.099998,34.360001,35.000000,28.845688,850732
2009-02-18,35.000000,35.349998,34.439999,35.009998,28.853924,492851
2009-02-19,35.099998,35.270000,34.810001,34.980000,28.829208,395460
2009-02-20,34.610001,34.849998,34.070000,34.090000,28.095699,577678
2009-02-23,34.119999,34.590000,33.570000,33.689999,27.766029,472343
2009-02-24,33.389999,34.080002,33.060001,33.990002,28.013285,587998
2009-02-25,34.130001,34.470001,33.560001,34.020000,28.038004,724933
2009-02-26,34.029999,34.450001,33.590000,33.709999,27.782516,492059
2009-02-27,33.310001,33.490002,32.810001,32.990002,27.189117,918054
2009-03-02,32.830002,32.830002,32.150002,32.400002,26.702869,762447
2009-03-03,32.080002,32.680000,31.830000,31.840000,26.241331,889343
2009-03-04,31.809999,32.560001,31.410000,32.450001,26.744068,683894
2009-03-05,32.169998,32.389999,31.379999,31.379999,25.862217,519677
2009-03-06,31.299999,31.450001,30.629999,30.719999,25.318268,558385
2009-03-09,30.600000,30.700001,30.129999,30.330000,24.996845,908297
2009-03-10,30.299999,30.500000,29.420000,30.200001,24.889708,1264091
2009-03-11,30.190001,31.129999,29.850000,30.920000,25.483099,1138127
2009-03-12,30.969999,32.509998,30.639999,31.930000,26.315508,1082411
2009-03-13,32.419998,33.230000,32.080002,32.279999,26.603962,1073947
2009-03-16,32.820000,32.939999,32.049999,32.610001,26.875935,367210
2009-03-17,32.490002,32.779999,32.049999,32.700001,26.950109,409661
2009-03-18,32.849998,33.119999,32.509998,32.990002,27.189117,453715
2009-03-19,33.020000,33.200001,31.990000,32.009998,26.381441,480500
2009-03-20,32.049999,32.090000,30.500000,31.150000,25.672659,1144784
2009-03-23,31.299999,31.990000,31.080000,31.889999,26.282537,502378
2009-03-24,32.369999,32.660000,32.099998,32.560001,26.834732,497822
2009-03-25,32.570000,33.910000,32.389999,33.450001,27.568233,696676
2009-03-26,33.900002,33.900002,32.900002,33.630001,27.716583,470989
2009-03-27,33.549999,33.770000,33.290001,33.389999,27.518782,320152
2009-03-30,33.400002,33.950001,32.650002,33.240002,27.395161,555127
2009-03-31,33.389999,33.889999,33.139999,33.790001,27.848448,463836
2009-04-01,33.650002,34.160000,33.200001,33.980000,28.005045,417126
2009-04-02,34.049999,34.669998,33.639999,34.220001,28.202839,592803
2009-04-03,34.200001,34.700001,34.040001,34.290001,28.260527,405241
2009-04-06,34.380001,34.970001,33.799999,33.990002,28.013285,614701
2009-04-07,34.110001,34.689999,33.900002,34.310001,28.277014,418142
2009-04-08,34.000000,34.430000,33.549999,34.250000,28.227560,272544
2009-04-09,33.599998,34.169998,33.430000,33.939999,27.972073,676508
2009-04-14,33.610001,33.730000,33.000000,33.360001,27.494064,715650
2009-04-15,33.369999,34.070000,33.230000,34.070000,28.079214,464389
2009-04-16,34.230000,34.410000,33.740002,34.330002,28.293495,626635
2009-04-17,34.299999,34.740002,30.750000,31.379999,25.862217,3274993
2009-04-20,31.500000,31.719999,30.309999,30.309999,24.980360,1998713
2009-04-21,30.299999,30.480000,29.549999,30.100000,24.807287,1674159
2009-04-22,29.990000,30.260000,29.610001,29.870001,24.617733,1066674
2009-04-23,29.650000,29.870001,28.700001,28.830000,23.760603,1402830
2009-04-24,29.000000,29.950001,28.750000,29.809999,24.568283,1241577
2009-04-27,29.700001,29.879999,29.389999,29.750000,24.518831,696977
2009-04-28,29.590000,30.840000,29.590000,30.580000,25.202887,1085814
2009-04-29,31.000000,31.000000,30.070000,30.610001,25.227613,827226
2009-04-30,30.889999,31.680000,30.600000,31.160000,25.680902,1367134
2009-05-04,31.100000,31.790001,31.059999,31.500000,27.168047,1036085
2009-05-05,31.680000,32.400002,31.309999,31.700001,27.340542,1204688
2009-05-06,31.700001,31.870001,31.209999,31.660000,27.306044,858648
2009-05-07,31.620001,32.610001,31.620001,32.000000,27.599289,1112864
2009-05-08,32.400002,33.200001,32.009998,33.070000,28.522142,1022987
2009-05-11,33.290001,33.439999,33.000000,33.290001,28.711885,810100
2009-05-12,33.000000,33.500000,32.799999,33.290001,28.711885,468696
2009-05-13,33.360001,33.720001,32.840000,32.950001,28.418642,997829
2009-05-14,32.720001,32.980000,32.400002,32.730000,28.228899,429615
2009-05-15,32.930000,32.939999,32.439999,32.799999,28.289274,568582
2009-05-18,32.669998,33.700001,32.410000,33.450001,28.849880,434301
2009-05-19,33.520000,33.950001,33.250000,33.759998,29.117245,646194
2009-05-20,33.869999,33.980000,33.509998,33.910000,29.246620,400393
2009-05-21,33.689999,33.830002,33.480000,33.570000,28.953377,228796
2009-05-22,33.750000,33.860001,33.310001,33.599998,28.979252,350594
2009-05-25,33.650002,34.470001,33.310001,34.049999,29.367371,400252
2009-05-26,33.700001,34.320000,33.369999,34.160000,29.462238,406780
2009-05-27,34.259998,34.450001,33.709999,34.099998,29.410488,443918
2009-05-28,33.830002,34.070000,33.490002,33.990002,29.315622,436376
2009-05-29,34.150002,34.779999,34.000000,34.709999,29.936604,703205
2009-06-01,34.990002,35.680000,34.700001,34.790001,30.005598,327454
2009-06-02,34.820000,35.709999,34.610001,35.520000,30.635216,554191
2009-06-03,35.459999,35.689999,34.810001,35.009998,30.195347,434109
2009-06-04,35.139999,35.250000,34.310001,34.639999,29.876228,521259
2009-06-05,34.220001,34.529999,33.759998,34.009998,29.332867,605383
2009-06-08,34.180000,34.240002,33.509998,33.849998,29.194870,483164
2009-06-09,33.950001,34.340000,33.700001,33.730000,29.091375,463064
2009-06-10,33.970001,34.549999,33.750000,33.860001,29.203497,507615
2009-06-11,33.900002,33.900002,33.299999,33.480000,28.875751,447964
2009-06-12,33.450001,33.779999,33.119999,33.540001,28.927504,373138
2009-06-15,33.310001,33.650002,33.040001,33.040001,28.496265,389496
2009-06-16,33.040001,33.590000,33.000000,33.000000,28.461765,375070
2009-06-17,32.990002,33.700001,32.830002,33.099998,28.548016,545736
2009-06-18,33.290001,33.349998,32.880001,32.980000,28.444515,490454
2009-06-19,33.000000,33.060001,32.270000,32.889999,28.366894,953037
2009-06-22,32.959999,32.959999,31.920000,31.950001,27.556168,554738
2009-06-23,31.900000,32.529999,31.879999,32.529999,28.056398,539931
2009-06-24,32.490002,32.830002,32.119999,32.830002,28.315149,448461
2009-06-25,32.779999,33.669998,32.680000,33.619999,28.996500,555666
2009-06-26,33.549999,33.820000,32.959999,33.220001,28.651512,376750
2009-06-29,33.090000,33.939999,32.759998,33.770000,29.125872,516044
2009-06-30,33.849998,33.919998,33.270000,33.509998,28.901630,560043
2009-07-01,33.610001,34.400002,33.610001,34.240002,29.531244,578729
2009-07-02,34.080002,34.080002,33.209999,33.410000,28.815382,465088
2009-07-03,33.540001,33.820000,33.310001,33.380001,28.789509,327646
2009-07-06,33.160000,33.189999,32.450001,33.090000,28.539389,492911
2009-07-07,33.250000,33.250000,32.500000,32.619999,28.134024,348349
2009-07-08,32.509998,32.639999,32.090000,32.240002,27.806286,377923
2009-07-09,32.200001,32.369999,31.809999,32.049999,27.642412,443701
2009-07-10,32.000000,32.080002,31.620001,31.740000,27.375044,481168
2009-07-13,31.639999,32.049999,31.330000,31.840000,27.461292,339881
2009-07-14,31.830000,31.980000,31.469999,31.969999,27.573412,348703
2009-07-15,32.150002,32.619999,32.049999,32.509998,28.039152,497032
2009-07-16,32.430000,33.299999,32.349998,32.830002,28.315149,558757
2009-07-17,32.889999,33.150002,32.720001,32.939999,28.410023,331151
2009-07-20,33.189999,33.459999,32.799999,32.919998,28.392765,349151
2009-07-21,33.080002,33.250000,32.860001,32.959999,28.427265,407844
2009-07-22,33.119999,33.320000,32.720001,33.160000,28.599762,365016
2009-07-23,33.240002,33.590000,32.720001,33.459999,28.858511,544274
2009-07-24,33.459999,33.930000,33.419998,33.750000,29.108620,405098
2009-07-27,33.799999,33.950001,33.599998,33.799999,29.151747,449977
2009-07-28,33.950001,34.259998,33.790001,33.889999,29.229370,430629
2009-07-29,33.860001,34.619999,33.860001,34.459999,29.720987,433744
2009-07-30,34.509998,34.950001,34.200001,34.709999,29.936604,746182
2009-07-31,34.480000,36.070000,34.470001,35.330002,30.471338,768779
2009-08-03,35.400002,36.250000,35.209999,35.480000,30.600710,869740
2009-08-04,34.799999,35.259998,33.349998,34.799999,30.014227,1594976
2009-08-05,34.950001,36.000000,34.799999,35.060001,30.238476,1104748
2009-08-06,35.000000,35.470001,34.669998,35.000000,30.186726,834814
2009-08-07,34.889999,35.750000,34.799999,35.599998,30.704208,702375
2009-08-10,35.599998,35.680000,35.209999,35.500000,30.617964,419273
2009-08-11,35.430000,35.540001,34.599998,34.669998,29.902107,514795
2009-08-12,34.540001,34.560001,34.189999,34.360001,29.634739,533173
2009-08-13,34.450001,34.590000,34.209999,34.250000,29.539862,764163
2009-08-14,34.200001,34.360001,33.889999,34.060001,29.375994,598262
2009-08-17,33.919998,34.090000,33.500000,33.660000,29.031002,594276
2009-08-18,33.610001,33.709999,33.230000,33.330002,28.746387,429923
2009-08-19,33.259998,33.560001,33.130001,33.470001,28.867134,337082
2009-08-20,33.669998,33.799999,33.310001,33.610001,28.987879,490333
2009-08-21,33.490002,34.310001,33.380001,34.299999,29.582989,813169
2009-08-24,34.230000,34.450001,33.939999,34.349998,29.626110,396757
2009-08-25,34.200001,34.400002,34.080002,34.230000,29.522615,635295
2009-08-26,34.299999,35.810001,34.240002,35.580002,30.686958,1433866
2009-08-27,35.509998,35.970001,35.040001,35.220001,30.376469,864354
2009-08-28,35.980000,37.200001,35.750000,36.240002,31.256199,1194164
2009-08-31,36.200001,36.389999,35.150002,35.400002,30.531715,629086
2009-09-01,35.560001,35.790001,34.830002,34.910000,30.109098,650729
2009-09-02,34.849998,35.130001,34.590000,35.119999,30.290218,483298
2009-09-03,35.189999,35.959999,35.009998,35.599998,30.704208,635687
2009-09-04,35.830002,35.970001,35.380001,35.759998,30.842205,623999
2009-09-07,35.990002,37.770000,35.900002,37.279999,32.153168,1230277
2009-09-08,37.279999,38.180000,37.110001,38.040001,32.808666,874696
2009-09-09,38.110001,39.639999,37.799999,38.279999,33.015652,1849902
2009-09-10,38.419998,38.869999,38.310001,38.419998,33.136395,976711
2009-09-11,38.740002,39.220001,38.430000,38.919998,33.567635,720955
2009-09-14,38.840000,39.450001,38.700001,39.439999,34.016121,542061
2009-09-15,39.500000,39.540001,38.509998,38.880001,33.533142,573867
2009-09-16,38.820000,38.950001,38.549999,38.840000,33.498634,689484
2009-09-17,39.040001,39.400002,38.759998,39.099998,33.722878,537821
2009-09-18,39.000000,39.189999,38.570000,38.570000,33.265770,1076675
2009-09-21,38.599998,38.669998,38.160000,38.599998,33.291641,439800
2009-09-22,38.669998,38.939999,38.470001,38.590000,33.283020,315064
2009-09-23,38.500000,39.099998,38.500000,39.060001,33.688389,285753
2009-09-24,38.950001,39.000000,38.180000,38.369999,33.093281,575833
2009-09-25,39.160000,39.590000,38.889999,39.230000,33.835007,712502
2009-09-28,39.230000,40.380001,39.029999,40.360001,34.809601,551108
2009-09-29,40.380001,40.419998,39.689999,39.910000,34.421486,442470
2009-09-30,40.000000,40.480000,39.759998,40.130001,34.611229,567424
2009-10-01,40.349998,40.430000,39.709999,39.799999,34.326614,606229
2009-10-02,39.779999,39.959999,38.959999,39.389999,33.973000,466786
2009-10-05,39.349998,39.590000,38.799999,39.439999,34.016121,498836
2009-10-06,39.360001,40.400002,39.299999,40.400002,34.844101,492371
2009-10-07,40.459999,40.599998,40.270000,40.560001,34.982101,429750
2009-10-08,40.700001,41.000000,40.570000,41.000000,35.361584,628891
2009-10-09,40.810001,41.360001,40.700001,41.130001,35.473713,478168
2009-10-12,41.430000,41.970001,41.380001,41.540001,35.827324,550299
2009-10-13,41.560001,41.720001,41.009998,41.189999,35.525455,376982
2009-10-14,41.560001,42.009998,41.400002,41.490002,35.784203,461256
2009-10-15,41.630001,42.020000,41.560001,42.000000,36.224072,451130
2009-10-16,41.939999,42.099998,41.580002,41.939999,36.172314,646648
2009-10-19,42.139999,42.599998,42.090000,42.500000,36.655312,425394
2009-10-20,42.500000,42.770000,41.990002,42.349998,36.525932,417327
2009-10-21,42.599998,42.720001,42.040001,42.459999,36.620811,429195
2009-10-22,42.110001,42.490002,41.910000,42.380001,36.551815,546540
2009-10-23,42.639999,42.970001,42.259998,42.369999,36.543186,538407
2009-10-26,42.490002,42.759998,42.009998,42.070000,36.284439,535191
2009-10-27,42.000000,42.250000,41.660000,41.980000,36.206818,769568
2009-10-28,42.000000,42.220001,41.509998,41.650002,35.922195,891345
2009-10-29,42.000000,42.270000,41.570000,41.939999,36.172314,920820
2009-10-30,42.200001,42.709999,41.790001,41.900002,36.137817,1048312
2009-11-02,41.779999,42.000000,41.020000,41.389999,35.697952,683502
2009-11-03,41.799999,43.380001,41.330002,42.770000,36.888176,1375295
2009-11-04,42.610001,42.759998,40.840000,41.450001,35.749699,1296276
2009-11-05,41.630001,41.990002,41.500000,41.650002,35.922195,667538
2009-11-06,41.610001,42.000000,41.250000,41.490002,35.784203,630295
2009-11-09,41.509998,41.860001,41.509998,41.740002,35.999825,448873
2009-11-10,41.860001,42.500000,41.830002,42.259998,36.448318,395184
2009-11-11,42.450001,42.669998,41.950001,42.230000,36.422436,578069
2009-11-12,42.310001,42.730000,42.180000,42.450001,36.612183,365602
2009-11-13,42.590000,43.070000,42.450001,42.910000,37.008923,414353
2009-11-16,43.090000,43.599998,43.049999,43.599998,37.604031,318744
2009-11-17,43.509998,43.939999,43.360001,43.820000,37.793777,434684
2009-11-18,43.939999,44.180000,43.720001,43.740002,37.724781,489762
2009-11-19,43.959999,44.099998,43.250000,43.419998,37.448784,386676
2009-11-20,43.619999,44.200001,43.500000,44.070000,38.009399,527893
2009-11-23,44.340000,45.000000,44.290001,44.840000,38.673496,417807
2009-11-24,44.750000,45.110001,44.450001,44.570000,38.440632,555262
2009-11-25,44.810001,45.419998,44.680000,45.299999,39.070240,581036
2009-11-26,45.529999,45.529999,44.070000,44.099998,38.035263,622350
2009-11-27,43.770000,44.270000,43.400002,43.790001,37.767910,823680
2009-11-30,44.110001,44.110001,43.310001,43.310001,37.353909,698929
2009-12-01,43.700001,44.240002,43.520000,44.240002,38.156017,569045
2009-12-02,44.150002,44.970001,44.130001,44.970001,38.785622,479826
2009-12-03,45.060001,45.730000,45.060001,45.459999,39.208237,600987
2009-12-04,45.240002,46.410000,45.150002,46.240002,39.880970,477071
2009-12-07,46.470001,46.630001,46.049999,46.250000,39.889591,303318
2009-12-08,45.990002,46.299999,44.810001,45.180000,38.966743,473612
2009-12-09,45.230000,45.250000,44.410000,44.410000,38.302639,480692
2009-12-10,44.580002,45.349998,44.580002,45.090000,38.889122,366312
2009-12-11,44.950001,45.450001,44.750000,44.830002,38.664875,615362
2009-12-14,45.000000,45.279999,45.000000,45.130001,38.923626,331480
2009-12-15,45.470001,45.900002,45.369999,45.900002,39.587727,416949
2009-12-16,45.889999,46.220001,45.750000,45.820000,39.518730,479584
2009-12-17,45.820000,46.160000,45.759998,45.820000,39.518730,334081
2009-12-18,45.869999,46.279999,45.799999,45.889999,39.579105,933974
2009-12-21,45.980000,46.259998,45.759998,45.990002,39.665352,316748
2009-12-22,46.000000,46.230000,45.830002,45.880001,39.570480,226576
2009-12-23,45.910000,46.340000,45.869999,46.090000,39.751595,187389
2009-12-28,46.320000,46.490002,45.750000,45.810001,39.510105,171255
2009-12-29,45.889999,46.209999,45.770000,45.959999,39.639473,206945
2009-12-30,46.099998,46.290001,45.650002,45.930000,39.613605,173813
2010-01-04,45.849998,46.619999,45.799999,46.445000,40.057781,336203
2010-01-05,46.424999,46.650002,46.064999,46.200001,39.846478,331772
2010-01-06,46.250000,46.400002,46.150002,46.165001,39.816288,342784
2010-01-07,46.185001,46.250000,45.410000,45.700001,39.415230,481551
2010-01-08,45.750000,46.020000,44.139999,44.380001,38.276760,978115
2010-01-11,44.700001,45.570000,44.615002,45.209999,38.992611,718965
2010-01-12,45.110001,45.299999,43.630001,43.755001,37.737720,1237212
2010-01-13,43.619999,43.900002,43.205002,43.654999,37.651463,908650
2010-01-14,43.720001,44.099998,43.595001,43.775002,37.754967,669959
2010-01-15,44.055000,44.099998,42.435001,42.674999,36.806236,936251
2010-01-18,42.669998,43.884998,42.599998,43.845001,37.815338,759585
2010-01-19,43.799999,44.700001,43.259998,44.494999,38.375938,562844
2010-01-20,44.500000,44.514999,43.305000,43.435001,37.461723,418117
2010-01-21,43.779999,44.264999,42.869999,42.955002,37.047729,725630
2010-01-22,42.830002,43.080002,42.630001,42.685001,36.814865,504690
2010-01-25,42.520000,42.689999,42.049999,42.535000,36.685493,539552
2010-01-26,42.115002,43.000000,41.910000,43.000000,37.086555,566502
2010-01-27,42.590000,42.779999,42.424999,42.619999,36.758808,563796
2010-01-28,42.799999,43.014999,42.230000,42.230000,36.422436,592376
2010-01-29,42.480000,42.740002,42.080002,42.275002,36.461254,538564
2010-02-01,42.310001,42.310001,41.994999,42.275002,36.461254,385282
2010-02-02,42.180000,42.305000,41.650002,41.965000,36.193878,582480
2010-02-03,41.709999,42.470001,41.490002,42.220001,36.413818,696186
2010-02-04,42.230000,42.259998,41.605000,41.794998,36.047260,678876
2010-02-05,41.709999,41.865002,41.130001,41.275002,35.598778,766187
2010-02-08,41.439999,42.020000,41.305000,41.910000,36.146442,493596
2010-02-09,41.950001,42.154999,41.619999,41.869999,36.111942,387661
2010-02-10,42.064999,42.400002,41.904999,42.115002,36.323250,441548
2010-02-11,42.310001,42.400002,41.950001,42.285000,36.469872,535116
2010-02-12,42.520000,43.035000,42.435001,42.830002,36.939926,466815
2010-02-15,42.930000,43.044998,42.349998,42.384998,36.556118,180576
2010-02-16,42.294998,42.660000,41.900002,42.570000,36.715675,666043
2010-02-17,42.845001,42.970001,42.575001,42.950001,37.043423,486767
2010-02-18,42.950001,43.825001,42.834999,43.805000,37.780834,542824
2010-02-19,43.759998,44.365002,43.459999,44.330002,38.233643,619897
2010-02-22,44.400002,44.400002,43.900002,44.000000,37.949020,330129
2010-02-23,44.099998,44.435001,44.060001,44.205002,38.125832,367423
2010-02-24,44.305000,44.584999,44.075001,44.435001,38.324200,419219
2010-02-25,44.395000,44.945000,43.919998,44.064999,38.005081,541865
2010-02-26,44.494999,45.025002,44.099998,45.025002,38.833061,500883
2010-03-01,45.474998,46.314999,45.384998,46.055000,39.721413,617666
2010-03-02,46.139999,46.599998,46.139999,46.235001,39.876652,780300
2010-03-03,46.240002,46.299999,45.160000,45.259998,39.035740,802824
2010-03-04,45.150002,45.950001,44.845001,45.450001,39.199612,936498
2010-03-05,45.189999,45.299999,44.825001,45.029999,38.837372,579425
2010-03-08,44.950001,45.299999,44.860001,44.955002,38.772690,448509
2010-03-09,44.930000,45.145000,44.674999,44.884998,38.712311,392362
2010-03-10,44.790001,44.990002,44.650002,44.889999,38.716621,364636
2010-03-11,45.070000,45.224998,44.580002,44.779999,38.621758,441238
2010-03-12,44.730000,44.744999,44.139999,44.255001,38.168957,430491
2010-03-15,44.255001,44.485001,43.974998,44.000000,37.949020,336095
2010-03-16,44.095001,44.419998,43.950001,44.084999,38.022324,390336
2010-03-17,44.174999,44.349998,43.904999,44.025002,37.970581,473896
2010-03-18,44.110001,44.299999,44.014999,44.134998,38.065456,354438
2010-03-19,44.240002,44.450001,43.950001,44.115002,38.048206,979232
2010-03-22,44.095001,44.310001,43.740002,44.174999,38.099953,438311
2010-03-23,44.169998,44.740002,43.715000,44.730000,38.578629,495559
2010-03-24,44.689999,44.689999,44.095001,44.509998,38.388882,448325
2010-03-25,44.639999,44.834999,44.465000,44.680000,38.535503,347718
2010-03-26,44.584999,44.840000,44.395000,44.689999,38.544125,292770
2010-03-29,44.825001,44.825001,44.235001,44.235001,38.151699,413028
2010-03-30,44.400002,44.535000,44.095001,44.150002,38.078396,421857
2010-03-31,44.095001,44.700001,44.029999,44.285000,38.194828,594506
2010-04-01,44.349998,44.759998,44.264999,44.455002,38.341450,430458
2010-04-06,44.520000,44.680000,43.990002,43.990002,37.940399,544931
2010-04-07,43.930000,44.150002,43.825001,43.994999,37.944706,370579
2010-04-08,43.950001,44.090000,43.259998,43.930000,37.888649,511579
2010-04-09,44.145000,44.485001,43.980000,44.119999,38.052517,462574
2010-04-12,44.259998,44.450001,43.794998,43.915001,37.875710,476462
2010-04-13,43.849998,44.669998,43.845001,44.669998,38.526878,843660
2010-04-14,44.834999,45.290001,44.619999,44.619999,38.483761,641172
2010-04-15,44.660000,44.860001,44.395000,44.639999,38.501007,383061
2010-04-16,44.525002,44.865002,44.055000,44.105000,38.039581,906016
2010-04-19,44.000000,44.169998,43.654999,43.775002,37.754967,425597
2010-04-20,43.700001,44.160000,43.540001,44.020000,37.966267,393061
2010-04-21,44.090000,44.090000,43.430000,43.650002,37.647152,412315
2010-04-22,43.735001,44.485001,43.340000,43.654999,37.651463,629374
2010-04-23,43.880001,44.799999,43.845001,44.349998,38.250881,785932
2010-04-26,44.645000,44.770000,44.224998,44.509998,38.388882,535647
2010-04-27,44.459999,44.654999,43.590000,43.590000,37.595409,546650
2010-04-28,43.500000,43.735001,42.740002,43.014999,37.099483,925513
2010-04-29,43.299999,43.299999,42.599998,42.830002,36.939926,611620
2010-04-30,42.150002,42.794998,41.404999,42.605000,37.356403,616757
2010-05-03,42.599998,43.049999,42.455002,42.915001,37.628223,489326
2010-05-04,42.935001,43.665001,42.634998,42.965000,37.672058,961378
2010-05-05,43.070000,43.340000,42.544998,42.930000,37.641369,1005892
2010-05-06,43.000000,43.424999,42.599998,42.660000,37.404640,1124333
2010-05-07,42.035000,42.509998,40.919998,41.325001,36.234089,1369544
2010-05-10,41.500000,42.485001,41.419998,42.485001,37.251194,1402163
2010-05-11,42.209999,42.549999,41.650002,42.549999,37.308186,834382
2010-05-12,42.705002,43.570000,42.349998,43.459999,38.106079,1030058
2010-05-13,43.900002,44.535000,43.775002,44.455002,38.978500,659121
2010-05-14,44.509998,44.590000,43.404999,43.615002,38.241993,624668
2010-05-17,43.035000,43.720001,42.875000,43.075001,37.768509,880315
2010-05-18,43.535000,44.035000,43.419998,43.830002,38.430508,766085
2010-05-19,43.689999,43.840000,43.209999,43.244999,37.917561,622414
2010-05-20,43.435001,43.575001,42.325001,42.535000,37.295029,819892
2010-05-21,42.340000,42.404999,41.180000,41.715000,36.576054,1510218
2010-05-24,41.770000,42.224998,41.445000,42.090000,36.904846,495676
2010-05-25,41.990002,42.365002,41.529999,41.919998,36.755798,1003622
2010-05-26,42.320000,42.980000,42.180000,42.705002,37.444092,1257039
2010-05-27,42.875000,43.805000,42.875000,43.799999,38.404190,834619
2010-05-28,43.950001,44.154999,43.750000,44.090000,38.658470,544569
2010-05-31,44.025002,44.529999,43.904999,44.380001,38.912746,259544
2010-06-01,44.244999,44.825001,43.740002,44.669998,39.167011,665629
2010-06-02,44.490002,45.000000,44.349998,44.904999,39.373062,460539
2010-06-03,45.220001,45.709999,44.755001,44.939999,39.403759,611912
2010-06-04,44.974998,45.270000,44.580002,44.700001,39.193329,609620
2010-06-07,44.590000,45.060001,44.215000,44.935001,39.399368,634456
2010-06-08,45.154999,45.154999,44.294998,44.520000,39.035496,714005
2010-06-09,44.705002,45.490002,44.540001,45.459999,39.859692,704645
2010-06-10,45.349998,45.724998,45.240002,45.619999,39.999981,524952
2010-06-11,45.730000,45.880001,45.264999,45.660000,40.035057,479234
2010-06-14,45.810001,45.980000,45.605000,45.965000,40.302483,252358
2010-06-15,45.880001,46.099998,45.605000,45.849998,40.201641,284151
2010-06-16,45.875000,46.169998,45.799999,46.020000,40.350708,548016
2010-06-17,46.040001,46.415001,45.869999,46.415001,40.697044,599352
2010-06-18,46.450001,46.450001,45.990002,46.020000,40.350708,1074721
2010-06-21,46.480000,46.505001,45.849998,46.020000,40.350708,429935
2010-06-22,46.020000,46.400002,45.840000,46.340000,40.631290,325983
2010-06-23,46.290001,46.400002,45.779999,45.895000,40.241108,301950
2010-06-24,46.095001,46.095001,44.970001,44.970001,39.430061,688806
2010-06-25,45.244999,46.025002,45.169998,45.605000,39.986832,563417
2010-06-28,45.549999,46.150002,45.400002,46.009998,40.341938,547519
2010-06-29,45.705002,45.820000,44.799999,45.035000,39.487045,398832
2010-06-30,44.834999,45.290001,44.665001,45.165001,39.601040,475472
2010-07-01,44.910000,45.500000,44.514999,44.705002,39.197704,986734
2010-07-02,44.799999,44.810001,44.130001,44.195000,38.750538,415638
2010-07-05,44.200001,44.259998,43.799999,44.040001,38.614628,187857
2010-07-06,44.000000,44.900002,43.985001,44.625000,39.127560,364898
2010-07-07,44.400002,44.735001,43.945000,44.650002,39.149483,276352
2010-07-08,44.830002,44.939999,44.445000,44.770000,39.254700,371708
2010-07-09,44.860001,45.470001,44.715000,45.334999,39.750095,306388
2010-07-12,45.415001,45.584999,45.119999,45.235001,39.662411,287085
2010-07-13,45.810001,45.990002,45.410000,45.685001,40.056976,693225
2010-07-14,46.000000,46.119999,45.419998,45.895000,40.241108,356532
2010-07-15,45.884998,46.555000,45.669998,45.970001,40.306866,576788
2010-07-16,46.049999,46.549999,45.215000,45.365002,39.776402,469795
2010-07-19,45.500000,45.845001,44.980000,45.115002,39.557198,333412
2010-07-20,45.150002,45.465000,44.435001,44.895000,39.364296,525187
2010-07-21,45.255001,46.349998,45.209999,45.980000,40.315639,641759
2010-07-22,45.889999,47.180000,45.619999,47.180000,41.367805,676216
2010-07-23,47.250000,48.375000,47.250000,47.480000,41.630844,596006
2010-07-26,47.750000,47.750000,46.695000,47.055000,41.258217,425683
2010-07-27,47.200001,47.314999,46.560001,46.560001,40.824184,435028
2010-07-28,46.605000,46.849998,46.320000,46.619999,40.876793,289258
2010-07-29,46.840000,47.215000,45.540001,45.544998,39.934223,610582
2010-07-30,45.549999,45.764999,44.860001,45.450001,39.850925,466972
2010-08-02,45.544998,46.200001,45.535000,45.994999,40.328781,374297
2010-08-03,45.770000,45.945000,45.224998,45.520000,39.912308,525504
2010-08-04,45.410000,45.939999,45.264999,45.849998,40.201641,494620
2010-08-05,44.860001,45.014999,43.209999,43.419998,38.071011,1868817
2010-08-06,43.250000,43.580002,42.070000,43.130001,37.816738,1544965
2010-08-09,43.395000,43.555000,43.154999,43.419998,38.071011,551808
2010-08-10,43.395000,43.505001,43.110001,43.365002,38.022789,445001
2010-08-11,43.049999,43.290001,42.830002,42.855000,37.575611,378960
2010-08-12,42.715000,43.134998,42.584999,42.790001,37.518616,524386
2010-08-13,42.849998,42.849998,42.290001,42.830002,37.553696,496923
2010-08-16,42.889999,43.340000,42.605000,43.154999,37.838650,320670
2010-08-17,43.400002,43.775002,43.215000,43.674999,38.294590,419679
2010-08-18,43.650002,43.869999,43.360001,43.570000,38.202530,339457
2010-08-19,43.799999,43.799999,42.700001,42.720001,37.457245,580620
2010-08-20,42.619999,42.770000,42.125000,42.485001,37.251194,553440
2010-08-23,42.555000,42.555000,42.099998,42.165001,36.970612,361494
2010-08-24,42.000000,42.474998,41.599998,42.474998,37.242420,510946
2010-08-25,42.494999,42.494999,41.965000,42.209999,37.010067,529668
2010-08-26,42.500000,42.544998,41.849998,42.000000,36.825943,660141
2010-08-27,41.790001,42.435001,41.750000,42.349998,37.132820,486112
2010-08-30,42.400002,42.500000,41.744999,42.009998,36.834702,244760
2010-08-31,41.535000,42.235001,41.520000,42.185001,36.988152,466760
2010-09-01,42.259998,43.150002,42.005001,43.150002,37.834270,437055
2010-09-02,43.000000,43.320000,42.915001,43.209999,37.886875,534891
2010-09-03,43.424999,43.669998,43.160000,43.455002,38.101704,551328
2010-09-06,43.450001,43.480000,42.974998,43.395000,38.049088,346773
2010-09-07,43.230000,43.389999,42.689999,43.070000,37.764118,343780
2010-09-08,42.974998,43.459999,42.540001,43.355000,38.014011,478820
2010-09-09,43.884998,44.230000,43.680000,43.939999,38.526947,959429
2010-09-10,43.435001,43.744999,43.095001,43.500000,38.141148,891431
2010-09-13,43.810001,43.895000,43.334999,43.564999,38.198139,566998
2010-09-14,43.369999,43.474998,42.924999,43.154999,37.838650,761916
2010-09-15,43.160000,43.410000,42.740002,42.805000,37.531765,806156
2010-09-16,42.650002,42.849998,42.404999,42.599998,37.352024,662236
2010-09-17,42.904999,43.040001,42.270000,42.270000,37.062675,2060238
2010-09-20,42.279999,42.590000,42.200001,42.410000,37.185432,1004679
2010-09-21,42.365002,42.430000,41.860001,41.904999,36.742641,655198
2010-09-22,41.849998,42.224998,41.404999,41.980000,36.808403,738211
2010-09-23,42.345001,42.395000,41.590000,41.930000,36.764561,626430
2010-09-24,42.009998,42.590000,41.919998,42.500000,37.264343,731881
2010-09-27,42.674999,43.075001,42.529999,42.919998,37.632603,793751
2010-09-28,42.814999,43.119999,42.564999,42.799999,37.527390,588486
2010-09-29,42.889999,47.119999,42.599998,44.500000,39.017952,4492953
2010-09-30,44.750000,45.535000,44.520000,44.900002,39.368679,1998715
2010-10-01,44.900002,46.139999,44.805000,45.685001,40.056976,1344719
2010-10-04,45.689999,45.855000,45.500000,45.674999,40.048203,697154
2010-10-05,45.669998,45.669998,45.305000,45.400002,39.807091,690094
2010-10-06,45.400002,45.450001,45.035000,45.445000,39.846550,904517
2010-10-07,45.549999,45.779999,45.185001,45.619999,39.999981,711525
2010-10-08,45.720001,45.889999,45.305000,45.595001,39.978065,700636
2010-10-11,45.590000,45.785000,44.959999,45.160000,39.596653,551904
2010-10-12,45.189999,45.470001,44.849998,45.345001,39.758869,545241
2010-10-13,45.595001,46.174999,45.540001,45.720001,40.087666,609871
2010-10-14,45.805000,46.285000,45.455002,46.150002,40.464691,638745
2010-10-15,46.610001,46.869999,46.299999,46.820000,41.052155,793923
2010-10-18,46.910000,47.459999,46.779999,47.084999,41.284512,637382
2010-10-19,47.005001,47.180000,46.740002,46.974998,41.188057,407863
2010-10-20,46.740002,46.790001,46.095001,46.529999,40.797874,664414
2010-10-21,46.535000,47.415001,46.400002,47.415001,41.573849,584712
2010-10-22,47.340000,47.759998,46.794998,47.759998,41.876358,589046
2010-10-25,47.849998,49.029999,47.794998,49.000000,42.963600,865045
2010-10-26,48.900002,49.360001,48.400002,48.849998,42.832073,597268
2010-10-27,48.450001,48.669998,47.549999,47.669998,41.797440,959297
2010-10-28,47.560001,47.775002,47.160000,47.294998,41.468643,686924
2010-10-29,47.375000,47.384998,46.549999,46.810001,41.043388,739639
2010-11-01,47.000000,47.459999,46.855000,46.904999,41.126682,400360
2010-11-02,46.965000,47.075001,46.139999,46.285000,40.583057,639318
2010-11-03,46.654999,46.654999,45.619999,45.764999,40.127125,518165
2010-11-04,44.700001,45.355000,44.314999,44.919998,39.386211,1698991
2010-11-05,44.349998,45.314999,44.340000,45.064999,39.513355,822054
2010-11-08,45.020000,45.764999,44.735001,44.915001,39.381832,564302
2010-11-09,44.849998,45.165001,44.084999,45.000000,39.456360,839165
2010-11-10,44.880001,45.455002,44.799999,45.209999,39.640491,810299
2010-11-11,45.264999,46.060001,45.264999,45.860001,40.210415,691255
2010-11-12,45.560001,46.180000,45.150002,45.980000,40.315639,777049
2010-11-15,45.904999,46.310001,45.555000,46.049999,40.377010,330757
2010-11-16,46.000000,46.000000,45.264999,45.330002,39.745708,596919
2010-11-17,45.375000,45.735001,45.080002,45.615002,39.995605,546592
2010-11-18,45.865002,46.139999,45.610001,45.849998,40.201641,410844
2010-11-19,45.840000,45.900002,45.294998,45.525002,39.916687,570730
2010-11-22,45.849998,45.965000,44.705002,44.900002,39.368679,610883
2010-11-23,44.930000,45.285000,44.560001,44.639999,39.140713,503044
2010-11-24,44.935001,45.160000,44.605000,45.119999,39.561577,381575
2010-11-25,45.150002,45.555000,44.869999,45.529999,39.921070,297970
2010-11-26,45.549999,45.680000,44.980000,45.505001,39.899158,368449
2010-11-29,45.665001,45.865002,44.625000,44.625000,39.127560,590062
2010-11-30,44.775002,45.365002,44.605000,44.724998,39.215244,793838
2010-12-01,44.990002,45.029999,44.650002,44.830002,39.307308,656477
2010-12-02,44.919998,45.264999,44.619999,45.084999,39.530891,753186
2010-12-03,45.090000,45.209999,44.395000,44.619999,39.123173,483485
2010-12-06,44.509998,45.634998,44.509998,45.584999,39.969299,644805
2010-12-07,45.744999,47.029999,45.740002,46.555000,40.819798,952509
2010-12-08,46.520000,46.689999,45.875000,46.189999,40.499763,547514
2010-12-09,46.450001,46.895000,46.130001,46.369999,40.657593,450930
2010-12-10,46.410000,47.230000,43.730000,43.970001,38.553246,3262533
2010-12-13,43.799999,44.169998,42.799999,43.060001,37.755356,1489429
2010-12-14,43.000000,43.840000,42.840000,43.700001,38.316517,1062237
2010-12-15,43.830002,43.980000,40.544998,41.195000,36.120106,4451656
2010-12-16,41.000000,41.599998,40.750000,41.189999,36.115723,1604249
2010-12-17,40.990002,42.095001,40.990002,41.880001,36.720722,1505645
2010-12-20,42.000000,42.000000,41.040001,41.180000,36.106956,940446
2010-12-21,41.209999,41.380001,40.299999,40.705002,35.690468,1051152
2010-12-22,40.794998,41.259998,40.665001,41.095001,36.032433,657220
2010-12-23,41.404999,41.529999,41.169998,41.494999,36.383156,352690
2010-12-27,41.744999,41.744999,41.049999,41.455002,36.348080,314058
2010-12-28,41.775002,41.900002,41.505001,41.525002,36.409451,374610
2010-12-29,41.650002,42.064999,41.630001,41.904999,36.742641,446303
2010-12-30,42.000000,42.044998,41.525002,41.525002,36.409451,295929
2011-01-03,41.794998,41.950001,41.119999,41.305000,36.216557,497115
2011-01-04,41.349998,41.779999,41.035000,41.770000,36.624275,664814
2011-01-05,41.770000,42.990002,41.770000,42.875000,37.593147,1764273
2011-01-06,43.095001,43.095001,42.450001,42.584999,37.338871,655981
2011-01-07,42.724998,42.875000,42.064999,42.064999,36.882935,582624
2011-01-10,42.185001,42.290001,41.349998,41.654999,36.523434,529144
2011-01-11,41.849998,42.055000,40.880001,41.215000,36.137642,1258196
2011-01-12,41.349998,41.525002,41.130001,41.389999,36.291088,636416
2011-01-13,41.365002,41.939999,41.060001,41.095001,36.032433,782904
2011-01-14,41.150002,41.235001,40.650002,40.700001,35.686089,1183784
2011-01-17,40.700001,41.130001,40.650002,40.720001,35.703621,699482
2011-01-18,40.849998,41.169998,40.660000,40.735001,35.716782,817135
2011-01-19,40.605000,40.770000,39.994999,39.994999,35.067944,1215617
2011-01-20,40.020000,40.474998,39.665001,39.764999,34.866276,1544888
2011-01-21,39.985001,40.465000,39.665001,39.900002,34.984642,2266944
2011-01-24,40.000000,40.275002,39.849998,40.180000,35.230148,648169
2011-01-25,40.035000,40.299999,39.840000,40.064999,35.129318,526353
2011-01-26,40.080002,40.349998,40.005001,40.174999,35.225769,452095
2011-01-27,40.250000,40.400002,39.735001,40.105000,35.164387,808956
2011-01-28,40.014999,40.305000,39.900002,40.000000,35.072323,471611
2011-01-31,39.904999,40.255001,39.764999,40.020000,35.089855,483945
2011-02-01,40.084999,40.915001,40.055000,40.869999,35.835144,905827
2011-02-02,41.014999,41.650002,40.654999,41.209999,36.133263,1297946
2011-02-03,41.209999,41.500000,41.154999,41.400002,36.299854,562304
2011-02-04,41.465000,41.950001,41.430000,41.849998,36.694420,635131
2011-02-07,42.000000,42.130001,41.494999,41.520000,36.405071,815564
2011-02-08,41.525002,42.099998,41.520000,42.099998,36.913620,703549
2011-02-09,42.005001,42.165001,41.555000,41.680000,36.545364,540605
2011-02-10,41.790001,41.955002,41.320000,41.435001,36.330544,605195
2011-02-11,41.205002,41.705002,40.744999,41.525002,36.409451,818320
2011-02-14,41.724998,41.799999,41.450001,41.514999,36.400684,468437
2011-02-15,41.715000,42.900002,41.700001,42.500000,37.264343,1828249
2011-02-16,42.650002,43.049999,42.290001,42.775002,37.505470,760508
2011-02-17,42.770000,43.325001,42.770000,43.224998,37.900024,763108
2011-02-18,43.279999,43.735001,43.220001,43.549999,38.184990,898567
2011-02-21,43.549999,43.840000,43.174999,43.525002,38.163078,685256
2011-02-22,43.310001,43.560001,42.930000,43.299999,37.965790,781951
2011-02-23,43.325001,43.740002,42.945000,43.279999,37.948257,888426
2011-02-24,43.099998,43.650002,42.724998,43.105000,37.794804,764783
2011-02-25,43.244999,43.525002,42.939999,43.305000,37.970169,513288
2011-02-28,43.209999,43.794998,43.150002,43.500000,38.141148,585358
2011-03-01,43.700001,44.189999,43.310001,43.650002,38.272678,799323
2011-03-02,43.500000,43.810001,43.014999,43.205002,37.882496,777167
2011-03-03,43.325001,43.535000,42.785000,43.200001,37.878109,1046028
2011-03-04,43.200001,43.200001,42.305000,42.900002,37.615070,969585
2011-03-07,42.974998,43.900002,42.849998,42.990002,37.693981,788559
2011-03-08,43.064999,43.404999,42.895000,43.285000,37.952633,704356
2011-03-09,43.285000,43.770000,42.990002,43.224998,37.900024,496037
2011-03-10,43.145000,43.474998,42.744999,43.285000,37.952633,700519
2011-03-11,43.105000,43.369999,42.720001,43.369999,38.027164,750956
2011-03-14,43.005001,43.950001,42.610001,43.134998,37.821117,865692
2011-03-15,42.000000,42.365002,41.450001,41.830002,36.676884,1504934
2011-03-16,41.900002,42.055000,40.910000,41.070000,36.010506,1237793
2011-03-17,41.095001,41.340000,40.720001,41.235001,36.155174,1060702
2011-03-18,41.205002,41.970001,41.169998,41.259998,36.177097,1189646
2011-03-21,41.459999,41.814999,41.424999,41.715000,36.576054,638454
2011-03-22,41.700001,41.794998,41.240002,41.490002,36.378769,601554
2011-03-23,41.424999,41.900002,40.919998,41.744999,36.602356,711636
2011-03-24,41.744999,42.430000,41.520000,42.275002,37.067059,664729
2011-03-25,42.380001,42.634998,41.849998,42.209999,37.010067,641887
2011-03-28,42.150002,42.709999,42.150002,42.535000,37.295029,419339
2011-03-29,42.470001,42.544998,41.994999,42.430000,37.202969,390397
2011-03-30,42.794998,43.115002,42.740002,42.820000,37.544922,553064
2011-03-31,42.810001,43.224998,42.625000,43.064999,37.759739,416182
2011-04-01,43.299999,43.750000,43.125000,43.555000,38.189373,574494
2011-04-04,43.505001,43.785000,43.130001,43.580002,38.211300,422149
2011-04-05,43.455002,43.639999,42.810001,43.340000,38.000862,387907
2011-04-06,43.320000,43.924999,43.035000,43.805000,38.408577,444076
2011-04-07,43.825001,44.169998,43.580002,43.735001,38.347206,421147
2011-04-08,44.040001,44.049999,43.455002,43.639999,38.263901,311272
2011-04-11,43.590000,43.950001,43.325001,43.615002,38.241993,305727
2011-04-12,43.195000,43.709999,43.055000,43.290001,37.957027,417914
2011-04-13,43.070000,43.845001,43.070000,43.544998,38.180607,371160
2011-04-14,43.820000,43.820000,42.709999,43.130001,37.816738,618898
2011-04-15,43.119999,44.185001,43.119999,44.049999,38.623390,1043520
2011-04-18,44.259998,44.355000,43.615002,43.744999,38.355968,719214
2011-04-19,43.724998,44.115002,43.520000,43.880001,38.474339,580938
2011-04-20,44.139999,44.935001,44.125000,44.660000,39.158253,562555
2011-04-21,44.950001,44.950001,44.445000,44.610001,39.737251,562495
2011-04-26,43.945000,44.419998,43.834999,43.834999,40.301777,500726
2011-04-27,44.000000,44.000000,43.119999,43.320000,39.828281,651321
2011-04-28,43.500000,43.775002,43.240002,43.494999,39.989174,508814
2011-04-29,43.455002,44.125000,43.404999,43.970001,40.425888,300961
2011-05-02,44.145000,44.439999,44.005001,44.005001,40.458065,331862
2011-05-03,43.884998,44.200001,43.590000,43.730000,40.205235,487105
2011-05-04,44.494999,44.505001,43.540001,43.924999,40.384514,678936
2011-05-05,43.860001,44.889999,43.509998,43.895000,40.356937,924253
2011-05-06,43.875000,44.965000,43.669998,44.930000,41.308514,893710
2011-05-09,44.715000,44.980000,44.535000,44.615002,41.018906,555539
2011-05-10,44.669998,44.945000,44.285000,44.564999,40.972931,453377
2011-05-11,44.610001,45.049999,44.415001,44.805000,41.193581,552030
2011-05-12,44.654999,45.205002,44.279999,45.205002,41.561348,680816
2011-05-13,45.299999,45.935001,45.125000,45.935001,42.232510,839639
2011-05-16,45.740002,46.320000,45.560001,45.834999,42.140564,689703
2011-05-17,45.790001,45.840000,45.259998,45.395000,41.736031,441470
2011-05-18,45.669998,45.980000,45.224998,45.814999,42.122173,492648
2011-05-19,46.084999,46.095001,45.674999,45.805000,42.112980,575002
2011-05-20,45.994999,46.235001,45.185001,45.349998,41.694656,739377
2011-05-23,44.790001,45.915001,44.740002,45.794998,42.103786,655564
2011-05-24,45.790001,46.119999,45.369999,45.965000,42.260086,521220
2011-05-25,45.709999,45.750000,45.349998,45.715000,42.030243,412536
2011-05-26,45.715000,45.840000,45.099998,45.415001,41.754421,376206
2011-05-27,45.680000,45.924999,45.294998,45.709999,42.025639,369294
2011-05-30,45.840000,46.099998,45.630001,45.959999,42.255493,210822
2011-05-31,46.169998,46.404999,45.875000,46.044998,42.333637,532118
2011-06-01,46.000000,46.060001,45.395000,45.715000,42.030243,488160
2011-06-02,45.560001,45.724998,45.125000,45.125000,41.487797,270257
2011-06-03,45.395000,45.619999,45.064999,45.375000,41.717640,331239
2011-06-06,45.349998,45.685001,45.174999,45.290001,41.639496,296205
2011-06-07,45.465000,45.799999,45.275002,45.500000,41.832573,406018
2011-06-08,45.255001,45.540001,44.790001,45.455002,41.791195,516590
2011-06-09,45.445000,46.099998,45.250000,45.825001,42.131371,505331
2011-06-10,45.709999,45.939999,44.705002,44.889999,41.271736,769851
2011-06-13,44.965000,45.395000,44.814999,45.139999,41.501587,220791
2011-06-14,45.400002,45.500000,44.735001,44.799999,41.188984,507118
2011-06-15,44.674999,45.005001,44.270000,44.535000,40.945347,437877
2011-06-16,44.330002,44.509998,43.560001,44.075001,40.522430,755635
2011-06-17,44.099998,44.294998,43.650002,43.990002,40.444279,1194278
2011-06-20,43.715000,44.375000,43.404999,44.290001,40.720097,500230
2011-06-21,44.345001,44.615002,44.075001,44.340000,40.766064,431558
2011-06-22,44.419998,44.660000,44.115002,44.584999,40.991322,374498
2011-06-23,44.549999,44.705002,44.000000,44.115002,40.559204,379279
2011-06-24,44.250000,44.595001,43.855000,43.910000,40.370724,340169
2011-06-27,43.740002,44.514999,43.740002,44.125000,40.568398,283978
2011-06-28,44.294998,44.400002,43.924999,43.990002,40.444279,343667
2011-06-29,44.139999,44.564999,43.860001,44.564999,40.972931,398764
2011-06-30,44.669998,44.865002,44.299999,44.750000,41.143013,299886
2011-07-01,44.705002,44.985001,44.605000,44.985001,41.359074,295791
2011-07-04,45.000000,45.000000,44.639999,44.994999,41.368267,210226
2011-07-05,45.000000,45.320000,44.930000,45.259998,41.611916,281782
2011-07-06,45.205002,45.380001,44.520000,44.724998,41.120037,264823
2011-07-07,45.080002,45.110001,44.470001,44.540001,40.949955,289824
2011-07-08,44.564999,44.884998,44.349998,44.485001,40.899380,280956
2011-07-11,44.404999,44.645000,44.025002,44.365002,40.789055,362755
2011-07-12,44.125000,44.410000,43.209999,43.654999,40.136272,592552
2011-07-13,43.099998,43.820000,42.599998,43.799999,40.269596,657267
2011-07-14,43.580002,44.055000,43.419998,43.549999,40.039745,334433
2011-07-15,43.505001,44.314999,43.435001,43.950001,40.407505,648174
2011-07-18,43.950001,44.119999,43.250000,43.250000,39.763920,460752
2011-07-19,43.650002,43.700001,43.049999,43.299999,39.809891,448706
2011-07-20,43.470001,43.540001,43.169998,43.505001,39.998371,274433
2011-07-21,43.709999,43.895000,43.189999,43.669998,40.150070,400487
2011-07-22,43.805000,44.215000,43.465000,44.215000,40.651142,482853
2011-07-25,44.025002,44.619999,43.810001,44.575001,40.982128,244041
2011-07-26,44.599998,45.410000,44.599998,44.889999,41.271736,548804
2011-07-27,44.895000,45.150002,44.825001,45.150002,41.510784,772794
2011-07-28,45.000000,45.130001,44.724998,45.009998,41.382069,325557
2011-07-29,44.764999,45.055000,44.250000,44.904999,41.285522,336939
2011-08-01,45.255001,45.490002,44.000000,44.105000,40.550007,446097
2011-08-02,43.849998,44.025002,43.125000,43.369999,39.874249,526903
2011-08-03,43.070000,43.700001,42.264999,42.610001,39.175507,890410
2011-08-04,43.884998,45.349998,42.389999,42.520000,39.092770,1572069
2011-08-05,41.099998,42.494999,40.669998,41.625000,38.269905,1511981
2011-08-08,41.200001,41.669998,39.865002,40.005001,36.780487,1235922
2011-08-09,39.939999,40.700001,38.255001,40.294998,37.047104,2022452
2011-08-10,40.529999,41.814999,39.700001,40.000000,36.775883,1449167
2011-08-11,40.645000,41.200001,39.700001,40.959999,37.658504,1074869
2011-08-12,40.860001,41.900002,40.490002,41.669998,38.311275,683804
2011-08-15,42.000000,42.285000,41.700001,41.840000,38.467575,396662
2011-08-16,41.549999,42.340000,41.369999,42.174999,38.775566,471621
2011-08-17,42.035000,42.535000,41.875000,42.174999,38.775566,389140
2011-08-18,41.860001,42.480000,40.799999,41.279999,37.952709,962980
2011-08-19,41.095001,41.485001,39.880001,40.314999,37.065491,1203096
2011-08-22,40.049999,41.180000,39.750000,40.674999,37.396477,399211
2011-08-23,41.259998,41.705002,40.724998,41.064999,37.755039,634594
2011-08-24,41.060001,41.424999,40.450001,41.099998,37.787220,452804
2011-08-25,41.160000,41.520000,39.430000,40.669998,37.391876,686105
2011-08-26,40.509998,40.660000,39.834999,40.544998,37.276951,398572
2011-08-29,41.005001,41.360001,40.685001,41.075001,37.764236,298767
2011-08-30,41.035000,41.270000,40.435001,40.820000,37.529789,407728
2011-08-31,40.775002,41.360001,40.415001,40.935001,37.635517,730827
2011-09-01,40.900002,41.075001,40.145000,40.830002,37.538986,570917
2011-09-02,40.520000,40.875000,40.145000,40.764999,37.479218,489422
2011-09-05,40.240002,40.334999,39.340000,39.680000,36.481678,613459
2011-09-06,39.660000,40.490002,39.570000,40.255001,37.010330,706896
2011-09-07,40.945000,41.009998,40.330002,40.705002,37.424053,634438
2011-09-08,41.000000,41.599998,40.805000,41.380001,38.044651,903314
2011-09-09,41.049999,41.349998,40.340000,40.465000,37.203403,561804
2011-09-12,39.740002,40.744999,39.584999,40.744999,37.460835,730237
2011-09-13,41.209999,41.209999,40.064999,40.455002,37.194210,696984
2011-09-14,40.244999,40.994999,40.070000,40.895000,37.598743,578782
2011-09-15,41.205002,41.529999,40.910000,41.044998,37.736652,728290
2011-09-16,41.314999,41.669998,40.939999,41.209999,37.888355,1655394
2011-09-19,40.514999,41.064999,40.400002,41.049999,37.741249,474728
2011-09-20,40.924999,41.895000,40.840000,41.775002,38.407814,547090
2011-09-21,41.900002,41.900002,40.500000,40.750000,37.465427,805975
2011-09-22,39.985001,40.200001,39.590000,40.070000,36.840244,748966
2011-09-23,40.334999,40.340000,38.825001,39.654999,36.458687,691020
2011-09-26,39.209999,39.855000,39.169998,39.669998,36.472477,622643
2011-09-27,40.000000,40.759998,39.730000,40.619999,37.345905,783877
2011-09-28,40.480000,41.365002,40.375000,40.740002,37.456238,595762
2011-09-29,40.700001,40.700001,39.945000,40.220001,36.978153,484850
2011-09-30,40.055000,40.125000,39.375000,40.125000,36.890808,638772
2011-10-04,39.785000,39.849998,38.950001,39.345001,36.173683,555925
2011-10-05,39.669998,41.349998,39.154999,41.115002,37.801018,1139235
2011-10-06,41.119999,41.275002,39.840000,40.314999,37.065491,1145092
2011-10-07,40.430000,40.639999,39.915001,40.349998,37.097664,664237
2011-10-10,40.669998,41.009998,40.180000,40.665001,37.387283,505133
2011-10-11,40.605000,41.174999,40.605000,41.105000,37.791821,493416
2011-10-12,41.150002,41.645000,40.895000,41.619999,38.265305,539587
2011-10-13,41.400002,41.650002,41.084999,41.255001,37.929729,415809
2011-10-14,41.299999,41.770000,41.240002,41.259998,37.934322,516113
2011-10-17,41.400002,41.525002,40.685001,40.950001,37.649307,488129
2011-10-18,40.764999,41.395000,40.599998,41.169998,37.851582,336301
2011-10-19,41.235001,41.590000,41.095001,41.340000,38.007874,281305
2011-10-20,41.040001,41.450001,40.935001,41.160000,37.842384,416326
2011-10-21,41.160000,41.990002,40.770000,41.924999,38.545719,507458
2011-10-24,42.000000,42.259998,41.740002,41.955002,38.573315,420310
2011-10-25,41.945000,42.325001,41.299999,41.724998,38.361847,492257
2011-10-26,41.834999,42.084999,41.314999,41.689999,38.329662,340841
2011-10-27,42.360001,42.419998,41.805000,41.939999,38.559509,559336
2011-10-28,41.970001,42.685001,41.970001,42.334999,38.922680,646087
2011-10-31,42.215000,42.369999,41.785000,41.785000,38.417007,693244
2011-11-01,41.244999,41.345001,40.294998,40.630001,37.355103,985429
2011-11-02,40.840000,40.974998,39.730000,40.285000,37.037910,806991
2011-11-03,40.544998,41.180000,39.945000,40.955002,37.653912,847219
2011-11-04,41.165001,41.540001,40.724998,41.270000,37.943520,673542
2011-11-07,40.974998,41.134998,40.325001,40.830002,37.538986,514973
2011-11-08,40.814999,41.779999,40.634998,41.235001,37.911331,581309
2011-11-09,41.310001,41.395000,40.410000,40.654999,37.378086,885302
2011-11-10,40.235001,40.935001,40.139999,40.599998,37.327518,470669
2011-11-11,40.584999,41.660000,40.500000,41.369999,38.035454,557244
2011-11-14,41.590000,41.830002,41.220001,41.474998,38.131992,561243
2011-11-15,41.195000,41.599998,40.700001,41.224998,37.902138,481410
2011-11-16,41.105000,41.674999,40.805000,41.145000,37.828594,411207
2011-11-17,41.020000,41.730000,40.785000,41.255001,37.929729,461740
2011-11-18,41.044998,41.494999,41.000000,41.250000,37.925129,416394
2011-11-21,41.200001,41.474998,40.595001,40.650002,37.373493,567550
2011-11-22,40.855000,41.320000,40.610001,40.660000,37.382683,350479
2011-11-23,40.439999,40.959999,40.320000,40.410000,37.152840,425433
2011-11-24,40.564999,40.759998,39.744999,39.994999,36.771290,619513
2011-11-25,39.990002,40.410000,39.810001,40.105000,36.872417,363329
2011-11-28,40.404999,40.770000,40.169998,40.720001,37.437851,514110
2011-11-29,40.720001,41.250000,40.619999,41.119999,37.805607,611064
2011-11-30,41.000000,42.755001,40.810001,42.525002,39.097363,1400843
2011-12-01,42.849998,43.799999,42.845001,43.255001,39.768520,1100175
2011-12-02,43.700001,44.029999,42.709999,42.790001,39.341000,671449
2011-12-05,43.064999,43.674999,42.599998,43.169998,39.690369,531304
2011-12-06,42.935001,43.430000,42.669998,42.669998,39.230679,406939
2011-12-07,42.965000,43.220001,42.470001,42.955002,39.492706,468624
2011-12-08,43.224998,43.445000,42.450001,42.645000,39.207687,611732
2011-12-09,42.360001,42.660000,42.075001,42.645000,39.207687,509051
2011-12-12,42.575001,42.845001,42.195000,42.250000,38.844524,483900
2011-12-13,42.395000,42.860001,42.110001,42.490002,39.065178,459977
2011-12-14,42.325001,42.520000,42.000000,42.060001,38.669849,490120
2011-12-15,42.325001,42.580002,41.900002,42.395000,38.977837,424059
2011-12-16,42.549999,42.555000,42.060001,42.400002,38.982437,1144106
2011-12-19,42.150002,42.779999,42.110001,42.500000,39.074375,359915
2011-12-20,42.355000,43.285000,42.230000,43.285000,39.796104,542723
2011-12-21,43.490002,43.549999,42.509998,42.720001,39.276649,488266
2011-12-22,42.709999,43.205002,42.665001,42.805000,39.354794,262034
2011-12-23,43.125000,43.750000,43.075001,43.584999,40.071922,303816
2011-12-27,43.785000,43.785000,43.470001,43.750000,40.223618,171912
2011-12-28,43.615002,43.855000,43.415001,43.549999,40.039745,327548
2011-12-29,43.669998,43.805000,43.525002,43.805000,40.274189,238807
2011-12-30,43.900002,43.970001,43.525002,43.820000,40.287979,183367
2012-01-02,43.910000,44.340000,43.654999,44.224998,40.660339,440820
2012-01-03,44.450001,45.014999,44.400002,44.605000,41.009708,532681
2012-01-04,44.494999,44.930000,44.375000,44.400002,40.821236,564361
2012-01-05,44.290001,44.605000,44.160000,44.264999,40.697113,549797
2012-01-06,44.355000,44.689999,43.834999,44.165001,40.605171,335589
2012-01-09,44.099998,44.415001,43.974998,44.185001,40.623562,282508
2012-01-10,44.505001,45.009998,44.264999,44.435001,40.853413,452268
2012-01-11,44.380001,44.419998,43.435001,43.650002,40.131691,616240
2012-01-12,43.645000,43.740002,43.169998,43.299999,39.809891,511486
2012-01-13,43.540001,43.689999,42.509998,42.849998,39.396164,592209
2012-01-16,42.849998,43.005001,42.590000,42.950001,39.488110,300582
2012-01-17,43.154999,43.330002,42.895000,43.220001,39.736340,503850
2012-01-18,43.200001,43.799999,43.200001,43.674999,40.154663,552774
2012-01-19,43.880001,44.154999,43.705002,44.025002,40.476456,794215
2012-01-20,44.000000,44.384998,43.705002,43.990002,40.444279,786865
2012-01-23,44.060001,44.264999,43.415001,43.435001,39.934010,526465
2012-01-24,43.404999,43.945000,43.014999,43.945000,40.402905,638182
2012-01-25,45.049999,46.500000,44.900002,45.435001,41.772804,1819086
2012-01-26,45.650002,45.830002,45.105000,45.590000,41.915314,837814
2012-01-27,45.650002,45.974998,45.310001,45.654999,41.975075,798535
2012-01-30,45.380001,46.220001,45.375000,46.134998,42.416378,661330
2012-01-31,46.119999,46.145000,45.369999,45.900002,42.200329,626937
2012-02-01,46.000000,46.939999,45.904999,46.494999,42.747372,811998
2012-02-02,46.470001,47.189999,46.270000,46.619999,42.862289,527526
2012-02-03,46.634998,47.259998,46.294998,47.139999,43.340385,591308
2012-02-06,47.099998,47.154999,46.514999,46.580002,42.825520,446732
2012-02-07,46.549999,46.605000,45.959999,46.145000,42.425579,492820
2012-02-08,46.290001,46.755001,46.025002,46.075001,42.361221,407304
2012-02-09,46.259998,46.660000,46.180000,46.575001,42.820923,555464
2012-02-10,46.349998,46.730000,46.209999,46.500000,42.751972,383521
2012-02-13,46.549999,46.994999,46.549999,46.805000,43.032375,376322
2012-02-14,46.709999,47.500000,46.590000,47.459999,43.634583,623234
2012-02-15,47.625000,48.075001,47.560001,47.695000,43.850643,720001
2012-02-16,47.500000,47.814999,47.345001,47.814999,43.960972,418720
2012-02-17,47.919998,48.084999,47.595001,48.084999,44.209209,604367
2012-02-20,48.250000,48.419998,47.939999,48.040001,44.167835,347843
2012-02-21,47.959999,48.174999,47.575001,48.174999,44.291958,321446
2012-02-22,48.075001,48.154999,47.555000,48.134998,44.255180,393107
2012-02-23,48.200001,48.404999,47.340000,47.685001,43.841454,438117
2012-02-24,47.680000,47.794998,46.720001,46.834999,43.059959,619445
2012-02-27,46.799999,47.330002,46.514999,47.314999,43.501274,375317
2012-02-28,47.525002,47.560001,46.994999,47.549999,43.717331,356238
2012-02-29,47.549999,47.630001,47.000000,47.009998,43.220863,557761
2012-03-01,46.615002,47.650002,46.580002,47.549999,43.717331,572516
2012-03-02,47.410000,48.009998,47.369999,47.785000,43.933388,342261
2012-03-05,47.785000,48.494999,47.685001,48.415001,44.512608,425601
2012-03-06,48.244999,48.375000,47.435001,47.435001,43.611603,548841
2012-03-07,47.590000,47.695000,47.340000,47.570000,43.735722,354264
2012-03-08,47.764999,48.865002,47.400002,48.764999,44.834396,604079
2012-03-09,48.724998,48.945000,48.404999,48.625000,44.705685,357850
2012-03-12,48.570000,49.040001,48.540001,48.924999,44.981506,303254
2012-03-13,49.145000,49.575001,48.970001,49.410000,45.427414,405721
2012-03-14,49.380001,49.410000,48.980000,49.220001,45.252724,412425
2012-03-15,49.195000,49.424999,49.025002,49.235001,45.266514,304078
2012-03-16,49.099998,49.240002,48.529999,48.650002,44.728672,1345888
2012-03-19,48.500000,48.584999,48.110001,48.459999,44.553982,394328
2012-03-20,48.314999,48.514999,48.169998,48.360001,44.462040,260890
2012-03-21,48.384998,48.695000,48.049999,48.525002,44.613739,338494
2012-03-22,48.465000,48.650002,48.090000,48.090000,44.213810,367636
2012-03-23,48.080002,48.314999,47.884998,48.165001,44.282761,368803
2012-03-26,48.230000,49.139999,48.230000,49.014999,45.064251,431580
2012-03-27,49.075001,49.160000,48.404999,48.505001,44.595360,420858
2012-03-28,48.375000,49.055000,48.334999,48.334999,44.439056,421161
2012-03-29,48.139999,48.400002,47.610001,47.750000,43.901211,545060
2012-03-30,47.990002,48.924999,47.855000,48.924999,44.981506,432502
2012-04-02,48.915001,49.895000,48.785000,49.895000,45.873314,683395
2012-04-03,49.889999,50.099998,49.535000,49.540001,45.546932,410224
2012-04-04,49.299999,49.430000,48.169998,48.439999,44.535591,624534
2012-04-05,48.584999,48.889999,48.349998,48.549999,44.636730,287400
2012-04-10,48.099998,48.605000,48.060001,48.060001,44.186226,370210
2012-04-11,48.014999,48.520000,47.740002,48.355000,44.457447,519847
2012-04-12,48.365002,49.419998,48.310001,49.130001,45.169987,570986
2012-04-13,49.500000,50.020000,48.665001,48.770000,44.839001,807208
2012-04-16,48.735001,49.654999,48.599998,49.595001,45.597500,500468
2012-04-17,49.730000,50.270000,49.494999,50.259998,46.208900,851945
2012-04-18,50.349998,50.570000,50.040001,50.340000,46.282448,380645
2012-04-19,51.340000,52.099998,51.049999,51.610001,47.450085,905313
2012-04-20,51.500000,51.900002,51.099998,51.810001,47.633965,414389
2012-04-23,51.480000,51.520000,50.619999,50.910000,46.806507,480673
2012-04-24,50.930000,51.810001,50.750000,51.759998,47.587997,503105
2012-04-25,51.939999,52.070000,51.590000,51.849998,47.670742,347302
2012-04-26,51.919998,52.810001,51.480000,52.810001,48.553360,639269
2012-04-27,52.060001,52.450001,51.650002,52.349998,48.776978,634780
2012-04-30,52.500000,53.080002,52.410000,53.000000,49.382618,455736
2012-05-02,53.639999,54.090000,52.730000,53.000000,49.382618,558059
2012-05-03,54.500000,55.669998,52.790001,53.160000,49.531696,1203762
2012-05-04,53.340000,53.360001,52.500000,52.509998,48.926052,632791
2012-05-07,51.750000,52.700001,51.750000,52.380001,48.804928,408767
2012-05-08,51.970001,52.380001,51.330002,51.610001,48.087490,508692
2012-05-09,51.799999,52.380001,51.430000,52.270000,48.702438,492091
2012-05-10,52.500000,52.500000,51.330002,51.529999,48.012943,374001
2012-05-11,51.330002,52.450001,51.330002,52.450001,48.870159,294370
2012-05-14,52.259998,52.520000,51.680000,52.189999,48.627892,297636
2012-05-15,52.490002,52.970001,52.439999,52.590000,49.000595,404195
2012-05-16,52.419998,52.660000,51.680000,51.730000,48.199291,484020
2012-05-17,52.070000,52.549999,51.799999,51.919998,48.376324,416964
2012-05-18,51.700001,52.160000,51.430000,51.529999,48.012943,594060
2012-05-21,51.669998,52.380001,51.360001,52.029999,48.478821,357972
2012-05-22,52.580002,52.639999,51.970001,52.590000,49.000595,434020
2012-05-23,52.180000,52.380001,51.130001,51.130001,47.640247,696475
2012-05-24,51.669998,51.919998,50.770000,50.840000,47.370041,777698
2012-05-25,50.689999,50.990002,50.200001,50.790001,47.323456,639765
2012-05-28,51.200001,51.490002,50.610001,50.700001,47.239597,213936
2012-05-29,50.880001,51.439999,50.799999,51.209999,47.714783,331408
2012-05-30,51.090000,51.240002,50.480000,50.529999,47.081196,370623
2012-05-31,50.689999,51.220001,50.590000,50.980000,47.500484,403788
2012-06-01,51.130001,51.130001,49.250000,50.220001,46.792355,657496
2012-06-04,49.985001,50.419998,49.525002,50.200001,46.773724,494378
2012-06-05,50.180000,50.450001,49.919998,50.419998,46.978706,430584
2012-06-06,50.520000,51.209999,50.200001,51.209999,47.714783,743838
2012-06-07,51.240002,52.259998,51.240002,52.150002,48.590630,507138
2012-06-08,51.820000,52.540001,51.639999,52.540001,48.954014,486506
2012-06-11,53.000000,53.180000,51.639999,52.189999,48.627892,502241
2012-06-12,52.250000,52.770000,51.639999,51.919998,48.376324,535049
2012-06-13,51.990002,52.430000,51.639999,52.310001,48.739712,478942
2012-06-14,52.299999,52.759998,52.009998,52.599998,49.009914,472630
2012-06-15,52.700001,52.700001,51.750000,52.080002,48.525406,1082821
2012-06-18,52.500000,53.029999,52.320000,52.740002,49.140354,386221
2012-06-19,52.500000,53.849998,52.189999,53.520000,49.867123,743500
2012-06-20,53.439999,53.500000,51.799999,52.669998,49.075138,788581
2012-06-21,52.650002,52.900002,52.070000,52.310001,48.739712,448368
2012-06-22,52.110001,52.110001,51.759998,51.860001,48.320423,359130
2012-06-25,51.580002,51.619999,50.610001,50.830002,47.360729,619000
2012-06-26,51.060001,51.470001,50.650002,50.980000,47.500484,542221
2012-06-27,51.099998,51.250000,50.540001,51.040001,47.556389,551863
2012-06-28,51.070000,51.430000,50.240002,50.459999,47.015980,368699
2012-06-29,51.349998,51.490002,50.959999,51.150002,47.658886,604620
2012-07-02,51.180000,51.320000,50.560001,51.310001,47.807964,647366
2012-07-03,51.509998,52.560001,51.279999,52.439999,48.860836,601047
2012-07-04,52.439999,52.599998,52.150002,52.520000,48.935383,254818
2012-07-05,52.389999,52.770000,51.840000,52.450001,48.870159,346806
2012-07-06,52.410000,52.959999,52.270000,52.310001,48.739712,325839
2012-07-09,52.259998,52.520000,51.759998,51.840000,48.301792,354824
2012-07-10,52.070000,53.169998,51.810001,53.169998,49.541008,596185
2012-07-11,53.029999,53.270000,52.650002,52.919998,49.308079,331148
2012-07-12,52.740002,52.980000,52.360001,52.759998,49.158993,432258
2012-07-13,52.799999,53.480000,52.630001,53.480000,49.829853,288091
2012-07-16,53.400002,53.490002,52.820000,52.950001,49.336037,313457
2012-07-17,53.160000,53.759998,53.139999,53.660000,49.997566,375542
2012-07-18,53.820000,54.520000,53.650002,54.520000,50.798866,380681
2012-07-19,54.650002,55.340000,54.650002,55.290001,51.516315,492236
2012-07-20,55.400002,55.500000,55.029999,55.090000,51.329967,585213
2012-07-23,54.919998,55.419998,53.130001,53.299999,49.662140,498306
2012-07-24,53.400002,53.849998,53.279999,53.450001,49.801899,452310
2012-07-25,53.430000,53.700001,52.770000,52.840000,49.233540,466738
2012-07-26,53.099998,54.380001,53.020000,54.299999,50.593887,663507
2012-07-27,54.290001,54.950001,53.820000,54.950001,51.199520,466518
2012-07-30,55.000000,55.070000,54.380001,54.709999,50.975903,268490
2012-07-31,54.380001,54.540001,53.669998,53.919998,50.239819,435816
2012-08-01,54.060001,54.070000,52.970001,53.130001,49.503742,386479
2012-08-02,51.919998,57.299999,51.599998,57.169998,53.268002,2495012
2012-08-03,56.900002,58.349998,56.160000,56.970001,53.081654,1114681
2012-08-06,57.900002,57.900002,56.860001,57.720001,53.780464,663342
2012-08-07,57.779999,57.779999,56.400002,56.709999,52.839397,460147
2012-08-08,56.650002,56.959999,56.029999,56.480000,52.625095,328255
2012-08-09,56.630001,57.130001,56.439999,56.849998,52.969845,304645
2012-08-10,56.930000,57.200001,56.369999,56.730000,52.858032,284559
2012-08-13,56.730000,57.080002,56.360001,56.500000,52.643734,248717
2012-08-14,56.919998,57.009998,56.459999,56.720001,52.848717,256155
2012-08-15,56.720001,57.080002,56.430000,56.779999,52.904621,190434
2012-08-16,57.099998,57.099998,56.590000,56.799999,52.923252,414930
2012-08-17,57.000000,57.009998,56.160000,56.520000,52.662369,603412
2012-08-20,56.680000,57.299999,56.580002,57.049999,53.156193,300862
2012-08-21,57.200001,57.430000,56.959999,57.290001,53.379807,268837
2012-08-22,57.259998,57.349998,56.500000,56.950001,53.063015,304935
2012-08-23,57.110001,57.150002,56.270000,56.500000,52.643734,286029
2012-08-24,56.619999,57.320000,56.560001,57.139999,53.240044,314768
2012-08-27,57.209999,57.619999,56.840000,57.580002,53.650021,152453
2012-08-28,58.299999,59.230000,57.730000,57.860001,53.910915,695014
2012-08-29,57.669998,57.840000,57.029999,57.160000,53.258686,408527
2012-08-30,57.099998,57.590000,57.020000,57.180000,53.277325,264732
2012-08-31,57.040001,57.389999,56.730000,57.000000,53.109608,292282
2012-09-03,56.820000,57.630001,56.759998,57.630001,53.696609,217523
2012-09-04,57.619999,57.790001,57.150002,57.270000,53.361176,187753
2012-09-05,57.290001,57.849998,57.150002,57.230000,53.323906,307551
2012-09-06,57.320000,58.000000,57.320000,58.000000,54.041351,337862
2012-09-07,57.990002,58.130001,56.860001,56.860001,52.979160,423587
2012-09-10,56.599998,56.869999,56.200001,56.410000,52.559872,264977
2012-09-11,56.299999,56.840000,56.299999,56.650002,52.783501,254904
2012-09-12,56.619999,56.910000,55.740002,56.349998,52.503967,427911
2012-09-13,55.849998,56.970001,55.849998,56.770000,52.895306,446890
2012-09-14,57.290001,57.380001,55.450001,55.580002,51.786526,643039
2012-09-17,55.610001,56.090000,55.529999,55.540001,51.749252,402248
2012-09-18,55.889999,56.669998,55.820000,56.490002,52.634415,725548
2012-09-19,56.310001,56.820000,56.099998,56.820000,52.941887,441468
2012-09-20,56.619999,57.340000,56.549999,57.340000,53.426403,576599
2012-09-21,57.500000,58.049999,57.200001,57.349998,53.435719,1081362
2012-09-24,57.230000,57.330002,56.560001,56.709999,52.839397,432179
2012-09-25,56.900002,57.279999,56.810001,56.849998,52.969845,359632
2012-09-26,57.040001,57.360001,56.360001,56.669998,52.802124,496134
2012-09-27,56.750000,57.549999,56.619999,57.459999,53.538204,504435
2012-09-28,57.709999,57.730000,56.930000,57.099998,53.202778,365811
2012-10-01,57.299999,57.970001,57.220001,57.779999,53.836365,364092
2012-10-02,57.639999,58.160000,57.450001,57.750000,53.808418,268777
2012-10-04,58.180000,58.509998,58.040001,58.180000,54.209072,238897
2012-10-05,58.270000,58.709999,58.139999,58.400002,54.414051,255062
2012-10-08,58.299999,58.299999,57.509998,57.610001,53.677975,326841
2012-10-09,57.820000,57.830002,57.139999,57.450001,53.528889,409342
2012-10-10,57.439999,57.570000,57.259998,57.340000,53.426403,215349
2012-10-11,57.540001,57.740002,57.259998,57.560001,53.631386,338722
2012-10-12,58.200001,58.299999,57.750000,57.919998,53.966808,482633
2012-10-15,58.060001,58.570000,58.060001,58.470001,54.479271,279565
2012-10-16,58.889999,59.189999,58.689999,59.049999,55.019688,451254
2012-10-17,59.389999,59.389999,58.299999,58.340000,54.358147,423157
2012-10-18,58.340000,58.689999,57.959999,58.669998,54.665623,351668
2012-10-19,58.639999,58.639999,57.799999,57.950001,53.994766,713074
2012-10-22,57.950001,58.220001,57.110001,57.189999,53.286629,296450
2012-10-23,57.209999,57.410000,55.910000,55.980000,52.159225,377472
2012-10-24,55.900002,56.279999,55.619999,55.869999,52.056732,356434
2012-10-25,55.990002,56.880001,55.669998,56.500000,52.643734,259191
2012-10-26,56.349998,56.639999,55.950001,56.310001,52.466698,247191
2012-10-29,56.310001,56.549999,56.119999,56.119999,52.289661,286114
2012-10-30,55.990002,56.549999,55.990002,56.549999,52.690319,356811
2012-10-31,56.500000,56.950001,56.020000,56.110001,52.280350,352217
2012-11-01,56.209999,56.810001,56.110001,56.599998,52.736912,388511
2012-11-02,59.450001,60.830002,58.830002,60.700001,56.557076,1565042
2012-11-05,60.119999,61.080002,59.810001,60.869999,56.715462,676843
2012-11-06,61.220001,61.529999,60.700001,60.959999,56.799324,344301
2012-11-07,61.080002,61.389999,59.650002,59.700001,55.625320,635874
2012-11-08,59.790001,60.180000,59.090000,59.130001,55.094231,371987
2012-11-09,59.360001,59.830002,58.869999,59.689999,55.616009,414153
2012-11-12,59.740002,60.139999,59.410000,59.939999,55.848946,282799
2012-11-13,60.000000,60.279999,59.619999,60.130001,56.025978,244423
2012-11-14,60.240002,60.360001,59.040001,59.270000,55.224674,283571
2012-11-15,59.000000,59.119999,58.400002,58.750000,54.740170,289982
2012-11-16,58.700001,59.200001,58.240002,58.240002,54.264969,454996
2012-11-19,58.400002,58.959999,58.250000,58.860001,54.842659,246684
2012-11-20,58.560001,59.310001,58.560001,59.150002,55.112858,198996
2012-11-21,59.070000,59.660000,59.049999,59.450001,55.392387,326708
2012-11-22,59.720001,59.900002,59.549999,59.820000,55.737137,200103
2012-11-23,59.759998,60.299999,59.669998,60.150002,56.044617,199011
2012-11-26,60.049999,60.430000,59.959999,60.279999,56.165737,237453
2012-11-27,60.680000,60.810001,60.320000,60.500000,56.370720,340928
2012-11-28,60.570000,60.700001,60.099998,60.259998,56.147099,385857
2012-11-29,60.490002,60.520000,60.160000,60.200001,56.091194,281090
2012-11-30,60.150002,60.570000,60.150002,60.299999,56.184372,281357
2012-12-03,60.500000,60.709999,60.290001,60.509998,56.380039,281742
2012-12-04,60.419998,60.599998,60.279999,60.570000,56.435944,430114
2012-12-05,60.639999,60.709999,60.189999,60.549999,56.417313,439215
2012-12-06,61.020000,62.200001,61.020000,61.730000,57.516769,831689
2012-12-07,61.869999,62.500000,61.779999,61.970001,57.740391,471333
2012-12-10,61.950001,62.259998,61.779999,62.070000,57.833565,397022
2012-12-11,61.970001,62.490002,61.910000,62.250000,58.001278,360644
2012-12-12,62.180000,62.560001,61.709999,62.500000,58.234211,375947
2012-12-13,62.599998,62.599998,61.279999,61.419998,57.227924,463923
2012-12-14,61.490002,61.910000,61.090000,61.139999,56.967037,300143
2012-12-17,61.139999,61.419998,60.630001,60.810001,56.659561,346648
2012-12-18,61.040001,61.259998,60.529999,61.119999,56.948402,335119
2012-12-19,61.200001,61.660000,61.200001,61.599998,57.395645,297209
2012-12-20,61.630001,61.900002,61.220001,61.669998,57.460857,238875
2012-12-21,61.290001,61.790001,61.040001,61.639999,57.432915,544042
2012-12-27,61.580002,61.599998,60.700001,61.299999,57.116116,172891
2012-12-28,61.000000,61.910000,61.000000,61.880001,57.656536,150169
2013-01-02,62.990002,62.990002,61.910000,62.529999,58.262169,399657
2013-01-03,62.270000,62.720001,61.959999,62.009998,57.777660,323243
2013-01-04,61.959999,62.259998,61.730000,61.869999,57.647217,273045
2013-01-07,61.869999,61.869999,60.720001,60.860001,56.706158,402610
2013-01-08,61.090000,62.720001,60.959999,62.299999,58.047867,626798
2013-01-09,62.520000,62.660000,62.029999,62.459999,58.196949,452685
2013-01-10,62.630001,62.630001,61.070000,61.200001,57.022945,465441
2013-01-11,61.299999,61.430000,61.070000,61.200001,57.022945,278940
2013-01-14,61.200001,61.430000,61.080002,61.209999,57.032257,244007
2013-01-15,61.279999,61.560001,61.000000,61.419998,57.227924,299359
2013-01-16,61.299999,62.619999,61.299999,62.430000,58.169003,426046
2013-01-17,62.230000,62.840000,62.070000,62.549999,58.280804,340870
2013-01-18,62.680000,63.529999,62.560001,63.209999,58.895760,595413
2013-01-21,63.330002,63.599998,63.029999,63.509998,59.175274,260023
2013-01-22,63.660000,63.830002,62.970001,63.299999,58.979614,372475
2013-01-23,63.500000,64.599998,63.480000,64.099998,59.725002,544309
2013-01-24,64.629997,64.739998,63.470001,64.419998,60.023170,640371
2013-01-25,64.519997,65.129997,64.290001,64.750000,60.330650,451365
2013-01-28,64.959999,65.089996,64.080002,64.150002,59.771599,331699
2013-01-29,64.279999,65.230003,64.150002,65.080002,60.638126,287987
2013-01-30,65.089996,65.519997,64.989998,65.290001,60.833790,273633
2013-01-31,65.080002,65.309998,64.419998,64.650002,60.237473,468428
2013-02-01,64.940002,65.790001,64.669998,65.599998,61.122631,371624
2013-02-04,65.690002,65.730003,64.489998,64.599998,60.190884,386582
2013-02-05,64.430000,65.400002,64.430000,65.339996,60.880375,340265
2013-02-06,65.440002,65.620003,64.570000,64.900002,60.470413,250787
2013-02-07,64.639999,65.010002,64.169998,64.559998,60.153610,345979
2013-02-08,65.040001,65.150002,64.529999,65.019997,60.582214,250201
2013-02-11,64.839996,64.949997,64.239998,64.430000,60.032490,218418
2013-02-12,64.269997,65.389999,64.269997,65.110001,60.666077,270960
2013-02-13,65.330002,65.889999,64.750000,65.820000,61.327618,340448
2013-02-14,65.870003,66.279999,65.709999,65.830002,61.336937,349968
2013-02-15,65.919998,66.180000,65.370003,65.800003,61.308987,472257
2013-02-18,65.769997,66.000000,63.830002,64.300003,59.911369,775947
2013-02-19,64.300003,65.000000,63.380001,64.129997,59.752960,1072165
2013-02-20,64.059998,65.029999,63.900002,64.400002,60.004539,906907
2013-02-21,64.220001,64.440002,63.570000,64.339996,59.948627,591666
2013-02-22,64.389999,65.699997,64.269997,65.040001,60.600849,455361
2013-02-25,65.000000,66.589996,64.599998,66.309998,61.784172,510397
2013-02-26,65.800003,66.419998,65.690002,66.050003,61.541927,392058
2013-02-27,66.199997,67.040001,65.910004,66.709999,62.156876,380378
2013-02-28,66.949997,67.160004,66.570000,66.790001,62.231415,430295
2013-03-01,66.800003,67.309998,66.470001,66.830002,62.268688,424177
2013-03-04,67.040001,67.339996,66.669998,66.809998,62.250046,525127
2013-03-05,65.129997,70.190002,64.959999,67.239998,62.650707,1993057
2013-03-06,67.470001,68.010002,66.139999,67.730003,63.107254,942091
2013-03-07,67.849998,68.870003,67.750000,68.800003,64.104225,363874
2013-03-08,68.860001,69.129997,67.559998,67.709999,63.088623,566588
2013-03-11,67.620003,68.330002,67.589996,68.199997,63.545162,293091
2013-03-12,68.199997,68.550003,67.669998,68.540001,63.861965,334342
2013-03-13,68.650002,69.650002,68.339996,69.400002,64.663277,398220
2013-03-14,69.769997,70.129997,69.430000,70.129997,65.343445,439872
2013-03-15,70.269997,70.589996,69.949997,70.169998,65.380722,997401
2013-03-18,69.790001,70.360001,69.279999,70.360001,65.557747,361325
2013-03-19,70.349998,71.099998,70.089996,70.720001,65.893181,545088
2013-03-20,70.860001,71.230003,70.610001,70.750000,65.921135,395119
2013-03-21,72.500000,72.500000,70.849998,70.870003,66.032944,551555
2013-03-22,70.800003,71.790001,70.500000,71.550003,66.666527,399489
2013-03-25,71.870003,72.190002,71.629997,72.029999,67.113770,366402
2013-03-26,72.199997,72.360001,71.550003,72.000000,67.085823,297583
2013-03-27,72.089996,72.500000,71.230003,71.570000,66.685173,360554
2013-03-28,71.639999,72.379997,71.470001,72.040001,67.123093,420409
2013-04-02,71.919998,73.449997,71.919998,72.599998,67.644859,634839
2013-04-03,72.510002,73.089996,72.480003,72.500000,67.551689,333929
2013-04-04,72.519997,72.739998,71.190002,71.410004,66.536087,453593
2013-04-05,71.389999,71.389999,69.709999,69.989998,65.213005,520246
2013-04-08,70.059998,70.830002,69.889999,69.989998,65.213005,348740
2013-04-09,70.300003,70.330002,68.370003,68.660004,63.973778,605216
2013-04-10,68.610001,69.629997,68.099998,69.449997,64.709854,528478
2013-04-11,69.320000,70.529999,69.320000,69.849998,65.082565,373638
2013-04-12,69.320000,70.029999,69.209999,69.400002,64.663277,301954
2013-04-15,69.339996,69.730003,68.930000,69.139999,64.421021,347734
2013-04-16,68.980003,69.389999,68.279999,68.360001,63.694252,366342
2013-04-17,68.500000,68.870003,67.239998,68.019997,63.377457,574218
2013-04-18,68.230003,69.029999,67.519997,68.019997,63.377457,688956
2013-04-19,67.930000,68.989998,67.589996,68.660004,64.638985,714550
2013-04-22,68.949997,69.300003,68.440002,68.800003,64.770790,483847
2013-04-23,68.879997,70.269997,68.769997,70.029999,65.928757,693724
2013-04-24,70.010002,70.029999,69.050003,69.639999,65.561584,454894
2013-04-25,69.440002,70.099998,69.430000,69.750000,65.665138,390468
2013-04-26,69.449997,69.919998,68.610001,68.790001,64.761368,371415
2013-04-29,69.139999,69.550003,68.559998,68.699997,64.676643,367726
2013-04-30,68.809998,69.519997,68.500000,68.730003,64.704887,538436
2013-05-02,69.750000,71.790001,69.320000,71.639999,67.444458,1316946
2013-05-03,71.389999,71.589996,70.199997,70.400002,66.277069,543839
2013-05-06,70.339996,70.620003,69.809998,70.419998,66.295906,231477
2013-05-07,70.400002,70.589996,69.019997,69.379997,65.316811,509569
2013-05-08,69.330002,70.389999,69.169998,70.199997,66.088799,528439
2013-05-09,70.199997,71.019997,69.989998,70.650002,66.512451,302878
2013-05-10,70.910004,71.360001,70.150002,70.440002,66.314751,460604
2013-05-13,70.500000,70.730003,70.040001,70.480003,66.352402,429492
2013-05-14,70.559998,70.919998,69.959999,70.120003,66.013489,392161
2013-05-15,70.110001,70.489998,69.830002,69.959999,65.862862,269480
2013-05-16,69.940002,72.300003,69.940002,71.620003,67.425644,922567
2013-05-17,71.500000,71.639999,69.889999,70.540001,66.408882,813286
2013-05-20,70.889999,71.250000,70.379997,71.199997,67.030220,257365
2013-05-21,71.269997,71.360001,70.129997,70.629997,66.493607,438823
2013-05-22,70.599998,70.790001,69.610001,70.690002,66.550095,492575
2013-05-23,70.500000,70.610001,69.570000,70.209999,66.098206,450314
2013-05-24,70.330002,71.279999,69.940002,70.410004,66.286507,647376
2013-05-27,70.790001,71.000000,70.519997,70.769997,66.625412,211274
2013-05-28,71.180000,72.199997,70.989998,71.970001,67.755135,505413
2013-05-29,71.900002,72.029999,70.279999,70.540001,66.408882,622876
2013-05-30,70.320000,70.739998,69.879997,70.389999,66.267670,336721
2013-05-31,70.120003,70.230003,69.230003,69.529999,65.458031,550309
2013-06-03,69.000000,69.220001,67.300003,68.709999,64.686050,662698
2013-06-04,69.190002,69.720001,68.309998,68.669998,64.648399,415454
2013-06-05,68.320000,68.739998,67.360001,67.440002,63.490429,428778
2013-06-06,67.360001,68.110001,66.879997,67.000000,63.076214,554100
2013-06-07,67.290001,68.389999,66.239998,68.160004,64.168274,554892
2013-06-10,68.040001,68.830002,67.910004,68.580002,64.563675,393929
2013-06-11,68.629997,68.629997,66.820000,67.500000,63.546928,543347
2013-06-12,67.480003,68.279999,67.339996,67.660004,63.697559,360726
2013-06-13,67.010002,67.110001,65.660004,66.980003,63.057381,575518
2013-06-14,67.290001,67.339996,66.379997,66.910004,62.991474,412800
2013-06-17,66.870003,68.089996,66.790001,67.599998,63.641052,425602
2013-06-18,67.599998,67.849998,66.889999,67.760002,63.791683,271231
2013-06-19,67.989998,68.510002,67.199997,67.739998,63.772861,390764
2013-06-20,67.059998,67.059998,65.790001,65.889999,62.031212,570781
2013-06-21,65.660004,66.510002,65.309998,65.309998,61.485176,1151874
2013-06-24,65.000000,65.400002,64.260002,64.529999,60.750854,502531
2013-06-25,64.849998,65.250000,64.290001,64.849998,61.052116,520783
2013-06-26,64.820000,66.279999,64.650002,66.110001,62.238327,501966
2013-06-27,66.269997,67.570000,66.110001,67.129997,63.198586,512152
2013-06-28,67.529999,67.790001,66.650002,67.000000,63.076214,419747
2013-07-01,66.989998,67.779999,66.599998,67.779999,63.810532,331815
2013-07-02,67.820000,69.029999,67.559998,68.070000,64.083534,412579
2013-07-03,67.820000,67.959999,67.150002,67.459999,63.509277,435745
2013-07-04,67.669998,69.040001,67.529999,68.750000,64.723724,557954
2013-07-05,69.180000,69.180000,67.449997,67.470001,63.518684,410680
2013-07-08,67.550003,68.269997,67.169998,67.739998,63.772861,389224
2013-07-09,67.910004,68.870003,67.519997,68.519997,64.507179,379533
2013-07-10,69.910004,70.570000,69.550003,69.860001,65.768715,656465
2013-07-11,70.500000,70.919998,69.970001,70.220001,66.107620,320728
2013-07-12,70.230003,70.790001,70.080002,70.230003,66.117043,295971
2013-07-15,70.480003,70.769997,69.860001,70.000000,65.900520,224770
2013-07-16,69.989998,70.110001,69.000000,69.230003,65.175606,251717
2013-07-17,69.400002,69.849998,68.699997,69.809998,65.721634,434056
2013-07-18,69.820000,69.959999,69.339996,69.699997,65.618080,338331
2013-07-19,69.690002,69.820000,69.089996,69.570000,65.495689,577542
2013-07-22,69.610001,69.910004,68.620003,68.900002,64.864937,338661
2013-07-23,68.940002,69.059998,68.199997,68.320000,64.318893,286115
2013-07-24,68.459999,69.000000,68.000000,68.349998,64.347137,391338
2013-07-25,68.290001,68.900002,68.099998,68.550003,64.535431,344222
2013-07-26,68.769997,69.190002,67.949997,68.129997,64.140022,208628
2013-07-29,68.290001,69.120003,68.169998,68.339996,64.337723,227585
2013-07-30,68.820000,69.930000,68.769997,69.480003,65.410957,473032
2013-07-31,69.500000,69.949997,69.269997,69.519997,65.448624,348346
2013-08-01,69.800003,70.449997,69.709999,70.260002,66.145287,331591
2013-08-02,70.500000,70.849998,69.730003,69.989998,65.891098,250954
2013-08-05,70.089996,70.669998,70.000000,70.199997,66.088799,201059
2013-08-06,70.449997,71.089996,70.309998,70.489998,66.361816,403471
2013-08-07,68.800003,69.199997,67.269997,68.230003,64.234169,969380
2013-08-08,68.570000,68.879997,67.010002,67.300003,63.358639,682415
2013-08-09,67.300003,67.419998,66.339996,66.900002,62.982059,504034
2013-08-12,66.830002,67.320000,66.029999,67.190002,63.255081,410603
2013-08-13,67.239998,68.349998,67.239998,68.269997,64.271828,449030
2013-08-14,69.000000,69.639999,68.540001,68.769997,64.742531,466700
2013-08-15,68.760002,68.849998,67.730003,68.379997,64.375366,446240
2013-08-16,68.440002,68.879997,68.080002,68.150002,64.158859,571551
2013-08-19,68.430000,68.430000,67.739998,67.760002,63.791683,510815
2013-08-20,67.620003,67.730003,67.209999,67.730003,63.763451,322154
2013-08-21,67.730003,67.750000,67.440002,67.500000,63.546928,180524
2013-08-22,67.510002,68.239998,67.480003,67.959999,63.979980,272484
2013-08-23,67.830002,67.830002,67.300003,67.470001,63.518684,251865
2013-08-26,67.519997,67.690002,67.209999,67.370003,63.424538,135572
2013-08-27,67.250000,67.860001,66.900002,67.029999,63.104446,316974
2013-08-28,66.919998,67.050003,65.820000,65.980003,62.115940,309840
2013-08-29,65.970001,65.980003,65.339996,65.760002,61.908829,337887
2013-08-30,65.750000,65.870003,65.199997,65.199997,61.381615,376873
2013-09-02,65.709999,66.370003,65.500000,66.279999,62.398365,252088
2013-09-03,66.349998,66.510002,65.669998,65.730003,61.880589,202683
2013-09-04,65.739998,65.900002,64.879997,65.099998,61.287476,325626
2013-09-05,65.059998,65.080002,63.889999,64.129997,60.374279,715238
2013-09-06,64.080002,64.959999,64.080002,64.839996,61.042698,582407
2013-09-09,64.830002,65.089996,64.089996,64.330002,60.562569,282671
2013-09-10,64.660004,65.570000,64.570000,65.410004,61.579319,404988
2013-09-11,65.400002,65.470001,64.540001,64.980003,61.174507,293462
2013-09-12,65.000000,65.449997,64.879997,65.239998,61.419273,333685
2013-09-13,65.550003,66.610001,65.459999,66.250000,62.370125,653559
2013-09-16,66.980003,66.989998,66.330002,66.470001,62.577240,398356
2013-09-17,66.230003,66.790001,66.110001,66.160004,62.285397,323943
2013-09-18,66.300003,66.440002,65.589996,65.989998,62.125347,414990
2013-09-19,66.720001,66.980003,66.410004,66.599998,62.699635,383988
2013-09-20,66.510002,66.730003,66.220001,66.500000,62.605480,953008
2013-09-23,66.699997,67.239998,66.459999,66.570000,62.671394,432587
2013-09-24,66.540001,66.949997,65.680000,66.019997,62.153587,324673
2013-09-25,66.099998,66.150002,65.339996,65.580002,61.739372,357783
2013-09-26,64.320000,66.150002,64.320000,65.620003,61.777031,600040
2013-09-27,65.790001,66.089996,65.239998,66.019997,62.153587,296985
2013-09-30,65.730003,66.239998,65.400002,65.639999,61.795849,304841
2013-10-01,64.989998,68.010002,64.339996,66.440002,62.549004,1133602
2013-10-02,66.430000,68.699997,66.250000,67.949997,63.970566,944008
2013-10-04,67.889999,67.889999,67.150002,67.389999,63.443367,292516
2013-10-07,67.019997,68.150002,66.269997,68.000000,64.017632,357714
2013-10-08,68.099998,68.180000,67.709999,67.800003,63.829361,285267
2013-10-09,67.699997,68.019997,67.300003,67.639999,63.678722,520467
2013-10-10,67.669998,68.730003,67.660004,68.430000,64.422455,290207
2013-10-11,68.709999,68.860001,68.290001,68.620003,64.601326,273516
2013-10-14,68.500000,68.790001,68.099998,68.550003,64.535431,311989
2013-10-15,68.970001,69.160004,68.669998,69.000000,64.959068,340734
2013-10-16,68.769997,68.919998,68.220001,68.809998,64.780197,377070
2013-10-17,68.459999,69.300003,68.430000,68.790001,64.761368,278715
2013-10-18,69.250000,69.940002,69.250000,69.610001,65.533348,967242
2013-10-21,69.510002,69.750000,69.089996,69.599998,65.523933,245156
2013-10-22,69.480003,70.629997,69.459999,70.029999,65.928757,348414
2013-10-23,69.589996,70.379997,69.580002,69.790001,65.702805,235471
2013-10-24,69.830002,70.199997,69.449997,69.540001,65.467453,226263
2013-10-25,69.330002,69.739998,69.139999,69.519997,65.448624,251374
2013-10-28,69.599998,70.070000,69.550003,69.919998,65.825195,158620
2013-10-29,70.029999,70.260002,69.709999,70.120003,66.013489,276256
2013-10-30,70.029999,70.580002,69.989998,70.430000,66.305328,301318
2013-10-31,70.070000,70.870003,69.930000,70.309998,66.192352,508361
2013-11-01,70.410004,70.589996,70.040001,70.160004,66.051147,266751
2013-11-04,70.250000,71.550003,69.730003,69.739998,65.655739,415769
2013-11-05,72.500000,73.690002,72.000000,73.440002,69.139061,1489825
2013-11-06,74.900002,74.910004,73.029999,74.019997,69.685066,652057
2013-11-07,74.550003,74.550003,73.239998,73.360001,69.063736,579463
2013-11-08,73.260002,73.489998,72.599998,73.059998,68.781303,360781
2013-11-11,73.190002,73.949997,73.080002,73.449997,69.148460,307085
2013-11-12,73.290001,73.750000,72.910004,73.629997,69.317917,219207
2013-11-13,73.500000,73.589996,72.459999,72.839996,68.574188,342592
2013-11-14,74.370003,74.650002,73.599998,73.680000,69.364990,428667
2013-11-15,73.709999,74.339996,73.480003,73.930000,69.600349,378466
2013-11-18,73.889999,74.279999,73.150002,73.849998,69.525047,216891
2013-11-19,73.720001,73.980003,73.209999,73.849998,69.525047,170721
2013-11-20,73.660004,74.639999,73.650002,74.209999,69.863960,415290
2013-11-21,73.870003,74.459999,73.489998,73.989998,69.656822,222680
2013-11-22,74.330002,74.449997,73.540001,73.650002,69.336754,270342
2013-11-25,73.790001,74.349998,73.599998,74.120003,69.779228,228019
2013-11-26,74.279999,74.650002,73.769997,74.110001,69.769814,468548
2013-11-27,74.120003,74.230003,73.709999,73.730003,69.412079,227293
2013-11-28,73.860001,74.620003,73.589996,74.559998,70.193474,236703
2013-11-29,74.660004,74.779999,74.330002,74.730003,70.353500,258086
2013-12-02,74.760002,75.250000,74.459999,75.250000,70.843048,279979
2013-12-03,74.889999,75.160004,73.260002,73.339996,69.044899,545647
2013-12-04,73.519997,73.949997,72.919998,73.309998,69.016663,451591
2013-12-05,73.339996,73.599998,73.050003,73.379997,69.082565,340525
2013-12-06,73.739998,74.209999,73.540001,73.879997,69.553284,319598
2013-12-09,74.040001,74.389999,73.419998,74.389999,70.033409,285495
2013-12-10,74.029999,74.599998,73.400002,73.529999,69.223770,294036
2013-12-11,73.559998,73.750000,73.129997,73.230003,68.941353,252223
2013-12-12,73.199997,73.720001,72.320000,72.489998,68.244690,292907
2013-12-13,72.540001,72.540001,71.940002,72.150002,67.924606,270270
2013-12-16,71.980003,72.930000,71.879997,72.760002,68.498871,311293
2013-12-17,72.720001,72.739998,71.680000,71.680000,67.482117,298974
2013-12-18,71.769997,72.830002,71.769997,72.629997,68.376488,374096
2013-12-19,73.000000,73.589996,72.879997,73.500000,69.195534,358106
2013-12-20,73.449997,73.779999,73.010002,73.040001,68.762466,571016
2013-12-23,73.540001,73.599998,72.980003,73.110001,68.828384,185299
2013-12-27,73.300003,73.790001,73.239998,73.610001,69.299095,184415
2013-12-30,73.510002,73.779999,73.309998,73.639999,69.327339,145529
2014-01-02,74.209999,74.260002,73.050003,73.120003,68.837791,407311
2014-01-03,73.059998,73.599998,72.949997,73.500000,69.195534,229463
2014-01-06,73.320000,73.529999,73.019997,73.199997,68.913109,256123
2014-01-07,73.349998,73.459999,72.769997,73.400002,69.101379,277241
2014-01-08,73.190002,73.190002,72.440002,72.769997,68.508278,364299
2014-01-09,73.169998,73.480003,72.709999,72.879997,68.611839,432721
2014-01-10,73.360001,73.459999,72.849998,73.230003,68.941353,383760
2014-01-13,73.320000,73.680000,72.089996,73.529999,69.223770,664091
2014-01-14,73.220001,74.150002,72.809998,74.099998,69.760391,453030
2014-01-15,74.099998,75.500000,73.900002,75.349998,70.937195,766645
2014-01-16,76.250000,77.050003,75.809998,76.650002,72.161057,833498
2014-01-17,76.660004,77.330002,76.610001,76.809998,72.311676,718149
2014-01-20,76.790001,77.190002,75.790001,75.919998,71.473816,420202
2014-01-21,75.949997,77.070000,75.910004,76.860001,72.358757,581373
2014-01-22,77.050003,77.300003,76.389999,76.879997,72.377586,381866
2014-01-23,76.639999,77.279999,76.360001,76.930000,72.424652,513606
2014-01-24,77.019997,77.160004,75.180000,75.489998,71.068985,496647
2014-01-27,75.680000,75.830002,74.559998,74.860001,70.475899,444096
2014-01-28,75.129997,75.370003,74.470001,74.559998,70.193474,471776
2014-01-29,75.010002,75.480003,73.099998,73.699997,69.383820,737377
2014-01-30,73.349998,73.669998,72.750000,73.190002,68.903687,396333
2014-01-31,73.389999,73.739998,72.190002,73.440002,69.139061,516324
2014-02-03,73.529999,74.400002,73.470001,73.730003,69.412079,433280
2014-02-04,73.099998,73.449997,72.300003,72.650002,68.395309,488463
2014-02-05,72.540001,73.320000,72.449997,72.959999,68.687164,361433
2014-02-06,73.120003,74.099998,72.919998,73.830002,69.506203,485364
2014-02-07,73.839996,73.889999,72.809998,73.330002,69.035492,496356
2014-02-10,73.500000,74.360001,73.419998,73.720001,69.402657,260176
2014-02-11,74.220001,74.849998,73.669998,74.809998,70.428818,583172
2014-02-12,75.000000,75.580002,73.879997,73.900002,69.572121,619541
2014-02-13,73.709999,74.000000,73.120003,73.790001,69.468552,414106
2014-02-14,73.699997,74.370003,73.580002,74.239998,69.892204,281275
2014-02-17,74.330002,74.480003,74.010002,74.150002,69.807472,181036
2014-02-18,74.199997,74.529999,73.980003,74.099998,69.760391,291662
2014-02-19,74.180000,74.410004,73.660004,74.010002,69.675667,299560
2014-02-20,72.110001,73.489998,72.099998,73.459999,69.157883,581515
2014-02-21,73.720001,73.879997,72.809998,72.900002,68.630684,554312
2014-02-24,72.980003,73.699997,72.779999,73.580002,69.270866,480980
2014-02-25,74.019997,75.089996,73.739998,74.629997,70.259354,726373
2014-02-26,74.889999,74.910004,74.199997,74.599998,70.231117,448598
2014-02-27,74.690002,74.959999,73.570000,74.000000,69.666260,426710
2014-02-28,73.900002,74.660004,73.430000,74.029999,69.694511,489976
2014-03-03,72.849998,73.070000,72.070000,72.089996,67.868103,843177
2014-03-04,71.360001,73.989998,70.339996,73.519997,69.214355,976008
2014-03-05,73.370003,73.489998,71.400002,71.419998,67.237350,861184
2014-03-06,71.599998,71.720001,70.930000,71.589996,67.397385,613610
2014-03-07,71.599998,71.620003,70.529999,70.599998,66.465378,561230
2014-03-10,70.389999,70.440002,69.889999,70.230003,66.117043,412829
2014-03-11,70.300003,70.430000,69.040001,69.669998,65.589836,694388
2014-03-12,69.349998,69.459999,68.629997,69.019997,64.977905,504555
2014-03-13,68.870003,69.000000,67.910004,67.989998,64.008224,612119
2014-03-14,68.000000,68.879997,67.870003,68.750000,64.723724,751416
2014-03-17,68.720001,69.500000,67.870003,69.339996,65.279167,595539
2014-03-18,69.260002,70.330002,68.839996,70.169998,66.060555,746034
2014-03-19,70.199997,70.290001,69.709999,70.110001,66.004074,462236
2014-03-20,69.699997,69.900002,68.879997,69.650002,65.571014,369660
2014-03-21,69.629997,70.150002,69.239998,69.510002,65.439209,861724
2014-03-24,69.610001,69.680000,68.849998,68.930000,64.893173,264045
2014-03-25,69.169998,69.779999,68.989998,69.410004,65.345070,349942
2014-03-26,69.739998,70.290001,69.650002,70.050003,65.947586,415422
2014-03-27,69.989998,70.480003,69.680000,70.269997,66.154701,242622
2014-03-28,70.599998,71.440002,70.440002,71.339996,67.162033,527746
2014-03-31,71.610001,71.760002,70.790001,70.800003,66.653664,356250
2014-04-01,71.400002,71.639999,70.889999,71.150002,66.983162,486304
2014-04-02,71.230003,71.230003,70.360001,71.089996,66.926674,327495
2014-04-03,71.019997,71.629997,70.959999,71.029999,66.870193,393932
2014-04-04,71.269997,71.269997,70.750000,70.989998,66.832520,349682
2014-04-07,70.250000,70.739998,70.000000,70.320000,66.201775,393127
2014-04-08,70.320000,70.320000,68.879997,69.089996,65.043808,664784
2014-04-09,69.339996,70.470001,69.199997,70.320000,66.201775,535254
2014-04-10,70.730003,71.260002,70.129997,70.480003,66.352402,412970
2014-04-11,69.900002,70.010002,69.320000,69.660004,65.580429,401552
2014-04-14,69.400002,70.440002,69.339996,70.150002,66.041725,452763
2014-04-15,70.099998,70.860001,69.980003,70.150002,66.041725,618931
2014-04-16,70.519997,70.849998,69.720001,70.779999,66.634834,455358
2014-04-17,70.620003,70.970001,69.889999,70.879997,67.395493,577556
2014-04-22,70.500000,71.510002,70.260002,71.510002,68.672729,344905
2014-04-23,71.370003,71.529999,70.790001,71.320000,68.490265,409748
2014-04-24,71.540001,71.570000,70.570000,71.150002,68.327019,414886
2014-04-25,70.639999,71.540001,70.639999,70.860001,68.048515,319903
2014-04-28,71.040001,71.430000,70.860001,70.860001,68.048515,373224
2014-04-29,71.160004,71.459999,70.849998,71.440002,68.605507,345872
2014-04-30,71.160004,72.260002,71.160004,72.260002,69.392967,493816
2014-05-02,72.349998,72.800003,71.839996,71.839996,68.989639,480413
2014-05-05,71.699997,72.099998,71.169998,71.949997,69.095268,196239
2014-05-06,72.459999,72.500000,71.830002,72.290001,69.421791,415831
2014-05-07,71.790001,72.699997,71.750000,72.639999,69.757904,331521
2014-05-08,72.500000,72.910004,71.510002,72.650002,69.767502,606882
2014-05-09,72.529999,72.980003,72.300003,72.430000,69.556229,449873
2014-05-12,72.500000,73.629997,72.449997,73.629997,70.708611,331483
2014-05-13,73.879997,73.940002,73.330002,73.400002,70.487732,366516
2014-05-14,73.540001,73.800003,73.279999,73.599998,70.679802,374052
2014-05-15,73.779999,74.230003,73.620003,73.910004,70.977516,574978
2014-05-16,73.959999,74.059998,73.480003,73.879997,70.948692,407188
2014-05-19,73.760002,74.180000,73.589996,73.820000,70.891075,422952
2014-05-20,73.839996,74.150002,73.330002,73.699997,70.775841,324652
2014-05-21,73.489998,74.029999,73.260002,73.730003,70.804657,263592
2014-05-22,73.790001,73.949997,73.339996,73.459999,70.545364,256540
2014-05-23,73.400002,73.580002,72.489998,72.849998,69.959564,507460
2014-05-26,73.050003,73.650002,73.050003,73.580002,70.660606,236628
2014-05-27,73.550003,73.980003,73.400002,73.919998,70.987106,314964
2014-05-28,74.180000,74.199997,73.559998,73.790001,70.862267,327944
2014-05-29,73.750000,74.419998,73.690002,74.250000,71.304024,248553
2014-05-30,74.400002,74.540001,73.959999,74.080002,71.140762,305493
2014-06-02,74.330002,74.440002,73.580002,74.000000,71.063934,257993
2014-06-03,73.959999,74.040001,73.559998,73.730003,70.804657,247966
2014-06-04,73.849998,74.349998,73.559998,73.949997,71.015907,200797
2014-06-05,73.790001,74.279999,73.040001,73.199997,70.295677,422675
2014-06-06,73.529999,73.570000,72.400002,72.730003,69.844322,407784
2014-06-09,72.779999,73.279999,72.510002,73.169998,70.266869,166619
2014-06-10,73.099998,73.559998,72.860001,73.470001,70.554955,205152
2014-06-11,73.470001,73.949997,73.320000,73.379997,70.468529,210436
2014-06-12,73.339996,73.620003,73.209999,73.339996,70.430122,221117
2014-06-13,73.400002,73.510002,72.559998,72.949997,70.055595,269739
2014-06-16,72.940002,73.120003,72.040001,72.040001,69.181702,342408
2014-06-17,71.839996,72.680000,71.809998,72.510002,69.633064,312808
2014-06-18,72.480003,72.699997,71.750000,71.820000,68.970436,338816
2014-06-19,72.269997,72.470001,71.809998,71.809998,68.960823,285645
2014-06-20,71.699997,72.339996,71.599998,72.010002,69.152901,687276
2014-06-23,71.980003,72.260002,71.339996,71.680000,68.835991,257472
2014-06-24,71.559998,72.199997,71.470001,72.169998,69.306549,268102
2014-06-25,71.849998,72.089996,71.260002,71.320000,68.490265,419027
2014-06-26,71.500000,71.500000,70.139999,70.180000,67.395493,463675
2014-06-27,70.120003,70.550003,69.879997,70.370003,67.577965,327975
2014-06-30,70.250000,70.849998,70.080002,70.669998,67.866051,337697
2014-07-01,70.940002,70.940002,70.230003,70.510002,67.712410,294246
2014-07-02,70.570000,70.910004,70.489998,70.660004,67.856453,278405
2014-07-03,70.830002,71.800003,70.720001,71.800003,68.951225,352645
2014-07-04,72.029999,72.029999,70.570000,71.050003,68.230980,399278
2014-07-07,71.150002,71.150002,70.449997,70.489998,67.693207,284534
2014-07-08,70.800003,70.800003,69.510002,69.510002,66.752098,428950
2014-07-09,69.580002,70.019997,69.110001,69.669998,66.905731,332537
2014-07-10,69.720001,69.790001,69.019997,69.050003,66.310333,305219
2014-07-11,69.139999,69.449997,68.699997,68.860001,66.127876,294339
2014-07-14,69.099998,69.830002,68.760002,69.690002,66.924942,272564
2014-07-15,69.599998,69.709999,68.589996,68.680000,65.955017,340191
2014-07-16,69.830002,70.040001,69.190002,69.250000,66.502403,401013
2014-07-17,69.440002,69.489998,68.610001,68.739998,66.012634,322327
2014-07-18,68.169998,68.169998,67.519997,67.930000,65.234772,768280
2014-07-21,67.849998,67.849998,67.379997,67.639999,64.956276,375323
2014-07-22,67.970001,67.989998,66.949997,67.410004,64.735405,556207
2014-07-23,67.250000,68.220001,67.120003,67.870003,65.177155,443056
2014-07-24,67.830002,68.410004,67.430000,67.949997,65.253975,387694
2014-07-25,67.949997,68.970001,67.599998,67.820000,65.129143,777068
2014-07-28,68.000000,68.769997,67.910004,68.459999,65.743736,554221
2014-07-29,68.400002,68.860001,68.139999,68.360001,65.647705,372174
2014-07-30,68.540001,68.970001,68.239998,68.400002,65.686134,409184
2014-07-31,68.529999,68.529999,67.080002,67.540001,64.860252,545782
2014-08-01,67.300003,68.250000,66.779999,66.889999,64.236031,544585
2014-08-04,66.870003,67.169998,66.150002,66.379997,63.746269,472495
2014-08-05,66.360001,67.190002,66.290001,66.980003,64.322472,396171
2014-08-06,66.800003,67.269997,66.290001,67.180000,64.514534,494622
2014-08-07,65.000000,66.599998,63.680000,65.970001,63.352535,2226004
2014-08-08,65.510002,65.800003,64.410004,64.500000,61.940865,933410
2014-08-11,65.000000,66.300003,64.669998,66.010002,63.390953,648679
2014-08-12,65.820000,65.889999,64.940002,65.419998,62.824364,741497
2014-08-13,65.769997,66.239998,65.150002,66.019997,63.400551,517886
2014-08-14,65.730003,66.760002,65.440002,66.570000,63.928741,363047
2014-08-15,66.589996,67.019997,65.470001,65.510002,62.910793,559251
2014-08-18,66.070000,66.790001,66.070000,66.559998,63.919132,389465
2014-08-19,66.940002,67.120003,66.739998,67.099998,64.437698,279826
2014-08-20,66.919998,67.190002,66.320000,66.650002,64.005562,263852
2014-08-21,66.849998,67.360001,66.680000,66.769997,64.120796,333464
2014-08-22,66.610001,66.690002,66.070000,66.389999,63.755871,362730
2014-08-25,66.989998,67.339996,66.879997,67.169998,64.504921,222179
2014-08-26,67.169998,67.839996,66.830002,67.610001,64.927475,281407
2014-08-27,67.440002,67.809998,67.330002,67.629997,64.946686,260149
2014-08-28,67.570000,67.629997,66.940002,67.300003,64.629776,314571
2014-08-29,67.669998,67.940002,66.589996,66.989998,64.332077,379330
2014-09-01,66.970001,67.400002,66.879997,67.050003,64.389694,198164
2014-09-02,67.220001,68.099998,67.080002,67.209999,64.543343,361248
2014-09-03,68.540001,69.540001,68.070000,68.570000,65.849380,565795
2014-09-04,68.459999,69.660004,67.959999,69.599998,66.838501,615448
2014-09-05,69.599998,70.019997,68.720001,69.019997,66.281525,502734
2014-09-08,69.000000,69.040001,68.430000,68.809998,66.079849,214049
2014-09-09,68.250000,68.320000,67.239998,67.500000,64.821838,750966
2014-09-10,67.099998,67.430000,66.680000,66.919998,64.264847,509771
2014-09-11,67.169998,67.339996,66.279999,66.639999,63.995956,373039
2014-09-12,67.040001,67.080002,66.410004,66.669998,64.024765,291610
2014-09-15,66.339996,67.000000,66.300003,66.680000,64.034370,262045
2014-09-16,66.519997,67.010002,66.500000,66.900002,64.245636,378396
2014-09-17,67.120003,67.279999,66.570000,66.650002,64.005562,360879
2014-09-18,66.620003,66.739998,65.099998,66.019997,63.400551,794811
2014-09-19,66.389999,67.320000,66.279999,66.690002,64.043976,981780
2014-09-22,66.449997,66.739998,66.029999,66.269997,63.640629,356925
2014-09-23,66.239998,66.459999,65.690002,65.860001,63.246899,342399
2014-09-24,65.790001,66.709999,65.459999,66.690002,64.043976,432040
2014-09-25,66.779999,67.559998,66.230003,66.419998,63.784679,678305
2014-09-26,66.410004,66.570000,65.860001,66.419998,63.784679,346433
2014-09-29,66.410004,66.480003,65.400002,66.230003,63.602222,404782
2014-09-30,66.419998,66.419998,65.790001,66.139999,63.515797,354567
2014-10-01,65.989998,66.110001,65.199997,65.589996,62.987614,438284
2014-10-02,65.449997,65.669998,64.959999,64.959999,62.382610,539940
2014-10-06,65.750000,66.370003,65.000000,65.099998,62.517056,408529
2014-10-07,64.940002,65.050003,64.500000,64.540001,61.979275,445608
2014-10-08,64.500000,64.830002,64.099998,64.699997,62.132923,584606
2014-10-09,65.290001,65.669998,64.500000,64.610001,62.046494,495600
2014-10-10,64.070000,64.500000,63.150002,64.089996,61.547123,947064
2014-10-13,63.610001,63.799999,63.099998,63.220001,60.711651,566079
2014-10-14,62.990002,62.990002,61.919998,62.330002,59.856964,1199544
2014-10-15,62.330002,62.900002,61.880001,61.930000,59.472832,920117
2014-10-16,62.279999,62.360001,60.779999,61.590000,59.146324,1104321
2014-10-17,61.869999,62.619999,61.570000,62.520000,60.039425,794927
2014-10-20,62.700001,63.060001,61.990002,62.250000,59.780136,425864
2014-10-21,61.900002,62.820000,61.669998,62.740002,60.250698,525818
2014-10-22,62.680000,63.509998,62.570000,63.410000,60.894112,480057
2014-10-23,63.000000,63.660000,61.959999,63.520000,60.999744,501519
2014-10-24,63.270000,63.349998,62.570000,62.720001,60.231491,451168
2014-10-27,63.240002,63.340000,62.320000,62.689999,60.202671,405648
2014-10-28,63.099998,63.470001,62.990002,63.380001,60.865299,315806
2014-10-29,63.880001,64.180000,63.720001,63.910000,61.374271,480823
2014-10-30,64.070000,64.070000,63.020000,63.990002,61.451103,431730
2014-10-31,64.919998,64.989998,64.279999,64.559998,61.998482,528417
2014-11-03,64.339996,64.750000,63.820000,63.820000,61.287846,461693
2014-11-04,62.099998,64.080002,62.009998,63.099998,60.596409,1063461
2014-11-05,63.610001,64.440002,63.139999,64.160004,61.614353,635914
2014-11-06,66.250000,68.620003,66.070000,68.230003,65.522865,2358384
2014-11-07,67.900002,68.269997,66.820000,67.169998,64.504921,768299
2014-11-10,67.029999,67.709999,67.029999,67.540001,64.860252,391010
2014-11-11,67.540001,67.790001,67.099998,67.500000,64.821838,661874
2014-11-12,67.480003,67.860001,67.330002,67.379997,64.706589,543396
2014-11-13,67.690002,68.190002,67.589996,67.849998,65.157944,490544
2014-11-14,68.000000,68.129997,67.540001,67.769997,65.081116,404903
2014-11-17,67.480003,68.180000,67.410004,67.930000,65.234772,563225
2014-11-18,67.910004,68.860001,67.910004,68.750000,66.022240,542267
2014-11-19,68.769997,68.809998,68.099998,68.739998,66.012634,463747
2014-11-20,68.730003,69.589996,68.650002,69.510002,66.752098,544089
2014-11-21,69.489998,70.629997,69.480003,70.589996,67.789230,745025
2014-11-24,70.300003,70.559998,69.769997,70.459999,67.664391,404483
2014-11-25,70.339996,70.889999,70.190002,70.330002,67.539558,422618
2014-11-26,70.349998,70.779999,70.099998,70.480003,67.683601,283833
2014-11-27,70.650002,71.290001,70.519997,71.199997,68.375023,285694
2014-11-28,71.309998,71.580002,70.720001,71.580002,68.739960,440349
2014-12-01,71.449997,71.910004,71.370003,71.559998,68.720741,276774
2014-12-02,71.879997,71.879997,71.160004,71.500000,68.663124,344284
2014-12-03,70.389999,71.440002,69.720001,71.199997,68.375023,661813
2014-12-04,71.040001,71.449997,70.139999,70.239998,67.453110,653689
2014-12-05,70.800003,71.400002,70.470001,71.400002,68.567093,328121
2014-12-08,71.370003,71.589996,70.970001,71.260002,68.432655,330777
2014-12-09,70.959999,71.440002,70.040001,70.150002,67.366699,493294
2014-12-10,70.519997,71.169998,70.050003,70.059998,67.280266,424072
2014-12-11,69.739998,70.220001,68.989998,68.989998,66.252708,640203
2014-12-12,68.540001,68.639999,67.570000,67.570000,64.889053,581708
2014-12-15,67.660004,68.040001,65.970001,66.010002,63.390953,455523
2014-12-16,66.010002,66.550003,65.300003,66.449997,63.813492,588467
2014-12-17,66.070000,66.959999,65.500000,66.580002,63.938335,486916
2014-12-18,67.400002,67.400002,65.489998,67.250000,64.581749,492422
2014-12-19,67.410004,68.269997,67.239998,67.989998,65.292389,701769
2014-12-22,68.110001,68.430000,67.860001,67.919998,65.225174,291685
2014-12-23,68.110001,68.209999,67.500000,67.820000,65.129143,210811
2014-12-29,67.540001,68.279999,67.489998,68.250000,65.542084,206328
2014-12-30,68.089996,68.129997,67.419998,67.419998,64.745010,137142
2015-01-02,67.550003,67.639999,66.510002,67.089996,64.428093,283806
2015-01-05,66.720001,67.550003,65.910004,66.010002,63.390953,432741
2015-01-06,66.059998,67.050003,65.690002,66.230003,63.602222,497765
2015-01-07,66.599998,67.339996,66.029999,66.839996,64.188019,368094
2015-01-08,67.489998,68.989998,67.199997,68.930000,66.195099,417881
2015-01-09,68.889999,69.309998,67.800003,68.139999,65.436440,527892
2015-01-12,68.250000,69.919998,68.129997,69.879997,67.107399,533956
2015-01-13,69.839996,70.489998,69.699997,70.050003,67.270660,520322
2015-01-14,69.440002,70.389999,69.070000,70.029999,67.251442,544178
2015-01-15,72.500000,74.669998,72.150002,73.949997,71.015907,1522937
2015-01-16,73.949997,75.290001,73.699997,75.070000,72.091484,881133
2015-01-19,75.070000,75.660004,74.860001,75.290001,72.302765,427570
2015-01-20,75.739998,75.750000,74.470001,75.129997,72.149101,420351
2015-01-21,75.199997,75.900002,75.000000,75.589996,72.590836,485491
2015-01-22,75.660004,76.540001,75.050003,76.510002,73.474350,744434
2015-01-23,76.599998,78.379997,76.470001,78.330002,75.222137,865115
2015-01-26,78.330002,79.160004,77.879997,78.690002,75.567848,605003
2015-01-27,78.690002,79.220001,77.470001,77.720001,74.636337,529723
2015-01-28,78.080002,78.349998,76.959999,77.709999,74.626732,529296
2015-01-29,77.300003,78.459999,77.300003,78.459999,75.346977,505371
2015-01-30,79.110001,79.180000,77.459999,77.800003,74.713165,579260
2015-02-02,77.669998,78.720001,77.559998,78.279999,75.174126,479249
2015-02-03,78.669998,78.889999,76.989998,76.989998,73.935303,577285
2015-02-04,77.000000,77.500000,76.220001,77.500000,74.425072,451731
2015-02-05,77.169998,78.099998,77.169998,77.550003,74.473083,419048
2015-02-06,77.430000,77.500000,76.940002,77.260002,74.194595,223036
2015-02-09,76.940002,77.129997,76.099998,76.330002,73.301483,422271
2015-02-10,76.330002,77.029999,75.699997,76.559998,73.522369,315397
2015-02-11,76.879997,77.120003,76.430000,76.480003,73.445549,226379
2015-02-12,76.720001,77.459999,76.269997,77.080002,74.021729,382801
2015-02-13,77.250000,79.220001,73.940002,75.250000,72.264336,1296468
2015-02-16,75.320000,75.949997,74.470001,74.529999,71.572906,548623
2015-02-17,74.529999,74.980003,74.059998,74.410004,71.457672,470696
2015-02-18,74.300003,74.699997,73.970001,74.589996,71.630524,392621
2015-02-19,74.430000,74.760002,73.849998,74.680000,71.716965,576933
2015-02-20,74.449997,74.559998,73.589996,74.410004,71.457672,804071
2015-02-23,74.849998,75.339996,74.220001,75.339996,72.350769,490457
2015-02-24,75.300003,76.080002,75.209999,75.919998,72.907761,363557
2015-02-25,75.900002,76.029999,75.269997,75.430000,72.437195,296041
2015-02-26,75.550003,76.879997,75.389999,76.879997,73.829666,408436
2015-02-27,76.760002,77.879997,76.620003,77.629997,74.549904,636549
2015-03-02,77.959999,78.000000,77.279999,77.589996,74.511490,390791
2015-03-03,77.610001,78.410004,77.419998,77.459999,74.386658,422821
2015-03-04,77.800003,78.559998,77.180000,78.559998,75.443001,478850
2015-03-05,78.680000,79.059998,78.330002,78.570000,75.452606,414232
2015-03-06,78.470001,79.559998,78.470001,79.120003,75.980789,422907
2015-03-09,79.000000,79.529999,78.269997,78.839996,75.711891,320551
2015-03-10,78.669998,79.300003,78.010002,78.629997,75.510231,346261
2015-03-11,79.059998,80.239998,78.730003,79.989998,76.816277,421782
2015-03-12,80.019997,80.519997,79.629997,79.919998,76.749054,453673
2015-03-13,80.309998,80.760002,79.699997,80.639999,77.440483,305285
2015-03-16,80.980003,83.239998,80.980003,82.669998,79.389938,608140
2015-03-17,82.919998,83.199997,81.400002,81.930000,78.679306,508679
2015-03-18,82.139999,82.820000,81.389999,81.949997,78.698502,509625
2015-03-19,81.989998,83.250000,81.309998,81.900002,78.650490,504618
2015-03-20,82.029999,82.669998,81.559998,82.419998,79.149864,738309
2015-03-23,82.080002,82.089996,81.160004,81.809998,78.564064,374852
2015-03-24,81.750000,83.099998,81.459999,82.010002,78.756126,364336
2015-03-25,81.510002,81.779999,80.669998,80.730003,77.526909,391650
2015-03-26,80.050003,80.379997,79.190002,80.339996,77.152382,415673
2015-03-27,81.000000,81.500000,80.430000,81.139999,77.920647,345200
2015-03-30,81.650002,82.339996,81.360001,82.120003,78.861763,353808
2015-03-31,81.809998,82.370003,80.690002,80.900002,77.690170,645238
2015-04-01,80.110001,81.019997,79.599998,80.779999,78.252014,610432
2015-04-02,80.860001,81.699997,80.839996,81.370003,78.823547,345204
2015-04-07,82.000000,82.800003,81.529999,82.620003,80.034439,331707
2015-04-08,82.629997,82.760002,81.400002,81.570000,79.017303,436386
2015-04-09,81.620003,82.570000,81.620003,82.160004,79.588837,286018
2015-04-10,81.699997,83.519997,81.500000,83.349998,80.741592,561163
2015-04-13,83.239998,83.400002,82.629997,82.839996,80.247551,335102
2015-04-14,82.760002,83.150002,82.070000,82.290001,79.714760,302853
2015-04-15,82.550003,83.160004,82.440002,82.610001,80.024750,292440
2015-04-16,82.709999,82.730003,81.769997,82.029999,79.462906,272953
2015-04-17,82.120003,82.589996,80.790001,80.820000,78.290764,491272
2015-04-20,80.820000,81.519997,80.800003,81.370003,78.823547,224638
2015-04-21,81.839996,83.019997,81.480003,81.709999,79.152916,369229
2015-04-22,81.800003,81.870003,80.139999,80.239998,77.728912,419295
2015-04-23,80.129997,80.750000,78.830002,79.470001,76.983017,438995
2015-04-24,79.629997,80.470001,79.459999,80.250000,77.738609,362117
2015-04-27,80.870003,81.720001,79.629997,81.720001,79.162605,343459
2015-04-28,81.680000,81.690002,79.849998,80.230003,77.719238,490540
2015-04-29,80.410004,80.669998,77.699997,77.699997,75.268410,546117
2015-04-30,77.489998,78.730003,76.750000,77.959999,75.520271,546212
2015-05-04,78.370003,79.150002,77.779999,78.750000,76.285553,506786
2015-05-05,78.489998,79.800003,76.639999,76.669998,74.270638,615722
2015-05-06,76.860001,77.849998,76.400002,76.809998,74.406258,401159
2015-05-07,76.059998,80.660004,75.500000,79.260002,76.779587,1191934
2015-05-08,79.900002,81.849998,79.650002,81.660004,79.104477,705964
2015-05-11,81.089996,81.889999,80.480003,80.769997,78.242332,476609
2015-05-12,80.110001,80.389999,79.110001,79.959999,77.457672,478829
2015-05-13,80.379997,80.919998,79.019997,79.300003,76.818336,351321
2015-05-14,79.000000,81.339996,78.650002,81.260002,78.717010,330147
2015-05-15,81.500000,81.860001,80.150002,80.610001,78.087341,387546
2015-05-18,80.589996,81.820000,79.989998,81.820000,79.259468,343518
2015-05-19,82.099998,83.820000,82.099998,83.699997,81.080635,342920
2015-05-20,83.669998,83.870003,82.860001,82.900002,80.305672,410788
2015-05-21,82.709999,83.129997,82.449997,83.080002,80.480042,291808
2015-05-22,83.529999,84.029999,82.889999,83.110001,80.509094,359890
2015-05-26,83.000000,83.629997,81.699997,81.769997,79.211037,516208
2015-05-27,82.070000,84.269997,82.059998,83.900002,81.274391,598079
2015-05-28,83.769997,84.279999,83.339996,83.680000,81.061264,375948
2015-05-29,84.010002,84.010002,82.339996,82.419998,79.840691,491888
2015-06-01,82.889999,83.360001,82.040001,82.650002,80.063499,253151
2015-06-02,82.940002,82.940002,81.000000,81.029999,78.494194,343679
2015-06-03,81.029999,82.120003,80.279999,81.550003,78.997932,355215
2015-06-04,81.449997,82.029999,79.610001,81.099998,78.562004,318392
2015-06-05,80.400002,80.800003,79.230003,79.230003,76.750526,414085
2015-06-08,79.040001,79.300003,78.400002,78.839996,76.372726,242606
2015-06-09,78.699997,78.839996,77.360001,77.849998,75.413712,374098
2015-06-10,77.669998,78.760002,77.419998,78.610001,76.149933,611514
2015-06-11,78.169998,80.260002,78.169998,79.480003,76.992706,374012
2015-06-12,79.430000,79.470001,77.470001,78.089996,75.646202,345217
2015-06-15,77.070000,77.879997,77.070000,77.400002,74.977791,297539
2015-06-16,76.989998,78.339996,76.320000,78.139999,75.694633,466358
2015-06-17,78.620003,78.879997,76.839996,77.220001,74.803429,324382
2015-06-18,77.099998,78.290001,76.279999,78.129997,75.684952,390926
2015-06-19,78.489998,78.900002,76.779999,77.120003,74.706558,663669
2015-06-22,78.629997,79.000000,77.860001,78.919998,76.450233,470826
2015-06-23,79.379997,79.879997,78.980003,79.419998,76.934578,349463
2015-06-24,79.550003,79.610001,78.610001,79.040001,76.566467,259145
2015-06-25,78.239998,79.589996,77.980003,78.629997,76.169304,296331
2015-06-26,78.099998,79.389999,78.029999,78.910004,76.440544,206828
2015-06-29,76.339996,77.959999,75.690002,76.309998,73.921906,549744
2015-06-30,76.000000,76.129997,74.570000,75.139999,72.788521,935453
2015-07-01,75.839996,77.260002,75.150002,76.379997,73.989716,560757
2015-07-02,76.260002,76.620003,75.540001,75.750000,73.379425,259408
2015-07-03,75.620003,75.820000,74.790001,75.099998,72.749771,288101
2015-07-06,73.849998,75.080002,73.199997,74.550003,72.216988,348758
2015-07-07,74.879997,74.940002,73.750000,73.870003,71.558266,419478
2015-07-08,74.309998,74.779999,73.959999,74.320000,71.994179,492598
2015-07-09,74.660004,75.339996,74.370003,75.080002,72.730400,611093
2015-07-10,76.680000,77.489998,76.040001,77.360001,74.939049,450407
2015-07-13,78.230003,78.400002,77.459999,78.089996,75.646202,310554
2015-07-14,78.160004,78.870003,78.019997,78.639999,76.178986,309542
2015-07-15,78.790001,79.040001,78.379997,78.949997,76.479294,290210
2015-07-16,79.120003,80.209999,79.040001,79.500000,77.012070,374559
2015-07-17,79.500000,80.019997,79.250000,79.440002,76.953949,263842
2015-07-20,79.800003,80.230003,79.339996,80.099998,77.593292,271723
2015-07-21,80.320000,80.370003,78.860001,79.080002,76.605217,278597
2015-07-22,78.879997,79.379997,78.550003,78.680000,76.217735,258884
2015-07-23,79.290001,79.419998,78.059998,78.699997,76.237106,226412
2015-07-24,78.519997,79.349998,78.250000,78.330002,75.878693,287368
2015-07-27,77.870003,78.139999,76.680000,76.680000,74.280327,323308
2015-07-28,76.860001,77.669998,76.449997,77.160004,74.745300,307319
2015-07-29,77.339996,78.000000,77.019997,77.449997,75.026222,331706
2015-07-30,77.699997,78.089996,77.070000,77.620003,75.190910,219135
2015-07-31,77.720001,77.980003,77.089996,77.820000,75.384651,371395
2015-08-03,77.879997,79.820000,77.699997,79.809998,77.312378,317660
2015-08-04,79.940002,80.150002,79.300003,79.980003,77.477058,424489
2015-08-05,81.430000,83.349998,81.050003,82.900002,80.305672,834740
2015-08-06,82.900002,83.330002,82.720001,83.029999,80.431602,306638
2015-08-07,82.820000,83.000000,81.970001,81.970001,79.404785,360588
2015-08-10,82.169998,82.489998,81.370003,82.370003,79.792267,320988
2015-08-11,82.320000,82.320000,79.879997,80.550003,78.029221,500187
2015-08-12,79.339996,79.430000,76.650002,76.820000,74.415947,626433
2015-08-13,77.489998,78.610001,77.269997,77.650002,75.219978,390714
2015-08-14,77.800003,78.589996,77.410004,77.980003,75.539650,314352
2015-08-17,78.349998,78.790001,76.730003,77.839996,75.404022,363717
2015-08-18,77.620003,77.769997,76.820000,76.970001,74.561249,365594
2015-08-19,76.320000,76.610001,75.519997,75.599998,73.234131,382494
2015-08-20,74.989998,75.199997,73.800003,74.199997,71.877945,502591
2015-08-21,72.989998,74.349998,72.260002,72.260002,69.998642,639226
2015-08-24,70.989998,71.959999,67.919998,69.250000,67.082848,1115707
2015-08-25,70.400002,72.320000,69.750000,71.930000,69.678978,844766
2015-08-26,71.599998,72.150002,70.169998,71.209999,68.981506,666295
2015-08-27,72.900002,73.980003,71.540001,73.739998,71.432335,730182
2015-08-28,73.760002,73.900002,72.680000,73.889999,71.577644,583308
2015-08-31,73.379997,73.849998,72.629997,73.779999,71.471077,406107
2015-09-01,72.690002,72.980003,71.570000,72.889999,70.608925,485496
2015-09-02,73.269997,73.849998,72.599998,73.349998,71.054535,317017
2015-09-03,74.300003,74.860001,73.959999,74.379997,72.052307,382685
2015-09-04,73.440002,73.580002,72.260002,72.500000,70.231140,430240
2015-09-07,72.949997,73.360001,72.220001,72.839996,70.560501,215560
2015-09-08,73.400002,74.139999,73.150002,73.349998,71.054535,251217
2015-09-09,74.570000,74.760002,73.470001,73.699997,71.393585,482322
2015-09-10,73.040001,73.379997,72.260002,72.739998,70.463623,383173
2015-09-11,72.919998,72.989998,72.029999,72.480003,70.211777,311837
2015-09-14,72.349998,73.199997,72.169998,72.400002,70.134270,261954
2015-09-15,72.379997,73.080002,71.949997,72.970001,70.686440,335042
2015-09-16,73.480003,74.650002,73.480003,74.379997,72.052307,443477
2015-09-17,74.570000,74.650002,73.800003,74.089996,71.771378,347929
2015-09-18,73.820000,73.820000,72.410004,72.980003,70.696121,856058
2015-09-21,72.680000,75.089996,72.680000,74.680000,72.342918,418709
2015-09-22,74.970001,75.650002,73.410004,73.709999,71.403267,694781
2015-09-23,73.820000,75.209999,73.599998,74.680000,72.342918,600399
2015-09-24,74.510002,75.040001,73.739998,74.150002,71.829498,568600
2015-09-25,75.120003,76.889999,74.970001,76.650002,74.251266,484648
2015-09-28,76.489998,78.360001,76.239998,77.160004,74.745300,600258
2015-09-29,76.089996,76.709999,75.370003,76.430000,74.038155,526399
2015-09-30,77.900002,79.620003,77.489998,79.169998,76.692398,625641
2015-10-01,79.830002,79.970001,77.610001,77.650002,75.219978,534849
2015-10-02,77.900002,78.769997,77.150002,78.589996,76.130562,458840
2015-10-05,79.750000,80.959999,79.559998,80.540001,78.019531,501683
2015-10-06,80.540001,81.660004,80.470001,81.449997,78.901047,357164
2015-10-07,81.750000,81.750000,80.430000,80.480003,77.961411,392176
2015-10-08,80.199997,81.660004,80.199997,81.610001,79.056046,322123
2015-10-09,82.099998,82.349998,81.199997,82.180000,79.608215,373082
2015-10-12,83.099998,83.129997,80.660004,81.589996,79.036674,643018
2015-10-13,81.730003,81.919998,80.400002,81.040001,78.503883,536413
2015-10-14,80.709999,81.419998,80.330002,80.750000,78.222954,449949
2015-10-15,81.660004,82.669998,81.440002,82.300003,79.724457,328996
2015-10-16,82.500000,82.500000,81.050003,82.010002,79.443527,402667
2015-10-19,81.739998,83.260002,81.739998,83.070000,80.470352,310600
2015-10-20,82.910004,83.209999,81.529999,81.690002,79.133537,414869
2015-10-21,81.760002,82.800003,81.690002,82.610001,80.024750,311666
2015-10-22,82.349998,84.349998,82.349998,84.230003,81.594063,353536
2015-10-23,85.000000,86.349998,84.690002,85.860001,83.173042,410571
2015-10-26,85.870003,86.360001,85.260002,85.400002,82.727440,288673
2015-10-27,85.470001,85.809998,85.000000,85.000000,82.339958,329863
2015-10-28,85.389999,86.169998,85.389999,85.889999,83.202103,216379
2015-10-29,86.199997,86.879997,85.580002,86.879997,84.161125,343677
2015-10-30,86.589996,87.050003,86.050003,86.430000,83.725204,596281
2015-11-02,85.910004,87.260002,85.830002,86.129997,83.434593,400502
2015-11-03,86.129997,86.410004,84.750000,85.129997,82.465881,515924
2015-11-04,86.500000,88.000000,85.290001,87.599998,84.858582,688392
2015-11-05,88.000000,88.949997,87.849998,88.449997,85.681992,572818
2015-11-06,88.449997,89.070000,87.510002,87.790001,85.042641,410002
2015-11-09,87.129997,87.370003,86.370003,86.559998,83.851128,305151
2015-11-10,86.699997,86.989998,85.199997,86.400002,83.696144,352933
2015-11-11,86.709999,87.599998,86.300003,87.260002,84.529236,390168
2015-11-12,87.269997,87.849998,86.169998,86.449997,83.744576,228159
2015-11-13,86.559998,86.559998,84.949997,85.760002,83.076172,260810
2015-11-16,84.989998,86.379997,84.849998,86.339996,83.638016,227058
2015-11-17,86.910004,89.000000,86.680000,89.000000,86.214783,377606
2015-11-18,88.790001,88.919998,87.790001,88.779999,86.001663,287728
2015-11-19,89.099998,89.410004,88.440002,88.820000,86.040405,281070
2015-11-20,89.169998,89.309998,88.669998,88.750000,85.972603,468481
2015-11-23,88.800003,89.360001,88.489998,89.059998,86.272896,209704
2015-11-24,88.730003,88.730003,86.449997,87.010002,84.287056,270202
2015-11-25,87.230003,89.209999,87.029999,89.129997,86.340706,234086
2015-11-26,89.410004,89.540001,88.669998,88.699997,85.924156,295862
2015-11-27,88.040001,89.150002,87.849998,88.809998,86.030724,235771
2015-11-30,88.669998,89.080002,87.790001,88.139999,85.381699,420673
2015-12-01,88.349998,88.449997,87.610001,88.050003,85.294510,265707
2015-12-02,88.050003,89.080002,88.050003,88.529999,85.759483,217887
2015-12-03,88.190002,89.500000,84.730003,84.730003,82.078415,531200
2015-12-04,84.599998,84.639999,83.440002,83.720001,81.100014,506038
2015-12-07,84.430000,86.279999,83.970001,85.949997,83.260231,351455
2015-12-08,86.379997,86.660004,84.199997,84.629997,81.981529,244057
2015-12-09,84.879997,85.169998,83.139999,83.139999,80.538170,304727
2015-12-10,82.970001,83.559998,82.010002,83.169998,80.567230,236628
2015-12-11,83.169998,83.180000,81.639999,82.099998,79.530708,369853
2015-12-14,81.900002,82.820000,81.050003,81.349998,78.804176,329884
2015-12-15,81.830002,84.629997,81.599998,84.559998,81.913727,377854
2015-12-16,84.459999,84.889999,83.629997,83.860001,81.235634,250030
2015-12-17,85.199997,85.620003,84.339996,84.830002,82.175270,401812
2015-12-18,84.440002,84.599998,82.169998,82.680000,80.092560,645963
2015-12-21,82.629997,83.849998,81.559998,81.559998,79.007614,283018
2015-12-22,81.970001,82.570000,80.970001,82.099998,79.530708,279252
2015-12-23,82.620003,83.389999,82.180000,83.370003,80.760971,195398
2015-12-25,83.370003,83.370003,83.370003,83.370003,80.760971,0
2015-12-28,83.370003,83.379997,82.519997,83.040001,80.441299,94665
2015-12-29,83.519997,84.900002,83.339996,84.900002,82.243088,239612
2015-12-30,85.010002,85.339996,84.160004,84.160004,81.526237,128032
2016-01-04,82.440002,82.440002,80.500000,81.120003,78.581383,505026
2016-01-05,81.970001,82.360001,81.250000,82.000000,79.433838,338045
2016-01-06,81.519997,81.550003,80.139999,81.470001,78.920433,313177
2016-01-07,79.639999,80.000000,78.139999,79.480003,76.992706,500349
2016-01-08,79.059998,80.449997,78.540001,79.279999,76.798965,347951
2016-01-11,79.220001,80.180000,78.449997,78.580002,76.120872,301700
2016-01-12,78.760002,81.129997,78.580002,80.949997,78.416695,418973
2016-01-13,81.709999,82.099998,80.709999,81.459999,78.910736,469450
2016-01-14,81.000000,81.970001,79.430000,79.559998,77.070198,563044
2016-01-15,79.129997,79.919998,77.779999,78.459999,76.004623,457611
2016-01-18,78.349998,79.150002,77.849998,79.010002,76.537415,306824
2016-01-19,80.360001,80.839996,79.820000,80.839996,78.310135,345327
2016-01-20,78.500000,79.610001,78.059998,78.570000,76.111183,373350
2016-01-21,78.309998,79.879997,78.239998,79.389999,76.905525,376189
2016-01-22,80.430000,81.589996,80.050003,81.419998,78.871994,309572
2016-01-25,81.269997,82.050003,81.129997,82.050003,79.482277,212702
2016-01-26,81.180000,82.769997,80.919998,82.620003,80.034439,215194
2016-01-27,82.830002,83.610001,82.129997,83.610001,80.993462,287833
2016-01-28,83.150002,83.510002,81.750000,82.269997,79.695389,319634
2016-01-29,83.550003,85.080002,83.089996,85.080002,82.417450,375358
2016-02-01,85.459999,85.470001,84.440002,85.000000,82.339958,410343
2016-02-02,85.120003,85.629997,84.570000,85.559998,82.882431,337463
2016-02-03,85.559998,85.879997,84.480003,84.910004,82.252785,358502
2016-02-04,85.699997,85.699997,82.690002,82.910004,80.315361,404179
2016-02-05,82.769997,83.269997,80.790001,81.080002,78.542641,453390
2016-02-08,81.230003,81.459999,78.760002,78.959999,76.488976,402663
2016-02-09,79.230003,80.150002,78.349998,79.190002,76.711777,437180
2016-02-10,79.470001,80.599998,78.860001,79.239998,76.760208,359707
2016-02-11,78.480003,78.620003,77.269997,77.269997,74.851860,350283
2016-02-12,77.650002,78.430000,76.650002,78.389999,75.936806,417556
2016-02-15,79.610001,81.570000,79.190002,81.139999,78.600754,360289
2016-02-16,81.230003,82.809998,80.830002,81.510002,78.959175,478602
2016-02-17,79.879997,81.309998,76.680000,79.129997,76.653656,1040526
2016-02-18,79.000000,79.019997,77.550003,78.110001,75.665581,761400
2016-02-19,78.180000,80.000000,78.150002,79.400002,76.915207,619241
2016-02-22,79.860001,80.660004,79.760002,80.099998,77.593292,295251
2016-02-23,79.900002,81.199997,79.370003,80.570000,78.048584,367007
2016-02-24,80.610001,81.000000,78.559998,78.919998,76.450233,358150
2016-02-25,79.459999,80.820000,79.059998,80.529999,78.009842,402362
2016-02-26,81.330002,82.099998,80.290001,80.430000,77.912971,255958
2016-02-29,79.949997,80.199997,78.750000,79.949997,77.447983,339592
2016-03-01,80.180000,82.080002,79.989998,81.910004,79.346664,340039
2016-03-02,82.000000,82.000000,79.599998,80.410004,77.893600,369317
2016-03-03,80.889999,81.400002,79.230003,79.529999,77.041138,266581
2016-03-04,79.809998,81.260002,79.440002,80.449997,77.932343,217951
2016-03-07,80.029999,80.250000,79.129997,79.480003,76.992706,159212
2016-03-08,79.160004,79.930000,78.300003,79.830002,77.331757,245429
2016-03-09,80.080002,81.220001,79.550003,80.400002,77.883919,240616
2016-03-10,80.089996,81.690002,78.430000,78.750000,76.285553,653695
2016-03-11,79.430000,80.949997,78.830002,80.589996,78.067955,323930
2016-03-14,81.059998,81.510002,80.699997,81.099998,78.562004,246013
2016-03-15,80.980003,81.320000,80.599998,80.790001,78.261711,241560
2016-03-16,80.949997,81.320000,80.099998,80.199997,77.690170,212630
2016-03-17,80.639999,80.639999,79.019997,80.000000,77.496437,294486
2016-03-18,80.419998,81.459999,79.779999,81.300003,78.755753,611643
2016-03-21,80.760002,81.779999,80.419998,81.169998,78.629814,202101
2016-03-22,80.279999,81.360001,79.339996,81.089996,78.552322,268605
2016-03-23,81.709999,82.680000,81.099998,81.480003,78.930115,424270
2016-03-24,80.379997,80.379997,79.260002,79.519997,77.031448,597276
2016-03-29,79.930000,80.370003,79.430000,80.040001,77.535179,256819
2016-03-30,80.559998,81.269997,80.089996,80.550003,78.029221,307536
2016-03-31,80.449997,80.449997,79.120003,79.339996,76.857079,365176
2016-04-01,77.879997,78.220001,76.620003,78.110001,76.339111,382497
2016-04-04,78.150002,79.080002,77.930000,78.220001,76.446602,332113
2016-04-05,76.470001,77.660004,75.989998,77.120003,75.371552,445503
2016-04-06,77.000000,77.260002,75.599998,77.220001,75.469276,499342
2016-04-07,77.080002,77.440002,76.169998,76.379997,74.648323,539426
2016-04-08,76.519997,77.150002,76.169998,76.879997,75.136986,364007
2016-04-11,76.949997,77.320000,75.849998,76.529999,74.794922,333617
2016-04-12,77.110001,77.400002,75.989998,77.239998,75.488823,279629
2016-04-13,78.050003,78.519997,77.510002,77.860001,76.094765,372042
2016-04-14,78.110001,79.269997,77.550003,78.809998,77.023224,324972
2016-04-15,78.900002,79.300003,78.269997,78.919998,77.130737,329886
2016-04-18,78.199997,79.510002,78.080002,79.330002,77.531441,183337
2016-04-19,80.050003,82.580002,79.790001,82.239998,80.375465,525288
2016-04-20,82.129997,82.550003,81.300003,81.949997,80.092041,253959
2016-04-21,82.050003,82.349998,79.940002,80.750000,78.919243,328039
2016-04-22,80.599998,80.940002,79.010002,79.330002,77.531441,267531
2016-04-25,79.430000,79.970001,78.980003,79.489998,77.687805,224684
2016-04-26,79.800003,80.500000,78.750000,79.129997,77.335968,275966
2016-04-27,79.370003,79.730003,78.449997,79.419998,77.619392,274472
2016-04-28,78.989998,79.940002,78.019997,79.809998,78.000549,322712
2016-04-29,79.190002,79.230003,78.139999,78.360001,76.583435,363828
2016-05-02,78.300003,79.260002,78.300003,78.730003,76.945053,187183
2016-05-03,78.059998,79.940002,77.620003,79.389999,77.590088,512298
2016-05-04,79.389999,81.730003,78.010002,78.010002,76.241371,663580
2016-05-05,78.199997,78.529999,77.400002,78.010002,76.241371,284323
2016-05-06,77.660004,78.650002,77.459999,78.230003,76.456383,237459
2016-05-09,79.010002,80.430000,78.629997,79.599998,77.795319,248407
2016-05-10,79.959999,81.150002,79.839996,80.220001,78.401268,306787
2016-05-11,80.089996,80.169998,79.099998,79.389999,77.590088,229374
2016-05-12,79.000000,80.330002,78.660004,78.980003,77.189377,180250
2016-05-13,78.540001,79.400002,78.160004,79.250000,77.453255,136508
2016-05-17,79.570000,79.940002,77.889999,78.199997,76.427055,282490
2016-05-18,77.720001,79.019997,77.599998,79.019997,77.228462,221718
2016-05-19,78.669998,79.089996,77.470001,78.029999,76.260918,195592
2016-05-20,78.480003,79.230003,78.480003,79.209999,77.414162,202520
2016-05-23,79.010002,79.309998,77.910004,78.510002,76.730034,199005
2016-05-24,78.000000,79.940002,77.849998,79.430000,77.629173,276872
2016-05-25,80.199997,80.199997,79.160004,79.410004,77.609627,334707
2016-05-26,79.230003,79.779999,79.089996,79.699997,77.893051,251076
2016-05-27,79.769997,80.529999,79.650002,80.500000,78.674919,329198
2016-05-30,80.489998,80.790001,80.070000,80.790001,78.958344,148465
2016-05-31,80.839996,81.959999,80.709999,81.680000,79.828156,530498
2016-06-01,81.889999,82.550003,81.570000,81.800003,79.945442,312284
2016-06-02,81.790001,82.050003,81.230003,81.480003,79.632698,287726
2016-06-03,81.620003,82.790001,81.459999,82.260002,80.395020,439875
2016-06-06,82.440002,83.440002,82.260002,83.269997,81.382111,280862
2016-06-07,83.470001,84.400002,83.400002,83.779999,81.880554,467826
2016-06-08,83.150002,83.349998,82.610001,83.019997,81.137779,235115
2016-06-09,82.400002,82.650002,81.870003,82.120003,80.258186,202092
2016-06-10,81.709999,82.050003,79.989998,79.989998,78.176483,315193
2016-06-13,79.199997,79.849998,78.849998,78.849998,77.062317,266114
2016-06-14,78.430000,78.660004,77.830002,78.019997,76.251137,270327
2016-06-15,78.290001,79.110001,78.010002,78.120003,76.348885,293659
2016-06-16,77.029999,78.400002,76.599998,78.110001,76.339111,275112
2016-06-17,78.480003,78.769997,77.010002,77.330002,75.576790,354531
2016-06-20,79.129997,80.139999,78.769997,79.730003,77.922371,232913
2016-06-21,79.339996,80.839996,79.250000,80.529999,78.704231,200728
2016-06-22,81.059998,81.300003,80.410004,80.639999,78.811745,265769
2016-06-23,80.839996,82.349998,80.389999,81.309998,79.466553,246358
2016-06-24,75.970001,81.199997,75.000000,80.110001,78.293755,673364
2016-06-27,79.620003,80.389999,78.860001,79.099998,77.306648,523580
2016-06-28,80.470001,81.139999,80.059998,80.570000,78.743324,383106
2016-06-29,81.180000,82.180000,80.639999,82.180000,80.316833,335976
2016-06-30,84.500000,84.970001,83.010002,84.889999,82.965385,598226
2016-07-01,85.290001,85.389999,84.250000,84.559998,82.642868,380638
2016-07-04,84.620003,85.489998,84.559998,84.629997,82.711273,226642
2016-07-05,84.379997,85.139999,84.099998,85.139999,83.209709,261973
2016-07-06,84.290001,85.610001,83.459999,84.019997,82.115105,319031
2016-07-07,84.349998,85.339996,84.300003,84.470001,82.554909,178044
2016-07-08,84.230003,84.580002,83.209999,84.489998,82.574455,257975
2016-07-11,85.269997,85.269997,84.269997,84.919998,82.994705,244599
2016-07-12,84.540001,84.879997,83.500000,83.910004,82.007607,431448
2016-07-13,83.860001,84.150002,83.269997,84.019997,82.115105,267304
2016-07-14,84.639999,84.739998,83.559998,83.720001,81.821907,165651
2016-07-15,83.660004,84.059998,83.099998,84.059998,82.154205,315488
2016-07-18,84.279999,84.510002,83.660004,84.010002,82.105339,186842
2016-07-19,83.900002,84.040001,82.930000,82.930000,81.049820,224918
2016-07-20,83.519997,84.239998,83.120003,83.660004,81.763275,220340
2016-07-21,83.940002,84.459999,83.330002,83.650002,81.753502,293937
2016-07-22,83.550003,84.239998,83.019997,84.239998,82.330116,162052
2016-07-25,84.239998,84.949997,84.029999,84.099998,82.193298,211622
2016-07-26,83.910004,84.790001,83.830002,84.349998,82.437622,199686
2016-07-27,84.860001,85.000000,83.610001,83.889999,81.988052,225059
2016-07-28,83.790001,84.510002,83.440002,84.059998,82.154205,238098
2016-07-29,84.129997,84.129997,82.809998,83.989998,82.085785,344428
2016-08-01,84.330002,84.699997,83.779999,84.199997,82.291016,256237
2016-08-02,83.970001,84.599998,83.820000,84.500000,82.584221,272841
2016-08-03,84.510002,85.000000,83.620003,85.000000,83.072899,433129
2016-08-04,83.480003,84.099998,81.129997,81.440002,79.593605,796582
2016-08-05,81.980003,82.900002,81.320000,82.709999,80.834808,498834
2016-08-08,82.550003,82.849998,82.190002,82.540001,80.668671,241476
2016-08-09,82.379997,84.419998,82.379997,84.419998,82.506042,301848
2016-08-10,83.940002,84.250000,83.449997,83.809998,81.909874,238821
2016-08-11,84.430000,84.800003,84.180000,84.599998,82.681961,401739
2016-08-12,84.550003,84.949997,84.389999,84.800003,82.877434,273062
2016-08-15,84.900002,85.809998,84.589996,84.800003,82.877434,190323
2016-08-16,84.580002,85.150002,84.199997,84.470001,82.554909,187794
2016-08-17,84.589996,84.589996,83.760002,83.800003,81.900101,184849
2016-08-18,84.150002,84.580002,83.959999,83.959999,82.056465,211145
2016-08-19,84.199997,84.419998,83.449997,84.010002,82.105339,267177
2016-08-22,83.779999,84.760002,82.849998,83.230003,81.343018,263890
2016-08-23,83.489998,84.389999,83.290001,83.419998,81.528709,189006
2016-08-24,83.339996,83.940002,83.010002,83.410004,81.518944,199962
2016-08-25,83.010002,83.699997,82.860001,83.480003,81.587357,145736
2016-08-26,83.320000,84.330002,83.150002,84.139999,82.232391,214168
2016-08-29,83.680000,83.910004,83.080002,83.809998,81.909874,95233
2016-08-30,83.930000,84.620003,83.650002,83.849998,81.948967,133150
2016-08-31,83.730003,83.839996,83.169998,83.410004,81.518944,226477
2016-09-01,81.769997,82.620003,80.470001,81.160004,79.319954,701885
2016-09-02,81.500000,83.589996,81.410004,83.410004,81.518944,529544
2016-09-05,83.550003,84.209999,83.410004,83.550003,81.655762,200129
2016-09-06,83.410004,83.660004,82.690002,83.129997,81.245293,279306
2016-09-07,83.830002,84.250000,83.440002,84.139999,82.232391,346736
2016-09-08,83.970001,84.470001,83.139999,83.519997,81.626442,348322
2016-09-09,82.489998,82.949997,81.809998,82.169998,80.307045,330453
2016-09-12,81.040001,82.379997,80.830002,81.980003,80.121361,255941
2016-09-13,81.900002,82.489998,81.570000,81.730003,79.877029,271519
2016-09-14,81.940002,82.790001,81.739998,82.410004,80.541618,394206
2016-09-15,82.440002,82.940002,81.949997,82.889999,81.010735,289086
2016-09-16,82.889999,83.059998,82.120003,82.610001,80.737076,383001
2016-09-19,83.180000,83.510002,82.889999,83.510002,81.616676,165678
2016-09-20,83.470001,84.199997,83.330002,83.459999,81.567810,216731
2016-09-21,84.089996,84.190002,83.070000,83.320000,81.430977,302361
2016-09-22,83.900002,84.400002,83.449997,84.250000,82.339897,388632
2016-09-23,84.040001,84.550003,83.989998,84.250000,82.339897,272010
2016-09-26,83.800003,84.129997,83.480003,83.599998,81.704628,336801
2016-09-27,83.699997,84.269997,83.540001,84.160004,82.251938,318029
2016-09-28,84.389999,84.639999,83.910004,84.169998,82.261711,211693
2016-09-29,84.739998,84.830002,83.269997,83.550003,81.655762,308186
2016-09-30,82.500000,84.120003,82.050003,83.949997,82.046692,467426
2016-10-04,84.120003,85.040001,83.980003,84.830002,82.906738,354009
2016-10-05,84.320000,84.320000,82.540001,82.540001,80.668671,310168
2016-10-06,83.000000,83.000000,81.940002,82.000000,80.140900,297917
2016-10-07,82.279999,82.320000,80.730003,80.769997,78.938789,421800
2016-10-10,81.000000,81.639999,80.750000,81.580002,79.730438,240230
2016-10-11,81.639999,83.120003,81.309998,81.790001,79.935669,330302
2016-10-12,81.699997,82.110001,81.370003,81.660004,79.808617,289035
2016-10-13,81.089996,81.449997,80.750000,81.300003,79.456787,292405
2016-10-14,80.599998,81.919998,80.449997,81.620003,79.769531,367846
2016-10-17,81.400002,81.419998,80.750000,80.839996,79.007202,280293
2016-10-18,81.190002,81.529999,81.059998,81.360001,79.515411,320976
2016-10-19,81.389999,81.400002,80.820000,81.080002,79.241768,310956
2016-10-20,81.410004,81.410004,80.230003,80.800003,78.968117,540681
2016-10-21,81.019997,81.660004,80.449997,80.489998,78.665138,411063
2016-10-24,80.610001,81.019997,80.459999,80.550003,78.723785,243142
2016-10-25,80.629997,80.919998,80.250000,80.300003,78.479462,200584
2016-10-26,80.269997,80.769997,79.919998,80.500000,78.674919,265670
2016-10-27,80.480003,81.360001,80.010002,80.169998,78.352394,357898
2016-10-28,79.680000,80.550003,79.320000,80.139999,78.323082,312645
2016-10-31,79.989998,80.330002,79.779999,80.199997,78.381714,387449
2016-11-01,80.099998,80.570000,79.290001,79.400002,77.599861,307271
2016-11-02,79.000000,79.070000,78.290001,78.290001,76.515022,433330
2016-11-03,81.709999,83.250000,80.070000,81.910004,80.052956,1178853
2016-11-04,82.940002,83.970001,81.279999,81.489998,79.642464,654476
2016-11-07,82.830002,82.830002,80.559998,81.150002,79.310181,509045
2016-11-08,81.169998,81.650002,80.849998,81.029999,79.192894,380063
2016-11-09,79.750000,80.650002,78.959999,79.919998,78.108063,649528
2016-11-10,80.139999,80.279999,76.879997,77.269997,75.518135,1106016
2016-11-11,77.599998,78.370003,77.019997,77.400002,75.645203,514397
2016-11-14,77.940002,77.940002,76.709999,76.860001,75.117439,437138
2016-11-15,77.059998,78.110001,76.970001,77.750000,75.987259,455283
2016-11-16,78.000000,78.099998,76.800003,77.040001,75.293365,424533
2016-11-17,77.129997,77.440002,76.320000,77.260002,75.508369,450104
2016-11-18,77.370003,77.830002,77.019997,77.660004,75.899307,361021
2016-11-21,77.739998,77.820000,76.739998,77.430000,75.674515,293935
2016-11-22,77.620003,77.800003,76.879997,76.980003,75.234718,294327
2016-11-23,77.139999,77.489998,76.559998,76.559998,74.824242,357008
2016-11-24,76.389999,76.970001,76.379997,76.970001,75.224945,186432
2016-11-25,77.040001,77.839996,76.830002,77.589996,75.830879,270612
2016-11-28,77.480003,77.489998,76.870003,77.269997,75.518135,262762
2016-11-29,77.169998,77.489998,76.830002,77.209999,75.459503,278340
2016-11-30,76.860001,78.290001,76.830002,77.080002,75.332458,356581
2016-12-01,76.709999,76.900002,75.360001,75.669998,73.954414,445100
2016-12-02,75.320000,76.029999,75.110001,75.550003,73.837143,337986
2016-12-05,75.279999,76.809998,75.279999,75.919998,74.198753,366805
2016-12-06,75.760002,76.209999,75.489998,76.209999,74.482178,307554
2016-12-07,76.690002,76.769997,75.949997,76.730003,74.990395,344555
2016-12-08,77.010002,77.470001,76.489998,77.129997,75.381317,526258
2016-12-09,77.099998,78.900002,76.989998,78.500000,76.720253,436745
2016-12-12,78.570000,78.639999,77.900002,78.360001,76.583435,268007
2016-12-13,78.480003,79.690002,78.360001,79.349998,77.550987,336047
2016-12-14,79.120003,79.720001,78.550003,79.540001,77.736679,319118
2016-12-15,79.300003,79.699997,78.370003,79.150002,77.355522,504528
2016-12-16,79.150002,79.839996,79.150002,79.269997,77.472801,643746
2016-12-19,79.029999,80.620003,79.019997,80.620003,78.792206,365587
2016-12-20,80.599998,81.059998,80.349998,80.839996,79.007202,267744
2016-12-21,80.820000,81.029999,80.430000,80.580002,78.753105,214525
2016-12-22,80.330002,80.779999,80.129997,80.669998,78.841064,154452
2016-12-23,80.610001,80.989998,80.540001,80.820000,78.987663,186108
2016-12-27,80.970001,81.279999,80.930000,81.150002,79.310181,85478
2016-12-28,80.959999,81.110001,80.580002,81.019997,79.183121,165230
2016-12-29,80.639999,81.349998,80.639999,81.110001,79.271088,97019
2016-12-30,81.230003,81.379997,80.599998,80.599998,78.772644,132588
2017-01-02,80.699997,81.959999,80.610001,81.870003,80.013863,173115
2017-01-03,81.980003,82.000000,80.769997,81.110001,79.271088,381626
2017-01-04,81.209999,81.209999,80.370003,80.480003,78.655373,244616
2017-01-05,80.320000,80.849998,80.070000,80.800003,78.968117,227196
2017-01-06,80.309998,80.839996,80.309998,80.540001,78.714012,162129
2017-01-09,80.449997,81.040001,80.269997,80.769997,78.938789,216127
2017-01-10,80.809998,81.199997,80.480003,80.989998,79.153809,251458
2017-01-11,79.300003,80.629997,79.180000,80.279999,78.459900,508830
2017-01-12,80.110001,80.540001,79.919998,80.349998,78.528320,378633
2017-01-13,80.419998,80.739998,80.040001,80.440002,78.616272,287961
2017-01-16,80.099998,81.440002,80.059998,81.120003,79.280861,318056
2017-01-17,82.099998,82.430000,80.529999,81.290001,79.447006,619334
2017-01-18,81.320000,82.239998,80.970001,81.400002,79.554512,327983
2017-01-19,81.500000,81.709999,80.860001,81.709999,79.857483,394472
2017-01-20,81.639999,82.080002,81.230003,81.900002,80.043182,430213
2017-01-23,81.419998,82.050003,80.989998,81.660004,79.808617,270677
2017-01-24,82.050003,82.050003,81.320000,81.680000,79.828156,291506
2017-01-25,81.940002,82.250000,81.730003,82.070000,80.209320,368016
2017-01-26,82.199997,82.320000,81.389999,82.230003,80.365700,349440
2017-01-27,82.059998,83.239998,82.029999,83.000000,81.118233,413948
2017-01-30,81.739998,82.489998,81.699997,82.309998,80.443871,337746
2017-01-31,82.209999,82.599998,81.839996,81.940002,80.082275,387965
2017-02-01,82.089996,82.309998,81.410004,81.580002,79.730438,282105
2017-02-02,81.459999,82.849998,81.089996,82.550003,80.678444,302451
2017-02-03,82.480003,83.120003,82.419998,82.760002,80.883675,265930
2017-02-06,82.730003,82.860001,81.959999,82.269997,80.404785,310415
2017-02-07,82.199997,83.519997,82.099998,83.239998,81.352783,329842
2017-02-08,83.209999,84.690002,82.910004,84.419998,82.506042,354167
2017-02-09,84.779999,85.250000,84.419998,84.800003,82.877434,481054
2017-02-10,84.980003,85.019997,83.239998,83.489998,81.597130,447747
2017-02-13,83.300003,84.070000,83.199997,84.029999,82.124878,191428
2017-02-14,83.980003,84.199997,83.559998,83.620003,81.724182,195546
2017-02-15,84.070000,84.110001,83.120003,83.980003,82.076019,195857
2017-02-16,84.000000,84.379997,83.059998,83.690002,81.792595,281890
2017-02-17,83.540001,85.830002,83.519997,85.739998,83.796112,727878
2017-02-20,85.800003,85.910004,83.839996,84.320000,82.408302,427395
2017-02-21,84.080002,85.040001,84.040001,85.040001,83.111992,427239
2017-02-22,85.080002,87.400002,84.860001,86.889999,84.920044,658739
2017-02-23,86.779999,87.000000,86.330002,86.820000,84.851624,396951
2017-02-24,86.589996,87.180000,85.980003,86.519997,84.558426,458733
2017-02-27,86.519997,87.300003,86.269997,86.580002,84.617073,330625
2017-02-28,86.510002,86.650002,85.849998,86.120003,84.167503,456522
2017-03-01,86.879997,87.110001,86.430000,86.760002,84.792992,412000
2017-03-02,86.660004,86.769997,86.099998,86.639999,84.675713,304319
2017-03-03,86.330002,86.559998,85.790001,86.309998,84.353188,325952
2017-03-06,85.900002,86.730003,85.570000,86.650002,84.685486,327828
2017-03-07,86.620003,86.660004,85.730003,86.099998,84.147949,386788
2017-03-08,85.059998,85.639999,84.080002,85.589996,83.649506,749843
2017-03-09,85.459999,86.820000,85.260002,86.580002,84.617073,446414
2017-03-10,86.029999,87.000000,85.639999,86.639999,84.675713,330742
2017-03-13,86.510002,87.019997,86.239998,86.550003,84.587746,254290
2017-03-14,86.570000,87.540001,86.379997,87.480003,85.496666,359426
2017-03-15,87.540001,87.620003,86.769997,87.330002,85.350067,280310
2017-03-16,87.849998,87.949997,87.190002,87.849998,85.858276,388742
2017-03-17,87.699997,88.239998,87.150002,88.239998,86.239433,427195
2017-03-20,88.070000,88.570000,87.680000,88.120003,86.122154,266531
2017-03-21,88.250000,88.250000,87.419998,87.879997,85.887596,337986
2017-03-22,87.360001,88.540001,87.239998,87.660004,85.672592,518173
2017-03-23,87.650002,88.239998,86.930000,88.150002,86.151482,232463
2017-03-24,88.000000,88.160004,87.559998,87.730003,85.740997,249694
2017-03-27,87.389999,88.089996,87.120003,88.089996,86.092827,235928
2017-03-28,88.239998,88.610001,87.870003,88.540001,86.532631,346297
2017-03-29,88.720001,88.720001,87.930000,88.379997,86.376251,326713
2017-03-30,88.529999,88.949997,88.190002,88.500000,86.493538,210112
2017-03-31,88.279999,88.820000,87.889999,88.730003,86.718323,410433
2017-04-03,89.400002,89.809998,88.980003,89.190002,87.167900,339512
2017-04-04,89.209999,89.709999,89.190002,89.489998,87.461090,269093
2017-04-05,89.489998,89.919998,89.019997,89.510002,87.480644,343939
2017-04-06,89.099998,89.919998,89.099998,89.830002,87.793388,275111
2017-04-07,89.580002,90.250000,89.430000,90.250000,88.203857,274792
2017-04-10,90.629997,90.900002,89.760002,90.879997,88.819572,263326
2017-04-11,90.919998,91.330002,90.209999,90.550003,88.497063,297185
2017-04-12,90.459999,91.389999,90.309998,91.169998,89.103012,276516
2017-04-13,91.169998,91.959999,91.050003,91.709999,89.630760,289895
2017-04-18,91.889999,92.309998,90.690002,90.690002,88.633888,345720
2017-04-19,90.330002,90.900002,89.959999,90.470001,88.418877,428726
2017-04-20,90.330002,91.360001,90.129997,90.769997,88.712067,407966
2017-04-21,90.239998,90.279999,89.160004,89.470001,88.121124,464020
2017-04-24,90.400002,91.320000,90.279999,91.279999,89.903839,318995
2017-04-25,91.489998,91.650002,90.370003,90.410004,89.046951,305110
2017-04-26,90.220001,91.349998,90.150002,91.070000,89.696999,350147
2017-04-27,91.300003,91.730003,90.989998,91.190002,89.815193,417895
2017-04-28,91.250000,91.650002,91.040001,91.339996,89.962929,381789
2017-05-02,91.690002,91.919998,91.129997,91.919998,90.534187,370256
2017-05-03,91.739998,92.199997,91.529999,91.650002,90.268257,347054
2017-05-04,92.000000,92.699997,91.680000,92.669998,91.272873,436956
2017-05-05,92.360001,93.589996,92.360001,93.589996,92.179001,312459
2017-05-08,93.440002,94.010002,93.080002,93.470001,92.060822,267978
2017-05-09,93.400002,94.180000,93.330002,94.180000,92.760117,241328
2017-05-10,93.830002,94.470001,93.410004,94.260002,92.838913,271633
2017-05-11,94.129997,94.760002,93.879997,94.150002,92.730568,272156
2017-05-12,94.589996,94.820000,93.800003,94.699997,93.272270,279841
2017-05-15,95.110001,95.150002,94.250000,94.449997,93.026039,221566
2017-05-16,94.419998,94.559998,93.769997,94.279999,92.858604,337039
2017-05-17,93.750000,94.419998,93.239998,93.360001,91.952477,296815
2017-05-18,93.610001,94.110001,92.220001,92.250000,90.859215,508002
2017-05-19,92.169998,93.230003,92.169998,93.059998,91.656998,555029
2017-05-22,93.300003,94.129997,93.110001,94.070000,92.651772,246547
2017-05-23,93.660004,94.400002,93.660004,94.260002,92.838913,188008
2017-05-24,93.000000,94.239998,92.860001,94.019997,92.602524,232977
2017-05-25,94.250000,94.699997,93.650002,94.309998,92.888153,139726
2017-05-26,94.339996,94.489998,93.919998,94.440002,93.016197,161089
2017-05-29,94.180000,94.580002,93.989998,94.570000,93.144234,90532
2017-05-30,94.650002,94.650002,93.800003,94.570000,93.144234,225261
2017-05-31,94.559998,95.839996,94.559998,95.599998,94.158699,367710
2017-06-01,95.769997,96.379997,95.510002,95.919998,94.473877,270154
2017-06-02,96.110001,96.760002,95.970001,96.599998,95.143631,269866
2017-06-05,96.599998,96.599998,96.599998,96.599998,95.143631,0
2017-06-06,96.430000,96.739998,95.900002,96.059998,94.611771,254311
2017-06-07,96.099998,96.959999,95.680000,96.360001,94.907249,305066
2017-06-08,96.199997,96.750000,95.489998,95.580002,94.139008,307868
2017-06-09,95.570000,96.739998,95.379997,96.290001,94.838310,314909
2017-06-12,95.980003,96.000000,94.879997,95.440002,94.001122,300186
2017-06-13,95.589996,95.660004,94.550003,94.779999,93.351067,398860
2017-06-14,95.000000,96.620003,94.860001,96.309998,94.858002,406097
2017-06-15,96.300003,96.300003,95.180000,95.779999,94.335991,339606
2017-06-16,95.940002,97.040001,95.860001,97.010002,95.547447,561874
2017-06-19,97.379997,97.750000,97.190002,97.510002,96.039909,216462
2017-06-20,97.730003,98.489998,97.250000,97.250000,95.783829,350550
2017-06-21,97.099998,97.290001,96.330002,96.419998,94.966339,269662
2017-06-22,96.430000,96.970001,96.209999,96.269997,94.818596,213818
2017-06-23,96.419998,96.570000,95.620003,96.010002,94.562531,286010
2017-06-26,96.430000,97.589996,96.279999,97.290001,95.823227,250051
2017-06-27,97.050003,97.099998,95.639999,95.790001,94.345840,308755
2017-06-28,95.370003,95.720001,94.629997,95.080002,93.646545,361694
2017-06-29,95.339996,95.449997,91.989998,92.019997,90.632675,500007
2017-06-30,92.029999,92.790001,91.720001,92.040001,90.652374,450571
2017-07-03,92.500000,92.550003,91.360001,91.790001,90.406151,248884
2017-07-04,91.730003,91.989998,91.290001,91.440002,90.061424,217975
2017-07-05,91.440002,92.000000,90.860001,91.599998,90.219009,286648
2017-07-06,91.489998,91.489998,89.669998,90.559998,89.194687,447096
2017-07-07,91.500000,91.500000,90.279999,90.540001,89.174995,328884
2017-07-10,91.099998,91.860001,90.430000,91.809998,90.425842,378742
2017-07-11,91.769997,92.059998,91.180000,91.440002,90.061424,363228
2017-07-12,91.449997,93.099998,91.419998,92.809998,91.410767,402237
2017-07-13,92.620003,93.410004,92.199997,93.300003,91.893387,374577
2017-07-14,93.379997,93.959999,92.800003,93.400002,91.991875,247269
2017-07-17,93.500000,93.660004,92.860001,93.250000,91.844131,241658
2017-07-18,93.260002,94.389999,92.680000,92.760002,91.361526,379600
2017-07-19,93.870003,93.879997,93.230003,93.529999,92.119911,290909
2017-07-20,94.089996,94.330002,92.809998,93.470001,92.060822,377600
2017-07-21,93.199997,94.070000,92.050003,92.150002,90.760719,472101
2017-07-24,92.339996,92.500000,91.559998,91.690002,90.307655,307370
2017-07-25,91.870003,92.290001,91.400002,91.570000,90.189461,224148
2017-07-26,91.699997,93.150002,91.699997,92.339996,90.947845,302055
2017-07-27,92.309998,93.309998,92.000000,92.889999,91.489563,284981
2017-07-28,92.320000,92.320000,91.129997,91.809998,90.425842,266421
2017-07-31,91.589996,93.620003,91.589996,92.699997,91.302429,620695
2017-08-01,92.599998,93.220001,92.349998,92.839996,91.440315,409733
2017-08-02,92.889999,93.239998,91.809998,92.040001,90.652374,461501
2017-08-03,91.970001,91.970001,88.900002,90.400002,89.037102,760735
2017-08-04,90.160004,90.639999,89.790001,90.550003,89.184845,446760
2017-08-07,90.739998,90.830002,90.089996,90.389999,89.027252,335132
2017-08-08,90.379997,90.459999,89.540001,90.220001,88.859818,333464
2017-08-09,89.669998,89.860001,89.230003,89.699997,88.347656,282860
2017-08-10,89.639999,89.639999,88.199997,88.580002,87.244537,383137
2017-08-11,88.550003,89.250000,88.320000,88.809998,87.471069,308655
2017-08-14,89.209999,89.690002,88.900002,89.510002,88.160522,209317
2017-08-15,89.750000,90.260002,89.389999,89.690002,88.337807,189513
2017-08-16,90.089996,90.180000,89.589996,89.690002,88.337807,175944
2017-08-17,89.570000,90.110001,89.389999,89.500000,88.150665,254942
2017-08-18,89.000000,89.339996,88.650002,89.230003,87.884750,303988
2017-08-21,88.940002,88.959999,88.209999,88.449997,87.116501,239942
2017-08-22,88.989998,89.680000,88.989998,89.629997,88.278709,216246
2017-08-23,89.610001,89.790001,89.239998,89.349998,88.002930,173945
2017-08-24,89.300003,89.760002,89.190002,89.190002,87.845345,169070
2017-08-25,89.290001,89.300003,88.620003,88.750000,87.411972,164475
2017-08-28,88.389999,88.889999,87.910004,88.610001,87.274094,145084
2017-08-29,88.919998,89.199997,87.849998,88.540001,87.205147,352047
2017-08-30,89.129997,89.129997,88.480003,88.680000,87.343033,256083
2017-08-31,89.050003,89.680000,88.750000,89.680000,88.327957,335628
2017-09-01,89.739998,90.349998,89.389999,89.790001,88.436302,254968
2017-09-04,89.389999,89.959999,89.279999,89.769997,88.416595,183197
2017-09-05,89.879997,90.709999,89.510002,89.849998,88.495392,366208
2017-09-06,89.339996,90.870003,89.160004,90.529999,89.165146,369478
2017-09-07,91.000000,91.500000,90.540001,91.250000,89.874283,292279
2017-09-08,91.059998,91.599998,91.000000,91.599998,90.219009,163151
2017-09-11,92.089996,92.690002,91.739998,92.690002,91.292580,328040
2017-09-12,92.860001,92.860001,91.760002,92.080002,90.691780,270085
2017-09-13,91.849998,92.330002,91.570000,92.320000,90.928154,250483
2017-09-14,92.279999,92.540001,91.910004,92.339996,90.947845,272860
2017-09-15,92.529999,92.589996,91.919998,92.209999,90.819817,476265
2017-09-18,92.680000,92.709999,91.900002,92.330002,90.938004,169514
2017-09-19,92.290001,92.330002,91.730003,92.080002,90.691780,193001
2017-09-20,91.820000,92.279999,91.559998,91.699997,90.317497,252224
2017-09-21,91.870003,91.870003,90.250000,90.419998,89.056801,332347
2017-09-22,90.959999,91.230003,90.099998,90.730003,89.362129,400487
2017-09-25,90.739998,91.779999,90.489998,91.720001,90.337196,250601
2017-09-26,91.610001,92.010002,91.070000,92.010002,90.622826,268394
2017-09-27,92.349998,92.349998,91.070000,91.089996,89.716690,386832
2017-09-28,91.220001,91.339996,90.360001,90.839996,89.470467,332279
2017-09-29,90.650002,91.269997,90.410004,91.029999,89.657600,409241
2017-10-02,91.180000,91.620003,91.040001,91.339996,89.962929,381471
2017-10-03,91.339996,91.339996,91.339996,91.339996,89.962929,0
2017-10-04,90.900002,91.349998,90.820000,91.260002,89.884132,463409
2017-10-05,91.190002,91.739998,90.279999,91.699997,90.317497,321625
2017-10-06,91.500000,91.639999,90.489998,90.529999,89.165146,262362
2017-10-09,90.500000,91.120003,90.389999,90.930000,89.559113,304439
2017-10-10,91.279999,91.860001,91.129997,91.550003,90.169762,221200
2017-10-11,91.830002,92.050003,91.610001,91.970001,90.583435,204552
2017-10-12,91.949997,92.860001,91.949997,92.730003,91.331978,266923
2017-10-13,92.699997,93.970001,92.699997,93.860001,92.444939,383283
2017-10-16,94.050003,94.430000,93.680000,93.989998,92.572975,393678
2017-10-17,94.769997,94.769997,93.500000,93.500000,92.090370,336525
2017-10-18,93.400002,94.629997,93.050003,94.209999,92.789658,345689
2017-10-19,95.000000,95.050003,92.849998,93.080002,91.676697,535455
2017-10-20,93.419998,93.449997,91.870003,92.019997,90.632675,356377
2017-10-23,92.220001,92.639999,91.959999,92.000000,90.612976,290869
2017-10-24,91.959999,92.029999,91.099998,91.099998,89.726547,384330
2017-10-25,90.800003,91.279999,90.459999,90.959999,89.588661,468883
2017-10-26,94.190002,96.660004,93.500000,96.440002,94.986046,1758107
2017-10-27,97.309998,97.589996,95.940002,96.370003,94.917099,652855
2017-10-30,96.510002,96.849998,95.690002,96.300003,94.848160,399691
2017-10-31,96.300003,96.300003,96.300003,96.300003,94.848160,0
2017-11-01,97.139999,98.820000,96.959999,98.160004,96.680115,519659
2017-11-02,98.220001,98.330002,96.790001,97.050003,95.586845,442972
2017-11-03,97.599998,98.080002,97.230003,97.879997,96.404327,376684
2017-11-06,97.849998,98.239998,97.410004,97.599998,96.128555,352850
2017-11-07,98.099998,98.220001,96.660004,96.989998,95.527748,403997
2017-11-08,97.169998,98.580002,97.040001,98.370003,96.886948,510261
2017-11-09,98.500000,98.709999,97.309998,97.820000,96.345230,458683
2017-11-10,97.879997,98.089996,97.339996,97.410004,95.941422,377651
2017-11-13,97.739998,98.120003,96.500000,96.820000,95.360313,363681
2017-11-14,97.000000,97.150002,96.050003,96.629997,95.173172,388306
2017-11-15,96.230003,97.080002,95.760002,96.419998,94.966339,453934
2017-11-16,96.669998,97.089996,96.370003,96.849998,95.389854,327266
2017-11-17,96.699997,97.250000,96.400002,96.550003,95.094383,390882
2017-11-20,95.989998,97.820000,95.919998,97.750000,96.276291,391402
2017-11-21,97.500000,98.309998,97.000000,98.190002,96.709663,301355
2017-11-22,98.089996,98.580002,97.129997,97.360001,95.892166,334234
2017-11-23,96.730003,97.790001,96.459999,97.660004,96.187653,241039
2017-11-24,98.300003,98.360001,96.970001,97.199997,95.734573,215234
2017-11-27,97.129997,97.500000,96.779999,96.930000,95.468658,316195
2017-11-28,96.989998,98.930000,96.800003,98.459999,96.975586,376325
2017-11-29,99.019997,99.320000,98.129997,98.379997,96.896790,379761
2017-11-30,99.940002,100.599998,98.889999,99.989998,98.482513,985009
2017-12-01,100.199997,100.349998,98.290001,98.570000,97.083931,514197
2017-12-04,99.900002,100.599998,98.779999,100.300003,98.787849,364160
2017-12-05,100.650002,101.150002,99.870003,100.800003,99.280312,351101
2017-12-06,100.099998,100.699997,99.379997,100.650002,99.132568,350979
2017-12-07,100.800003,101.599998,100.300003,101.599998,100.068245,337947
2017-12-08,102.000000,102.000000,100.550003,101.050003,99.526543,380280
2017-12-11,101.449997,101.449997,100.099998,100.400002,98.886345,248626
2017-12-12,100.650002,100.800003,100.000000,100.800003,99.280312,325409
2017-12-13,100.599998,100.699997,100.000000,100.000000,98.492371,225619
2017-12-14,100.000000,100.199997,99.519997,99.599998,98.098404,381697
2017-12-15,99.070000,99.720001,98.669998,99.510002,98.009758,706414
2017-12-18,100.000000,101.349998,99.989998,101.099998,99.575783,358971
2017-12-19,100.800003,101.050003,100.300003,100.599998,99.083321,283860
2017-12-20,100.599998,100.599998,98.500000,99.000000,97.507446,388894
2017-12-21,99.070000,99.070000,97.980003,98.629997,97.143028,381529
2017-12-22,98.250000,99.129997,98.250000,98.410004,96.926346,226461
2017-12-27,98.180000,98.830002,98.150002,98.639999,97.152878,195293
2017-12-28,98.500000,98.510002,97.360001,97.620003,96.148254,211913
2017-12-29,97.419998,98.230003,97.260002,97.900002,96.424034,177499
2018-01-02,97.699997,97.699997,95.760002,96.199997,94.749657,385905
2018-01-03,96.180000,97.099998,96.099998,96.680000,95.222420,274044
2018-01-04,97.160004,98.160004,96.800003,98.059998,96.581619,457445
2018-01-05,98.239998,99.480003,98.019997,99.279999,97.783226,332758
2018-01-08,100.000000,100.699997,98.199997,100.300003,98.787849,813959
2018-01-09,101.150002,101.150002,99.080002,100.050003,98.541618,597879
2018-01-10,99.739998,99.739998,97.440002,98.019997,96.542221,466041
2018-01-11,97.919998,98.680000,97.599998,97.680000,96.207344,462888
2018-01-12,97.919998,97.919998,95.800003,96.500000,95.045135,404460
2018-01-15,96.419998,96.940002,95.980003,96.739998,95.281509,216587
2018-01-16,96.959999,97.320000,96.419998,96.680000,95.222420,291876
2018-01-17,96.660004,97.879997,96.540001,97.160004,95.695190,391204
2018-01-18,97.160004,97.379997,96.300003,97.080002,95.616394,300715
2018-01-19,96.959999,97.820000,96.760002,97.540001,96.069458,353148
2018-01-22,97.699997,97.980003,97.220001,97.459999,95.990662,263525
2018-01-23,98.000000,98.339996,97.459999,97.800003,96.325539,318950
2018-01-24,97.800003,97.820000,96.559998,96.559998,95.104225,310205
2018-01-25,96.139999,96.879997,94.599998,95.040001,93.607155,378055
2018-01-26,94.879997,95.800003,94.760002,95.320000,93.882927,282002
2018-01-29,95.199997,95.540001,94.879997,95.360001,93.922325,287579
2018-01-30,94.779999,96.139999,94.739998,95.680000,94.237503,495014
2018-01-31,95.680000,96.500000,95.419998,95.500000,94.060219,414011
2018-02-01,96.000000,96.139999,94.760002,95.019997,93.587440,390262
2018-02-02,94.720001,94.919998,93.919998,94.779999,93.351067,488572
2018-02-05,94.239998,94.279999,93.160004,93.160004,91.755501,360893
2018-02-06,90.900002,92.639999,90.699997,91.320000,89.943230,691712
2018-02-07,91.779999,93.220001,91.339996,92.900002,91.499413,488261
2018-02-08,92.339996,92.699997,90.519997,90.699997,89.332581,371520
2018-02-09,91.000000,92.099998,90.320000,90.660004,89.293190,527755
2018-02-12,91.500000,92.180000,90.959999,91.900002,90.514496,288132
2018-02-13,91.820000,91.860001,90.919998,91.040001,89.667450,238154
2018-02-14,91.699997,91.980003,90.099998,91.580002,90.199318,350674
2018-02-15,92.000000,92.160004,90.540001,91.220001,89.844742,575588
2018-02-16,91.500000,92.900002,91.440002,92.480003,91.085747,377145
2018-02-19,92.760002,92.839996,91.660004,91.940002,90.553886,227673
2018-02-20,91.879997,92.680000,91.540001,91.919998,90.534187,298911
2018-02-21,91.500000,91.820000,90.760002,90.959999,89.588661,360670
2018-02-22,90.459999,90.620003,89.339996,90.220001,88.859818,886100
2018-02-23,90.580002,91.879997,90.120003,91.879997,90.494781,468376
2018-02-26,92.419998,93.360001,92.260002,92.820000,91.420616,386628
2018-02-27,93.000000,93.300003,90.300003,90.339996,88.978004,512807
2018-02-28,90.000000,90.820000,89.800003,90.120003,88.761322,409136
2018-03-01,87.680000,88.120003,85.120003,86.080002,84.782227,1441509
2018-03-02,85.519997,87.180000,85.400002,86.680000,85.373184,924069
2018-03-05,86.099998,88.120003,85.559998,87.739998,86.417206,690928
2018-03-06,87.080002,87.980003,86.699997,87.540001,86.220222,539015
2018-03-07,87.440002,87.959999,87.019997,87.419998,86.102028,423416
2018-03-08,87.139999,89.480003,87.080002,89.099998,87.756699,549594
2018-03-09,89.019997,90.500000,88.540001,89.779999,88.426445,477792
2018-03-12,90.540001,90.580002,89.059998,89.540001,88.190071,228214
2018-03-13,89.519997,89.599998,87.379997,87.940002,86.614189,389326
2018-03-14,87.559998,88.080002,87.199997,87.500000,86.180817,383785
2018-03-15,87.739998,88.000000,86.760002,87.459999,86.141426,468065
2018-03-16,87.900002,88.260002,87.220001,87.279999,85.964142,619272
2018-03-19,87.099998,88.000000,86.160004,87.720001,86.397507,496482
2018-03-20,88.120003,88.120003,86.379997,86.980003,85.668663,340954
2018-03-21,87.220001,87.599998,86.620003,86.919998,85.609566,292149
2018-03-22,86.120003,87.379997,85.860001,87.260002,85.944443,540545
2018-03-23,86.660004,87.459999,86.320000,86.900002,85.589874,520489
2018-03-26,87.199997,87.639999,86.300003,86.500000,85.195900,376422
2018-03-27,87.500000,87.500000,86.599998,87.379997,86.062630,339624
2018-03-28,87.019997,90.459999,86.879997,90.459999,89.096191,620824
2018-03-29,90.339996,92.160004,90.019997,92.019997,90.632675,592643
2018-04-03,91.099998,91.879997,90.459999,90.459999,89.096191,508350
2018-04-04,90.639999,91.739998,89.760002,91.699997,90.317497,457108
2018-04-05,92.760002,93.599998,92.040001,93.599998,92.188850,446890
2018-04-06,93.160004,93.459999,92.339996,92.980003,91.578201,362741
2018-04-09,93.480003,93.680000,92.639999,93.199997,91.794884,280669
2018-04-10,93.139999,93.559998,92.339996,92.760002,91.361526,343550
2018-04-11,92.440002,92.820000,91.919998,92.260002,90.869064,218073
2018-04-12,92.160004,92.620003,91.120003,92.580002,91.184235,326371
2018-04-13,93.019997,93.160004,91.599998,93.160004,91.755501,356749
2018-04-16,92.959999,93.120003,92.279999,92.639999,91.243332,267813
2018-04-17,92.839996,93.639999,92.040001,93.300003,91.893387,389674
2018-04-18,93.199997,93.480003,92.580002,93.059998,91.656998,279870
2018-04-19,92.739998,92.879997,91.940002,92.440002,91.046349,401604
2018-04-20,92.580002,92.720001,91.980003,92.379997,90.987251,411826
2018-04-23,92.059998,92.180000,91.099998,91.879997,90.494781,409018
2018-04-24,91.599998,93.419998,91.599998,92.459999,91.066040,502321
2018-04-25,92.199997,92.800003,91.800003,92.339996,90.947845,492138
2018-04-26,91.800003,93.040001,91.300003,92.900002,92.198341,367984
2018-04-27,93.059998,94.419998,93.059998,94.260002,93.548073,283759
2018-04-30,94.199997,94.620003,93.919998,93.919998,93.210632,397328
2018-05-02,94.019997,94.639999,93.419998,93.739998,93.031990,448258
2018-05-03,93.820000,94.260002,93.300003,94.099998,93.389275,320608
2018-05-04,94.059998,94.660004,94.040001,94.320000,93.607613,316602
2018-05-07,94.160004,95.000000,94.019997,94.480003,93.766411,351726
2018-05-08,94.820000,97.379997,94.720001,97.080002,96.346771,753119
2018-05-09,97.000000,97.379997,96.220001,97.339996,96.604797,462884
2018-05-10,97.239998,97.820000,96.940002,97.519997,96.783440,255205
2018-05-11,97.300003,97.739998,96.900002,97.099998,96.366615,381816
2018-05-14,96.900002,97.500000,96.879997,97.220001,96.485710,282067
2018-05-15,97.000000,97.660004,96.559998,97.199997,96.465858,313602
2018-05-16,97.000000,97.599998,96.800003,97.459999,96.723900,246452
2018-05-17,97.139999,98.300003,97.040001,98.160004,97.418617,276605
2018-05-18,98.160004,98.620003,97.800003,98.120003,97.378914,358469
2018-05-21,98.120003,98.120003,98.120003,98.120003,97.378914,0
2018-05-22,98.279999,99.059998,97.519997,98.639999,97.894981,386708
2018-05-23,98.339996,98.699997,97.900002,98.519997,97.775887,333519
2018-05-24,98.120003,99.559998,98.120003,98.400002,97.656799,339380
2018-05-25,98.480003,99.760002,98.320000,99.239998,98.490456,372595
2018-05-28,99.379997,99.699997,99.180000,99.239998,98.490456,195469
2018-05-29,98.900002,100.000000,98.779999,99.260002,98.510307,418278
2018-05-30,99.279999,99.980003,98.680000,99.160004,98.411064,310818
2018-05-31,99.160004,99.580002,97.620003,98.260002,97.517860,544577
2018-06-01,98.459999,98.980003,97.900002,98.040001,97.299515,395533
2018-06-04,98.699997,99.000000,98.260002,98.400002,97.656799,261944
2018-06-05,98.300003,99.660004,98.000000,98.500000,97.756042,369030
2018-06-06,98.260002,98.459999,96.940002,97.199997,96.465858,288770
2018-06-07,97.500000,97.739998,96.599998,97.160004,96.426170,313924
2018-06-08,96.440002,98.220001,96.199997,98.000000,97.259819,318820
2018-06-11,98.480003,99.180000,97.879997,98.120003,97.378914,259075
2018-06-12,98.839996,99.040001,97.980003,98.239998,97.498001,273743
2018-06-13,98.379997,99.339996,98.139999,99.220001,98.470604,237478
2018-06-14,98.779999,99.739998,97.699997,99.360001,98.609550,528251
2018-06-15,99.400002,100.900002,99.059998,100.699997,99.939423,781680
2018-06-18,100.550003,100.550003,98.639999,98.800003,98.053780,367104
2018-06-19,99.699997,100.050003,98.480003,99.300003,98.550003,450462
2018-06-20,99.459999,99.940002,99.139999,99.480003,98.728645,369819
2018-06-21,99.580002,100.300003,93.239998,93.900002,93.190788,1474612
2018-06-22,92.940002,94.540001,91.900002,93.419998,92.714409,843681
2018-06-25,93.099998,94.599998,93.040001,93.180000,92.476227,567861
2018-06-26,93.839996,96.300003,93.519997,95.239998,94.520660,775695
2018-06-27,95.260002,96.480003,94.779999,95.839996,95.116127,452891
2018-06-28,95.779999,96.959999,95.199997,95.839996,95.116127,409773
2018-06-29,96.680000,97.699997,96.320000,97.239998,96.505554,438463
2018-07-02,96.379997,97.680000,96.139999,97.199997,96.465858,360487
2018-07-03,97.839996,98.260002,97.360001,97.459999,96.723900,272722
2018-07-04,97.540001,97.779999,96.940002,97.300003,96.565109,184315
2018-07-05,97.180000,97.480003,96.300003,97.019997,96.287216,378315
2018-07-06,97.239998,97.440002,96.239998,96.739998,96.009331,291879
2018-07-09,96.860001,97.260002,96.180000,96.779999,96.049034,267482
2018-07-10,96.739998,97.720001,96.360001,97.379997,96.644501,246541
2018-07-11,96.839996,99.239998,96.720001,98.739998,97.994225,467273
2018-07-12,98.779999,100.449997,98.419998,100.250000,99.492828,506472
2018-07-13,100.599998,100.599998,99.360001,99.500000,98.748489,347806
2018-07-16,99.400002,99.800003,98.379997,99.139999,98.391205,238145
2018-07-17,99.019997,99.540001,98.400002,99.300003,98.550003,286545
2018-07-18,99.500000,99.940002,98.879997,99.059998,98.311813,230487
2018-07-19,98.779999,99.620003,98.199997,99.379997,98.629395,238637
2018-07-20,99.120003,100.400002,99.120003,100.050003,99.294342,455329
2018-07-23,99.739998,100.000000,98.900002,99.059998,98.311813,188725
2018-07-24,99.400002,99.480003,98.220001,98.620003,97.875137,271193
2018-07-25,98.559998,98.839996,98.199997,98.459999,97.716347,268433
2018-07-26,98.699997,99.260002,98.300003,99.139999,98.391205,327785
2018-07-27,99.000000,99.220001,97.220001,99.220001,98.470604,436115
2018-07-30,98.900002,99.720001,98.779999,98.839996,98.093468,208881
2018-07-31,98.779999,99.940002,98.599998,99.599998,98.847733,253243
2018-08-01,99.820000,100.250000,98.940002,99.279999,98.530151,445760
2018-08-02,98.959999,99.779999,98.900002,99.459999,98.708794,324128
2018-08-03,99.720001,100.650002,99.320000,100.599998,99.840179,256505
2018-08-06,100.900002,102.000000,100.300003,100.400002,99.641693,439687
2018-08-07,98.099998,103.250000,97.360001,99.660004,98.907288,861713
2018-08-08,100.000000,100.500000,98.739998,98.839996,98.093468,545016
2018-08-09,98.820000,99.320000,97.559998,98.540001,97.795738,384708
2018-08-10,98.120003,98.620003,97.220001,97.760002,97.021637,302976
2018-08-13,98.059998,98.519997,97.599998,98.160004,97.418617,267515
2018-08-14,98.400002,100.199997,98.400002,99.580002,98.827888,364401
2018-08-15,99.900002,100.150002,98.059998,98.080002,97.339218,306237
2018-08-16,98.419998,98.779999,97.699997,98.639999,97.894981,321197
2018-08-17,98.820000,99.260002,98.000000,98.500000,97.756042,272931
2018-08-20,98.739998,99.680000,98.400002,99.320000,98.569847,298304
2018-08-21,99.099998,99.919998,98.760002,99.040001,98.291962,274971
2018-08-22,98.839996,100.150002,98.839996,99.300003,98.550003,244263
2018-08-23,99.320000,101.099998,99.300003,100.699997,99.939423,392437
2018-08-24,100.750000,100.849998,99.720001,100.300003,99.542450,261799
2018-08-27,100.849998,101.250000,100.000000,100.550003,99.790565,200349
2018-08-28,100.699997,101.500000,100.599998,101.099998,100.336403,234475
2018-08-29,101.300003,101.699997,100.849998,101.349998,100.584518,161800
2018-08-30,101.199997,102.050003,100.949997,101.750000,100.981499,240302
2018-08-31,100.099998,100.949997,99.279999,100.300003,99.542450,410061
2018-09-03,100.250000,100.699997,100.000000,100.500000,99.740936,181969
2018-09-04,100.800003,101.000000,99.400002,99.900002,99.145470,298094
2018-09-05,99.519997,99.879997,98.139999,98.519997,97.775887,404779
2018-09-06,98.400002,98.660004,97.419998,97.419998,96.684196,394894
2018-09-07,97.260002,98.339996,96.760002,97.959999,97.220123,329057
2018-09-10,97.980003,98.860001,97.800003,98.540001,97.795738,226581
2018-09-11,98.699997,98.699997,97.739998,98.519997,97.775887,301784
2018-09-12,98.680000,99.019997,98.139999,98.620003,97.875137,343616
2018-09-13,98.779999,99.080002,98.220001,98.419998,97.676643,261844
2018-09-14,98.500000,98.639999,97.900002,98.080002,97.339218,278198
2018-09-17,97.820000,98.360001,97.419998,98.040001,97.299515,209018
2018-09-18,97.900002,98.220001,97.440002,97.440002,96.704048,382094
2018-09-19,97.320000,97.480003,96.440002,96.599998,95.870392,277752
2018-09-20,96.500000,97.400002,95.900002,97.300003,96.565109,329877
2018-09-21,97.379997,98.620003,96.940002,98.599998,97.855286,629994
2018-09-24,98.239998,98.339996,96.699997,97.000000,96.267372,299232
2018-09-25,96.919998,97.500000,96.459999,96.900002,96.168129,361763
2018-09-26,97.180000,97.459999,96.760002,97.279999,96.545258,253960
2018-09-27,97.000000,97.919998,96.599998,97.639999,96.902534,254742
2018-09-28,97.500000,97.739998,96.639999,97.180000,96.446014,355941
2018-10-01,97.139999,97.879997,96.980003,97.760002,97.021637,229836
2018-10-02,97.279999,97.559998,96.480003,97.080002,96.346771,301823
2018-10-04,96.519997,96.980003,94.900002,95.080002,94.361877,401089
2018-10-05,95.379997,95.580002,93.919998,94.080002,93.369431,311242
2018-10-08,93.699997,94.379997,93.519997,93.760002,93.051849,252799
2018-10-09,94.040001,94.040001,93.019997,93.519997,92.813652,298717
2018-10-10,93.379997,93.699997,91.339996,91.459999,90.769211,398364
2018-10-11,90.860001,91.139999,89.459999,89.620003,88.943115,506078
2018-10-12,90.000000,90.160004,89.080002,89.620003,88.943115,545670
2018-10-15,89.000000,89.980003,88.739998,89.879997,89.201149,334163
2018-10-16,89.980003,91.139999,89.680000,90.800003,90.114204,367323
2018-10-17,91.279999,92.099998,90.680000,91.779999,91.086800,505832
2018-10-18,91.800003,93.180000,91.099998,92.379997,91.682266,469220
2018-10-19,92.120003,94.059998,91.480003,93.519997,92.813652,516962
2018-10-22,93.860001,94.120003,93.440002,93.800003,93.091545,415410
2018-10-23,93.139999,94.099998,92.959999,93.339996,92.635010,595414
2018-10-24,93.339996,94.779999,92.919998,93.500000,92.793808,406729
2018-10-25,93.019997,94.620003,92.680000,94.500000,93.786255,456961
2018-10-26,93.779999,93.900002,92.120003,92.980003,92.277740,527018
2018-10-29,93.000000,93.239998,92.120003,92.860001,92.158646,507163
2018-10-30,91.000000,91.139999,88.940002,90.820000,90.134048,1058040
2018-10-31,91.699997,92.040001,90.639999,91.400002,90.709671,658506
2018-11-01,91.279999,92.199997,91.279999,91.660004,90.967705,409099
2018-11-02,92.440002,92.480003,91.639999,91.760002,91.066948,348110
2018-11-05,91.599998,92.220001,91.400002,91.599998,90.908157,401565
2018-11-06,91.720001,91.760002,90.940002,91.660004,90.967705,358688
2018-11-07,90.980003,91.839996,89.779999,90.279999,89.598129,493101
2018-11-08,90.580002,90.800003,89.699997,90.680000,89.995110,318087
2018-11-09,90.300003,92.040001,90.300003,91.779999,91.086800,451480
2018-11-12,92.099998,92.379997,91.099998,91.239998,90.550873,290902
2018-11-13,91.320000,92.220001,91.260002,92.220001,91.523476,399336
2018-11-14,91.919998,93.120003,91.480003,91.879997,91.186043,415628
2018-11-15,92.360001,93.680000,91.459999,91.599998,90.908157,446227
2018-11-16,92.160004,93.519997,91.660004,93.239998,92.535767,383092
2018-11-19,93.580002,93.580002,91.839996,92.019997,91.324982,236508
2018-11-20,91.900002,93.540001,91.879997,92.720001,92.019699,513790
2018-11-21,93.379997,93.660004,92.519997,93.580002,92.873207,320588
2018-11-22,93.540001,94.059998,92.699997,92.739998,92.039543,254143
2018-11-23,92.720001,93.540001,92.220001,93.459999,92.754112,183732
2018-11-26,93.680000,94.320000,92.680000,92.940002,92.238037,262761
2018-11-27,93.260002,94.180000,93.139999,93.779999,93.071693,435872
2018-11-28,94.000000,94.419998,93.239998,94.000000,93.290031,229421
2018-11-29,94.160004,94.660004,93.139999,94.000000,93.290031,285481
2018-11-30,94.180000,94.980003,93.800003,94.540001,93.825951,431020
2018-12-03,95.000000,95.000000,93.120003,93.760002,93.051849,466905
2018-12-04,93.699997,95.660004,93.699997,95.139999,94.421417,428256
2018-12-05,94.300003,94.800003,94.099998,94.419998,93.706856,263941
2018-12-06,93.599998,94.440002,92.120003,92.480003,91.781517,640953
2018-12-07,92.620003,95.000000,92.540001,94.239998,93.528214,405569
2018-12-10,93.680000,94.180000,92.519997,92.580002,91.880760,423169
2018-12-11,92.839996,94.260002,92.500000,93.900002,93.190788,385821
2018-12-12,94.220001,94.980003,94.220001,94.440002,93.726707,296896
2018-12-13,94.040001,95.120003,93.660004,94.779999,94.064140,344947
2018-12-14,93.919998,94.620003,93.239998,93.699997,92.992294,315622
2018-12-17,93.519997,93.519997,91.839996,92.480003,91.781517,377177
2018-12-18,92.500000,92.500000,91.599998,92.059998,91.364677,413120
2018-12-19,92.279999,93.059998,91.980003,93.059998,92.357132,438777
2018-12-20,92.480003,93.180000,92.040001,92.760002,92.059395,365041
2018-12-21,92.879997,92.940002,91.300003,92.739998,92.039543,786151
2018-12-27,92.379997,92.879997,89.839996,90.559998,89.876007,400756
2018-12-28,91.080002,91.519997,90.639999,91.160004,90.471481,171410
2019-01-02,90.940002,92.239998,90.800003,91.860001,91.166191,271413
2019-01-03,91.300003,91.639999,90.360001,91.360001,90.669968,231211
2019-01-04,91.940002,92.320000,91.120003,92.180000,91.483780,283410
2019-01-07,92.260002,92.279999,90.620003,91.279999,90.590576,269388
2019-01-08,90.639999,91.940002,90.379997,90.680000,89.995110,550498
2019-01-09,90.699997,91.239998,89.540001,90.260002,89.578278,470538
2019-01-10,89.580002,90.660004,89.339996,90.639999,89.955406,308417
2019-01-11,90.839996,91.320000,90.080002,90.480003,89.796623,357870
2019-01-14,88.400002,89.279999,87.959999,88.320000,87.652931,650830
2019-01-15,88.760002,88.760002,87.339996,88.180000,87.513992,639679
2019-01-16,88.180000,89.199997,87.139999,88.339996,87.672775,645789
2019-01-17,88.260002,88.419998,87.419998,88.099998,87.434593,697182
2019-01-18,87.919998,88.480003,87.360001,88.339996,87.672775,713673
2019-01-21,88.000000,88.620003,87.500000,87.959999,87.295647,363679
2019-01-22,87.559998,88.000000,86.779999,86.820000,86.164261,388155
2019-01-23,87.139999,87.279999,86.580002,86.639999,85.985619,459353
2019-01-24,86.699997,86.760002,85.519997,85.519997,84.874077,538968
2019-01-25,85.199997,85.519997,84.820000,85.199997,84.556496,880510
2019-01-28,84.760002,85.879997,84.599998,85.839996,85.191658,521915
2019-01-29,85.839996,87.580002,85.779999,87.139999,86.481842,465910
2019-01-30,87.459999,87.839996,87.160004,87.339996,86.680328,416728
2019-01-31,87.300003,87.419998,86.320000,87.300003,86.640640,461328
2019-02-01,87.339996,87.540001,86.500000,87.500000,86.839127,484338
2019-02-04,87.500000,88.540001,87.279999,88.540001,87.871269,447621
2019-02-05,88.480003,90.800003,88.220001,90.599998,89.915710,545517
2019-02-06,90.260002,90.459999,89.699997,89.760002,89.082054,318556
2019-02-07,89.239998,90.080002,89.000000,89.000000,88.327797,374214
2019-02-08,88.839996,89.400002,88.639999,88.779999,88.109459,405659
2019-02-11,89.000000,89.760002,88.800003,89.660004,88.982811,331045
2019-02-12,90.000000,91.120003,89.959999,91.120003,90.431786,479547
2019-02-13,91.480003,91.839996,90.760002,91.599998,90.908157,429233
2019-02-14,91.860001,92.160004,91.160004,91.480003,90.789070,394551
2019-02-15,91.620003,92.080002,91.199997,91.620003,90.928009,339571
2019-02-18,91.680000,92.379997,91.620003,92.120003,91.424232,206911
2019-02-19,91.919998,92.239998,91.320000,91.400002,90.709671,336994
2019-02-20,91.459999,91.900002,91.139999,91.540001,90.848610,543152
2019-02-21,91.919998,92.760002,91.620003,92.440002,91.741814,323443
2019-02-22,92.519997,92.519997,91.180000,91.419998,90.729515,347221
2019-02-25,91.519997,91.879997,90.760002,90.800003,90.114204,379779
2019-02-26,90.339996,91.300003,90.220001,90.900002,90.213448,440687
2019-02-27,81.279999,83.680000,81.000000,81.980003,81.360817,2619061
2019-02-28,81.120003,81.680000,80.599998,81.559998,80.943985,1452715
2019-03-01,82.300003,83.540001,81.180000,83.360001,82.730392,1083753
2019-03-04,83.400002,83.760002,82.519997,83.500000,82.869339,608391
2019-03-05,83.500000,85.080002,83.199997,85.000000,84.358009,695620
2019-03-06,84.900002,85.320000,84.400002,84.800003,84.159523,572323
2019-03-07,84.680000,86.760002,84.500000,86.419998,85.767281,673094
2019-03-08,85.900002,86.839996,85.639999,86.120003,85.469551,412850
2019-03-11,86.199997,86.300003,84.639999,85.000000,84.358009,351740
2019-03-12,85.339996,85.699997,84.720001,85.559998,84.913773,316214
2019-03-13,85.500000,86.500000,85.360001,85.720001,85.072571,377456
2019-03-14,85.940002,86.980003,85.760002,86.860001,86.203957,444210
2019-03-15,87.000000,87.519997,86.500000,87.000000,86.342903,761932
2019-03-18,87.000000,87.580002,86.800003,87.459999,86.799423,338663
2019-03-19,87.339996,87.959999,87.160004,87.339996,86.680328,378157
2019-03-20,89.099998,89.099998,88.320000,88.559998,87.891113,691753
2019-03-21,88.419998,89.959999,88.279999,89.739998,89.062202,464391
2019-03-22,90.000000,90.339996,89.019997,89.860001,89.181297,651119
2019-03-25,89.620003,90.699997,89.620003,90.519997,89.836311,558176
2019-03-26,90.599998,92.680000,90.599998,91.720001,91.027252,685834
2019-03-27,91.639999,92.419998,91.419998,91.760002,91.066948,513892
2019-03-28,91.620003,92.779999,91.519997,92.199997,91.503624,355955
2019-03-29,91.839996,92.980003,91.839996,92.739998,92.039543,453325
2019-04-01,93.500000,94.480003,93.279999,93.639999,92.932747,670967
2019-04-02,93.580002,93.900002,93.220001,93.220001,92.515923,367408
2019-04-03,93.800003,93.800003,92.239998,93.059998,92.357132,499057
2019-04-04,93.000000,93.559998,92.860001,93.379997,92.674713,249111
2019-04-05,93.260002,93.500000,92.820000,93.339996,92.635010,277094
2019-04-08,93.220001,93.779999,93.040001,93.500000,92.793808,281785
2019-04-09,93.580002,94.400002,93.519997,94.279999,93.567917,397570
2019-04-10,94.440002,94.980003,93.879997,94.800003,94.083992,327340
2019-04-11,94.500000,94.980003,94.199997,94.500000,93.786255,281831
2019-04-12,94.360001,95.040001,93.500000,93.660004,92.952606,407541
2019-04-15,93.320000,93.639999,92.879997,93.220001,92.515923,397539
2019-04-16,93.500000,93.559998,91.760002,92.080002,91.384537,590881
2019-04-17,92.239998,92.800003,90.919998,92.680000,91.980003,484171
2019-04-18,92.440002,93.599998,92.400002,93.120003,93.120003,362838
2019-04-23,92.940002,94.040001,92.760002,93.839996,93.839996,278878
2019-04-24,93.599998,93.720001,92.519997,93.360001,93.360001,426023
2019-04-25,93.000000,94.019997,92.980003,93.739998,93.739998,401908
2019-04-26,93.540001,94.559998,92.760002,94.559998,94.559998,453072
2019-04-29,94.500000,94.540001,93.699997,94.080002,94.080002,417908
2019-04-30,97.000000,98.860001,95.860001,97.440002,97.440002,954742
2019-05-02,97.400002,98.099998,96.839996,97.800003,97.800003,556606
2019-05-03,97.220001,98.860001,97.220001,98.480003,98.480003,533144
2019-05-06,97.580002,98.739998,97.360001,98.620003,98.620003,282209
2019-05-07,98.980003,99.459999,97.820000,98.239998,98.239998,470067
2019-05-08,97.379997,98.820000,97.279999,98.400002,98.400002,447051
2019-05-09,98.400002,99.199997,98.120003,98.279999,98.279999,357597
2019-05-10,98.660004,99.000000,98.239998,98.400002,98.400002,382505
2019-05-13,98.540001,99.220001,98.120003,99.139999,99.139999,348839
2019-05-14,99.879997,99.900002,98.820000,99.559998,99.559998,530754
2019-05-15,99.379997,100.650002,99.339996,100.199997,100.199997,561381
2019-05-16,100.050003,102.250000,100.050003,102.199997,102.199997,454890
2019-05-17,102.099998,102.400002,101.650002,102.300003,102.300003,300821
2019-05-20,102.150002,102.550003,100.449997,101.300003,101.300003,358705
2019-05-21,101.000000,101.250000,99.820000,100.099998,100.099998,564422
2019-05-22,99.500000,101.550003,99.360001,101.199997,101.199997,396543
2019-05-23,100.800003,102.500000,100.500000,102.050003,102.050003,580525
2019-05-24,102.150002,103.750000,101.800003,102.949997,102.949997,545253
2019-05-27,103.300003,104.000000,103.000000,103.500000,103.500000,249039
2019-05-28,103.949997,103.949997,102.650002,103.250000,103.250000,365595
2019-05-29,103.750000,103.750000,101.900002,102.300003,102.300003,443401
2019-05-30,102.699997,104.750000,102.199997,104.000000,104.000000,346345
2019-05-31,103.550003,104.000000,102.599998,103.050003,103.050003,499219
2019-06-03,103.000000,104.400002,103.000000,104.400002,104.400002,468067
2019-06-04,104.000000,104.800003,103.250000,103.400002,103.400002,445537
2019-06-05,103.199997,104.599998,102.900002,104.599998,104.599998,312667
2019-06-06,103.599998,104.949997,103.550003,104.500000,104.500000,506079
2019-06-07,105.000000,106.000000,104.750000,105.449997,105.449997,369179
2019-06-11,106.000000,106.250000,105.199997,105.800003,105.800003,310200
2019-06-12,105.599998,107.500000,105.599998,107.099998,107.099998,350395
2019-06-13,106.650002,107.400002,106.650002,107.250000,107.250000,368340
2019-06-14,106.699997,107.150002,106.150002,106.949997,106.949997,446245
2019-06-17,106.949997,107.800003,106.550003,107.500000,107.500000,377190
2019-06-18,107.949997,108.500000,106.849998,107.800003,107.800003,499915
2019-06-19,107.500000,107.599998,106.250000,106.750000,106.750000,505042
2019-06-20,107.150002,108.050003,106.699997,106.900002,106.900002,553547
2019-06-21,107.000000,107.150002,106.150002,106.599998,106.599998,877186
2019-06-24,106.699997,107.250000,106.150002,107.000000,107.000000,369348
2019-06-25,106.599998,107.599998,106.150002,106.150002,106.150002,402181
2019-06-26,105.699997,106.500000,104.150002,104.300003,104.300003,652522
2019-06-27,104.099998,104.849998,103.250000,104.199997,104.199997,390262
2019-06-28,104.949997,105.699997,104.699997,105.550003,105.550003,468142
2019-07-01,106.300003,106.550003,105.300003,106.150002,106.150002,440543
2019-07-02,106.750000,108.050003,106.750000,108.050003,108.050003,420107
2019-07-03,108.349998,109.349998,108.349998,108.550003,108.550003,403141
2019-07-04,108.650002,108.800003,107.599998,108.150002,108.150002,322249
2019-07-05,108.000000,108.349998,106.750000,107.349998,107.349998,308813
2019-07-08,106.900002,107.949997,106.900002,107.500000,107.500000,234436
2019-07-09,107.449997,107.849998,106.400002,106.650002,106.650002,457857
2019-07-10,106.750000,107.050003,105.699997,106.550003,106.550003,472785
2019-07-11,106.500000,107.050003,105.699997,106.199997,106.199997,315709
